Time (ps),Backbone
0.0,1.998883104748014e-06
20.0,0.6693814623934367
40.0,0.7072648073853159
60.0,0.7518855199618394
80.0,0.7729431738637905
100.0,0.8067044478864985
120.0,0.821193488170742
140.0,0.8602880922093985
160.0,0.8625678523421028
180.0,0.8535571311836146
200.0,0.8773753009015458
220.0,0.9098984308573522
240.0,0.8998799428785507
260.0,0.9540006984549294
280.0,0.9133475689555313
300.0,0.9183534934959332
320.0,0.9531494845437142
340.0,0.9736488772777862
360.0,0.9476809177808991
380.0,0.9670218242423775
400.0,1.0143244151969597
420.0,1.0078576987944492
440.0,0.9758351038501573
460.0,0.987338590662077
480.0,1.0306396428881066
500.0,1.0275263293670016
520.0,1.0173345347252236
540.0,1.0189019928589607
560.0,1.0432527887632648
580.0,0.9937706461782906
600.0,0.9967317339389047
620.0,1.019794334410965
640.0,1.03862979344497
660.0,1.0480370513769162
680.0,1.0179737995755194
700.0,1.0255365693030283
720.0,1.0300020571745871
740.0,1.0522651108951757
760.0,1.024094533810129
780.0,1.0460620103983065
800.0,1.0301647640802116
820.0,1.039933809461831
840.0,1.0552421340083458
860.0,1.032165710098823
880.0,1.0319232324827645
900.0,1.0528152390820804
920.0,1.0329286941643676
940.0,1.0253665503128855
960.0,1.0384124170848394
980.0,1.02364663135974
1000.0,1.0295365137087165
1020.0,1.0195212140446819
1040.0,1.051465025172409
1060.0,1.070367975571698
1080.0,1.0542016610374543
1100.0,1.0195387095171087
1120.0,1.0428065870378005
1140.0,1.0365000926974686
1160.0,1.0533911280281973
1180.0,1.0403959486999244
1200.0,1.0591244878179729
1220.0,1.0321467415533057
1240.0,1.0289009356545487
1260.0,1.0393345986615328
1280.0,1.0106068649170226
1300.0,1.0485859710378354
1320.0,1.02675531068883
1340.0,1.046303777686447
1360.0,1.029822939647899
1380.0,1.0145824428954222
1400.0,1.0224298042166322
1420.0,1.0177955204417783
1440.0,1.0548863752654671
1460.0,1.0531105273702688
1480.0,1.0452167861959034
1500.0,1.0169682886550289
1520.0,1.0435305056837203
1540.0,1.0292210612773298
1560.0,1.0544298871174502
1580.0,1.0585438164176462
1600.0,1.0456084060404651
1620.0,1.0212633506137374
1640.0,1.0351052384694746
1660.0,1.0580057393374993
1680.0,1.0331199412260952
1700.0,1.0559590829764867
1720.0,1.0502893261223636
1740.0,1.0305105154575245
1760.0,1.0573923245193753
1780.0,1.041116587220585
1800.0,1.0591756378808102
1820.0,1.0357994876710381
1840.0,1.0338214584140344
1860.0,1.035145284277006
1880.0,1.0458735376480477
1900.0,1.0483994527170795
1920.0,1.079698113631788
1940.0,1.0380710597656808
1960.0,1.058818764757046
1980.0,1.0603500859685515
2000.0,1.067432187635494
2020.0,1.1062311246461567
2040.0,1.0812470870896522
2060.0,1.099813224790412
2080.0,1.0657310579969446
2100.0,1.0818249729368263
2120.0,1.0910301621897953
2140.0,1.0779934157628897
2160.0,1.0521318851649912
2180.0,1.0908529293708535
2200.0,1.0750907519972357
2220.0,1.0946493893169789
2240.0,1.0780529229860256
2260.0,1.070772754079971
2280.0,1.079199480108828
2300.0,1.096916029645201
2320.0,1.065109021558622
2340.0,1.1017902380612865
2360.0,1.0760580476990278
2380.0,1.0790754066177057
2400.0,1.0698328093144762
2420.0,1.0829582922665884
2440.0,1.0778434114640252
2460.0,1.0647360495760392
2480.0,1.0767723856951632
2500.0,1.0693348469771873
2520.0,1.0882585672492384
2540.0,1.0867698603971272
2560.0,1.0609122407303926
2580.0,1.052521957529311
2600.0,1.070963217603162
2620.0,1.0472748827470095
2640.0,1.054362828097777
2660.0,1.052816727853257
2680.0,1.076670801121156
2700.0,1.0585363359745532
2720.0,1.0770510390437034
2740.0,1.0824932220571437
2760.0,1.086556807845221
2780.0,1.0893188301705181
2800.0,1.0836203538905202
2820.0,1.0775833888171136
2840.0,1.0437667952744563
2860.0,1.0743356685839958
2880.0,1.0872206926492431
2900.0,1.0511813439757764
2920.0,1.0630334904071348
2940.0,1.0671615103440322
2960.0,1.0729569669542451
2980.0,1.0837583719876056
3000.0,1.0582602536271113
3020.0,1.0564063302220714
3040.0,1.0622236878052667
3060.0,1.0606277060501526
3080.0,1.078495100648814
3100.0,1.0755861073735864
3120.0,1.0876457987069772
3140.0,1.0528424783867982
3160.0,1.105350029095796
3180.0,1.0678753579638482
3200.0,1.0783178396956816
3220.0,1.0725056390562886
3240.0,1.0888489246214559
3260.0,1.0601594148935019
3280.0,1.0613833413162037
3300.0,1.0786876547065338
3320.0,1.0750883802877549
3340.0,1.0718595043827928
3360.0,1.0569445367323658
3380.0,1.0739171045278624
3400.0,1.0791213478232224
3420.0,1.120502595514483
3440.0,1.083280954001938
3460.0,1.153184771515623
3480.0,1.108380766160645
3500.0,1.0845829912478526
3520.0,1.0980652752061075
3540.0,1.0979786593871064
3560.0,1.1091583574548882
3580.0,1.0959088399151615
3600.0,1.0836346270237067
3620.0,1.0690364155392804
3640.0,1.0954133307585476
3660.0,1.1005395856108284
3680.0,1.0883758301786033
3700.0,1.0977478936093064
3720.0,1.0986805179034453
3740.0,1.1016408803658262
3760.0,1.1019253177510324
3780.0,1.10465274002326
3800.0,1.089786822736429
3820.0,1.0805435267722798
3840.0,1.1269593178552477
3860.0,1.1015871135689541
3880.0,1.0717492432980253
3900.0,1.0812203747461444
3920.0,1.116687180311382
3940.0,1.1102328482288428
3960.0,1.1002640738921496
3980.0,1.0988179485979899
4000.0,1.0968285131567135
4020.0,1.101392046179938
4040.0,1.137134068734989
4060.0,1.072298971751356
4080.0,1.1271479243594213
4100.0,1.1034056316987566
4120.0,1.1025573698194095
4140.0,1.0939339633396028
4160.0,1.1129698479658827
4180.0,1.0776479637578202
4200.0,1.0811637386335704
4220.0,1.0979515547075116
4240.0,1.0890517765210261
4260.0,1.0912043431037384
4280.0,1.0800693667731058
4300.0,1.1084825308298671
4320.0,1.0792093930033595
4340.0,1.0853460605369127
4360.0,1.1164564462045172
4380.0,1.1142379768745418
4400.0,1.125566342331874
4420.0,1.1075799819122303
4440.0,1.1134430344369761
4460.0,1.1148270151095931
4480.0,1.101041098990016
4500.0,1.1142198137457666
4520.0,1.1188561954767897
4540.0,1.1213966119492176
4560.0,1.1121009642304147
4580.0,1.1078408821788461
4600.0,1.1204716035083027
4620.0,1.1032361037610205
4640.0,1.1181580828281608
4660.0,1.10970476011486
4680.0,1.0882726309683468
4700.0,1.135150206070933
4720.0,1.1157791918340503
4740.0,1.1060297161313937
4760.0,1.1062713899443384
4780.0,1.1039299580747748
4800.0,1.1505449795683076
4820.0,1.1090138980387778
4840.0,1.1084393241340387
4860.0,1.1329952993598866
4880.0,1.1342876979106093
4900.0,1.1312878840251415
4920.0,1.1285548074646456
4940.0,1.1205426579364708
4960.0,1.1336129827325307
4980.0,1.1010161543598058
5000.0,1.1102206878552887
5020.0,1.1144311303137038
5040.0,1.1479669237955312
5060.0,1.1145775491057694
5080.0,1.1154508094925133
5100.0,1.1312624317544797
5120.0,1.1354136582484782
5140.0,1.1246450894310978
5160.0,1.1238926587127507
5180.0,1.1158690763316204
5200.0,1.1392868959260447
5220.0,1.135203138999136
5240.0,1.144957456136654
5260.0,1.143018577441479
5280.0,1.134590160767966
5300.0,1.1479138589141054
5320.0,1.1239731685287497
5340.0,1.1284471537010694
5360.0,1.15372308020161
5380.0,1.1546717339649206
5400.0,1.1259276664228481
5420.0,1.1324762662833352
5440.0,1.1243685601734763
5460.0,1.1484060611851228
5480.0,1.1439933940321871
5500.0,1.1213915679291777
5520.0,1.1405050629101159
5540.0,1.1250335444070307
5560.0,1.1190732177045133
5580.0,1.129444535334362
5600.0,1.1185267292627759
5620.0,1.1109041201138352
5640.0,1.1336550841619937
5660.0,1.1324059904454493
5680.0,1.1095815154078066
5700.0,1.1335136217371309
5720.0,1.1447182140831138
5740.0,1.1452353435059746
5760.0,1.126016818622116
5780.0,1.138426173240875
5800.0,1.105265330629253
5820.0,1.1071129744871078
5840.0,1.1478162310354034
5860.0,1.123244307589581
5880.0,1.1207161310602531
5900.0,1.1506578147395183
5920.0,1.1503936044636456
5940.0,1.120220751508216
5960.0,1.1519879800672175
5980.0,1.1434394292453278
6000.0,1.1319670645952635
6020.0,1.128581556561824
6040.0,1.1218413666793758
6060.0,1.1168572777001018
6080.0,1.1289162759350826
6100.0,1.1415782830533496
6120.0,1.1439673889832542
6140.0,1.1687465056054336
6160.0,1.1419923894769966
6180.0,1.1333832682944716
6200.0,1.1532743641570926
6220.0,1.1406481763720453
6240.0,1.1479358321565654
6260.0,1.1433137132838063
6280.0,1.1100160909204744
6300.0,1.15217702071004
6320.0,1.1493957044103766
6340.0,1.1470517840659762
6360.0,1.1305170226766366
6380.0,1.161758287630175
6400.0,1.1405914228779837
6420.0,1.1201496724794349
6440.0,1.151198758110756
6460.0,1.1563988199346464
6480.0,1.157017455812637
6500.0,1.1146875874348798
6520.0,1.1414634390709484
6540.0,1.1520754848864874
6560.0,1.139546801356475
6580.0,1.1429910197870758
6600.0,1.1708714743427278
6620.0,1.137053470479199
6640.0,1.1554539894222617
6660.0,1.1613074793579776
6680.0,1.1313096620815808
6700.0,1.1412623287915915
6720.0,1.1178590080989677
6740.0,1.1586487281405486
6760.0,1.1288400450704474
6780.0,1.1327619375838642
6800.0,1.1581154263035804
6820.0,1.1179761836777997
6840.0,1.1299654427535681
6860.0,1.1328202393187674
6880.0,1.1577525202432748
6900.0,1.1663410735966722
6920.0,1.1442539269537921
6940.0,1.1238391959911693
6960.0,1.137619911552166
6980.0,1.1628926366725456
7000.0,1.16243719842727
7020.0,1.153276126001076
7040.0,1.1284651318152943
7060.0,1.1670819524768485
7080.0,1.1498920933980514
7100.0,1.1608347514472153
7120.0,1.1573549517207617
7140.0,1.1418412270969365
7160.0,1.1433783392834833
7180.0,1.1372903013972422
7200.0,1.1290751665473449
7220.0,1.1188451996951974
7240.0,1.1301798974293291
7260.0,1.1272223132305328
7280.0,1.1703139877727837
7300.0,1.128980882212493
7320.0,1.1405187188740795
7340.0,1.1109793102687011
7360.0,1.1321271036312097
7380.0,1.1586416081451956
7400.0,1.1591341324758913
7420.0,1.1254255723959556
7440.0,1.1613746777875178
7460.0,1.1366153656474949
7480.0,1.150488984178998
7500.0,1.145323591297805
7520.0,1.1602002230272277
7540.0,1.1261917078949497
7560.0,1.1421675611864395
7580.0,1.1425117395543547
7600.0,1.1278460580853251
7620.0,1.1428065581750815
7640.0,1.1591144215742153
7660.0,1.134255917661126
7680.0,1.1600941766688806
7700.0,1.1397982555906754
7720.0,1.1339789986750555
7740.0,1.1242319648499093
7760.0,1.143545417138589
7780.0,1.1324337007764465
7800.0,1.1450844716365114
7820.0,1.178781875332636
7840.0,1.1620728477769422
7860.0,1.143264064866053
7880.0,1.1436686596241505
7900.0,1.1723581968277408
7920.0,1.1722835901953694
7940.0,1.1444836720016254
7960.0,1.172370999962826
7980.0,1.1662850863086605
8000.0,1.1548553021155616
8020.0,1.165083071689557
8040.0,1.160155714364117
8060.0,1.1664104894645506
8080.0,1.1473061633053812
8100.0,1.157197062102769
8120.0,1.1673959198115234
8140.0,1.1824592396202576
8160.0,1.1861734456490205
8180.0,1.151524443138844
8200.0,1.173026022167993
8220.0,1.1726920467162907
8240.0,1.163336085353924
8260.0,1.1866283266070035
8280.0,1.1587292141080359
8300.0,1.1752202500748852
8320.0,1.1692030720999955
8340.0,1.1784226150562165
8360.0,1.1652404513027188
8380.0,1.1685646782010908
8400.0,1.186290877211291
8420.0,1.1550718912339974
8440.0,1.1648187050466559
8460.0,1.1922641810757515
8480.0,1.1881984979348799
8500.0,1.1796067786727973
8520.0,1.1723703583149874
8540.0,1.1668663696016808
8560.0,1.192589066092833
8580.0,1.1855627622757225
8600.0,1.198541561731107
8620.0,1.191556256160847
8640.0,1.1540910319156539
8660.0,1.163258647252208
8680.0,1.1629630579890544
8700.0,1.1812259682591508
8720.0,1.193871783616055
8740.0,1.1428962545269672
8760.0,1.2078539175319896
8780.0,1.1826927951961315
8800.0,1.1729842237930372
8820.0,1.186216116318943
8840.0,1.2028788115162048
8860.0,1.1679559792197842
8880.0,1.1941187169644172
8900.0,1.1831092995600836
8920.0,1.191326918602784
8940.0,1.208794147263387
8960.0,1.175233009113869
8980.0,1.202876498667884
9000.0,1.186258258230266
9020.0,1.1696432599647553
9040.0,1.1811313946362059
9060.0,1.19875443680966
9080.0,1.1795484554436104
9100.0,1.1800888657578803
9120.0,1.1798519356090393
9140.0,1.1914284476726726
9160.0,1.1769877586989295
9180.0,1.1753812944347666
9200.0,1.1652981731054763
9220.0,1.1595960770076088
9240.0,1.1785921403017907
9260.0,1.162063759951224
9280.0,1.1300844851722094
9300.0,1.1497953067197444
9320.0,1.1472860345035072
9340.0,1.1666105260195512
9360.0,1.199761170255026
9380.0,1.1738643927736596
9400.0,1.1828456270851408
9420.0,1.1702632838421165
9440.0,1.151816218000473
9460.0,1.146982975165766
9480.0,1.1679620503627646
9500.0,1.1636602045969195
9520.0,1.1618310099484346
9540.0,1.1487915005108307
9560.0,1.1730741531447058
9580.0,1.166885358742127
9600.0,1.1711772458887095
9620.0,1.176911822392474
9640.0,1.1754770780235384
9660.0,1.1547462068234124
9680.0,1.1801196257741309
9700.0,1.1348913549493356
9720.0,1.1855960765922051
9740.0,1.1348193451602555
9760.0,1.1719981880070385
9780.0,1.1710087388355757
9800.0,1.1570174992211455
9820.0,1.1639915126995284
9840.0,1.1587512136064342
9860.0,1.150377939253879
9880.0,1.1816529662405957
9900.0,1.1733542444534995
9920.0,1.1943136181188962
9940.0,1.1762799277370473
9960.0,1.1679377206362782
9980.0,1.1896185709507456
10000.0,1.1680959205000383
10020.0,1.1704165842354428
10040.0,1.1668163277004928
10060.0,1.16274407857408
10080.0,1.168657400729991
10100.0,1.1729353495339112
10120.0,1.167017036146241
10140.0,1.173234603762998
10160.0,1.166645257109727
10180.0,1.1529906396319052
10200.0,1.1560183960642763
10220.0,1.1687390115739726
10240.0,1.1619744983169462
10260.0,1.1782530227048198
10280.0,1.1719375594973565
10300.0,1.1894618665491168
10320.0,1.1617841137102365
10340.0,1.1686216172160808
10360.0,1.1748445978423445
10380.0,1.1870984107651092
10400.0,1.1867262048174356
10420.0,1.188257210145623
10440.0,1.178605181963039
10460.0,1.164245795385488
10480.0,1.1517369771771513
10500.0,1.1805234255899117
10520.0,1.172845331393144
10540.0,1.1691337916994085
10560.0,1.1524778315908348
10580.0,1.1716507413654138
10600.0,1.1543749743932248
10620.0,1.174937781918226
10640.0,1.176046245730556
10660.0,1.154637219958291
10680.0,1.217332407319188
10700.0,1.156651200351847
10720.0,1.1669180633530833
10740.0,1.181883860725986
10760.0,1.1646687593104808
10780.0,1.1623740867559118
10800.0,1.1826106051775083
10820.0,1.1588295117180807
10840.0,1.1924656857868512
10860.0,1.1812514010942972
10880.0,1.186430877260859
10900.0,1.1793808665826115
10920.0,1.1597523025914862
10940.0,1.1619925632786063
10960.0,1.1868811384856717
10980.0,1.186373464001461
11000.0,1.18014935235791
11020.0,1.1832786355145128
11040.0,1.1652705954980627
11060.0,1.1638545279995858
11080.0,1.1852215701028286
11100.0,1.1860270586644488
11120.0,1.172977406126558
11140.0,1.1638711176156762
11160.0,1.1741481277941264
11180.0,1.2094766508527655
11200.0,1.1848051152858705
11220.0,1.1939511423898277
11240.0,1.1724520689237923
11260.0,1.1872808017320584
11280.0,1.1681197879964142
11300.0,1.1848779329155785
11320.0,1.1760951826645643
11340.0,1.1630672182214459
11360.0,1.137265918061959
11380.0,1.1629400352703796
11400.0,1.185967583069444
11420.0,1.1721476006510971
11440.0,1.1629797782470115
11460.0,1.174189397104962
11480.0,1.1637457257959436
11500.0,1.1814709522827431
11520.0,1.1496027348904396
11540.0,1.2223997806088234
11560.0,1.2076906452000222
11580.0,1.1774107873888886
11600.0,1.176505676237711
11620.0,1.1639277892204118
11640.0,1.1747732724639344
11660.0,1.1788250259957491
11680.0,1.1703700846732945
11700.0,1.1561110052799288
11720.0,1.1357664537633483
11740.0,1.1745018972610628
11760.0,1.175739703375368
11780.0,1.1769782050871922
11800.0,1.1482365848808946
11820.0,1.1668902445368985
11840.0,1.183876023598746
11860.0,1.165847103773605
11880.0,1.1758128728902255
11900.0,1.1981599776359613
11920.0,1.1893897234860071
11940.0,1.162180640170516
11960.0,1.191088835398489
11980.0,1.1548064498045232
12000.0,1.170807096178812
12020.0,1.1705937635421095
12040.0,1.190086717080564
12060.0,1.1820199645282639
12080.0,1.1517073659520392
12100.0,1.1777911606367317
12120.0,1.1655558616543051
12140.0,1.1790296323903657
12160.0,1.202808219047497
12180.0,1.2069865762449483
12200.0,1.1998137108422358
12220.0,1.1695392931603044
12240.0,1.1578136579687104
12260.0,1.1562595109667628
12280.0,1.2030239336734974
12300.0,1.19950982788858
12320.0,1.2000395964315989
12340.0,1.2118000975140502
12360.0,1.2146888061514531
12380.0,1.2039029063137825
12400.0,1.1948496529246153
12420.0,1.1630949155832673
12440.0,1.188813783369803
12460.0,1.1726706770552777
12480.0,1.1703783874865115
12500.0,1.168212154948899
12520.0,1.194547685663335
12540.0,1.1694677176428376
12560.0,1.1509436003240339
12580.0,1.199977105544284
12600.0,1.1811021930949523
12620.0,1.1849281656978152
12640.0,1.167529901697184
12660.0,1.2025591658816532
12680.0,1.1913511117940212
12700.0,1.1869003739179644
12720.0,1.2102716579880746
12740.0,1.183645575907723
12760.0,1.188769727990413
12780.0,1.1486425488815106
12800.0,1.1716437925726542
12820.0,1.1997388167731813
12840.0,1.168308366592179
12860.0,1.1961899385975636
12880.0,1.1691617497562876
12900.0,1.1655457700427259
12920.0,1.1740536675085718
12940.0,1.198350932744666
12960.0,1.1676495396002486
12980.0,1.176553961779991
13000.0,1.1879092790560142
13020.0,1.2351726911150882
13040.0,1.1762472550611176
13060.0,1.194732000140961
13080.0,1.1769642188401015
13100.0,1.1915926172422229
13120.0,1.1701325652103625
13140.0,1.1972030013166581
13160.0,1.1847747264795958
13180.0,1.185295287594738
13200.0,1.17309776442557
13220.0,1.194677944956917
13240.0,1.16100942950591
13260.0,1.2021233261643947
13280.0,1.1851375353603333
13300.0,1.1802803882852646
13320.0,1.1992138386107687
13340.0,1.1928760277064332
13360.0,1.1616709553689772
13380.0,1.186601638150615
13400.0,1.1924775540336388
13420.0,1.1792413891096403
13440.0,1.173180384020707
13460.0,1.1777879207326285
13480.0,1.199650056319465
13500.0,1.190074067052569
13520.0,1.1712914986388971
13540.0,1.195893119904452
13560.0,1.1828321667109727
13580.0,1.1948400664536063
13600.0,1.222780891273865
13620.0,1.1897313566965722
13640.0,1.209467558926118
13660.0,1.2066808609233284
13680.0,1.1866914694482462
13700.0,1.2175737527116814
13720.0,1.1907169983889214
13740.0,1.2137653131961008
13760.0,1.1701344079075884
13780.0,1.1868822510746793
13800.0,1.189573404569338
13820.0,1.1981099709976029
13840.0,1.1776830696696838
13860.0,1.1777080264578752
13880.0,1.188894963626118
13900.0,1.1729255493119648
13920.0,1.19602728958377
13940.0,1.2196703912413809
13960.0,1.1951041356511072
13980.0,1.2012639523775333
14000.0,1.1884984435676558
14020.0,1.1737796315111098
14040.0,1.173831525163567
14060.0,1.2188476902894483
14080.0,1.1961121648397883
14100.0,1.1977221850353674
14120.0,1.2042119197535412
14140.0,1.1669849346557069
14160.0,1.1844485217251255
14180.0,1.2038850715414484
14200.0,1.1771424922668907
14220.0,1.2071662013523925
14240.0,1.1874632156211453
14260.0,1.1896408777114746
14280.0,1.2099571957237962
14300.0,1.2277908985744779
14320.0,1.2152963016551723
14340.0,1.1996279106169843
14360.0,1.2063684035796427
14380.0,1.23185920038034
14400.0,1.2113973477990727
14420.0,1.170869480178547
14440.0,1.1990188573730252
14460.0,1.229201335530459
14480.0,1.20058453578248
14500.0,1.224011187875214
14520.0,1.2193794999781031
14540.0,1.2026655741380896
14560.0,1.2220259208613193
14580.0,1.2021404759213556
14600.0,1.2123634985170237
14620.0,1.1865662629408908
14640.0,1.1988568728508664
14660.0,1.2312038201002116
14680.0,1.2135082539263882
14700.0,1.2016080778547638
14720.0,1.2041364757887456
14740.0,1.1983841219758966
14760.0,1.1832989508767915
14780.0,1.1651247841171628
14800.0,1.2018842508689516
14820.0,1.1899368448298902
14840.0,1.1893711464490995
14860.0,1.2091467156222555
14880.0,1.2125985185450683
14900.0,1.19634345911301
14920.0,1.1986611878168685
14940.0,1.1726224960347227
14960.0,1.1971773842259608
14980.0,1.1919998231685425
15000.0,1.1949680066187591
15020.0,1.2172187044289595
15040.0,1.2248116547683991
15060.0,1.193285830747477
15080.0,1.2052894831428564
15100.0,1.213757097480779
15120.0,1.2195866928380787
15140.0,1.2011685798107956
15160.0,1.2236034701103888
15180.0,1.2045670393074872
15200.0,1.1609208967908173
15220.0,1.2201782467593494
15240.0,1.182504135529124
15260.0,1.2237732172481188
15280.0,1.2014578473531359
15300.0,1.2281677460343405
15320.0,1.185209200007721
15340.0,1.2096270802415081
15360.0,1.206007129875001
15380.0,1.2252995859869213
15400.0,1.2090390207688717
15420.0,1.1982921049387019
15440.0,1.198851761384979
15460.0,1.214042057282079
15480.0,1.2171891859547874
15500.0,1.22477099900818
15520.0,1.1812893339457025
15540.0,1.1872373909842795
15560.0,1.228145124007118
15580.0,1.1813327778936076
15600.0,1.2229911400746893
15620.0,1.1951657756023788
15640.0,1.1641913978499467
15660.0,1.1966017690856916
15680.0,1.189807289618268
15700.0,1.2235386350056914
15720.0,1.196027853232883
15740.0,1.203591912786658
15760.0,1.206231983272577
15780.0,1.1935020616516212
15800.0,1.1845098184326839
15820.0,1.2120534791593067
15840.0,1.2134384268108638
15860.0,1.1909339208801357
15880.0,1.1851137210426417
15900.0,1.1916506526911586
15920.0,1.187475414115736
15940.0,1.1764618467173593
15960.0,1.1814298766008204
15980.0,1.186775547076965
16000.0,1.1987791024066194
16020.0,1.211860129139357
16040.0,1.1766506749428034
16060.0,1.184963162138001
16080.0,1.2111309176052436
16100.0,1.1949773287102032
16120.0,1.2011113545487153
16140.0,1.2273003895228705
16160.0,1.1806559207206015
16180.0,1.2110582671597558
16200.0,1.2199507083787293
16220.0,1.199974789448783
16240.0,1.2070013363430963
16260.0,1.2259321128873963
16280.0,1.2038963397562814
16300.0,1.2046825700650021
16320.0,1.2072091157978626
16340.0,1.1775532328415064
16360.0,1.1888625916323747
16380.0,1.1851031338515976
16400.0,1.2033727557054203
16420.0,1.2023458876865871
16440.0,1.1926953156280313
16460.0,1.1887281431108478
16480.0,1.2053794693892281
16500.0,1.2006410466909034
16520.0,1.218829050589805
16540.0,1.1953966949550787
16560.0,1.180502607477212
16580.0,1.2126814973687403
16600.0,1.2092790937236162
16620.0,1.1944290724092672
16640.0,1.2049368814558312
16660.0,1.183518789455278
16680.0,1.209542384810173
16700.0,1.1900435370453346
16720.0,1.2122240371555304
16740.0,1.1863726670372179
16760.0,1.1967471018937625
16780.0,1.1488496325233672
16800.0,1.2027182606030695
16820.0,1.201087905116209
16840.0,1.1879691689918699
16860.0,1.2069329266134958
16880.0,1.1959864796291513
16900.0,1.1911430765816595
16920.0,1.1961838412407524
16940.0,1.1973153250883533
16960.0,1.2077639563840283
16980.0,1.176326152634797
17000.0,1.2013350012434498
17020.0,1.192393203537755
17040.0,1.2180658933251374
17060.0,1.1683553215180529
17080.0,1.2334851219101082
17100.0,1.2063876941518505
17120.0,1.2266958335279647
17140.0,1.1983230941790979
17160.0,1.172180782347274
17180.0,1.2242928672121074
17200.0,1.2119072043718053
17220.0,1.2094317051100272
17240.0,1.2178132899109477
17260.0,1.2016191624191659
17280.0,1.2027710587912015
17300.0,1.2144697046975963
17320.0,1.2173697374256005
17340.0,1.2008253995420184
17360.0,1.1796647584217752
17380.0,1.200945026922755
17400.0,1.2386134491899288
17420.0,1.209147153599872
17440.0,1.2075770670098216
17460.0,1.211882069525808
17480.0,1.249586898418833
17500.0,1.207114233624038
17520.0,1.1998073760001349
17540.0,1.2131942562484064
17560.0,1.2178687725849906
17580.0,1.2404808092956965
17600.0,1.1918849316484545
17620.0,1.2076982935026632
17640.0,1.2079702128949115
17660.0,1.2132465686434961
17680.0,1.2462205108755229
17700.0,1.2213514279318065
17720.0,1.2117172326914316
17740.0,1.2028762551918843
17760.0,1.2262288036879667
17780.0,1.210335866835908
17800.0,1.215243992441173
17820.0,1.227068251887585
17840.0,1.2174507486220942
17860.0,1.17430869938816
17880.0,1.2179814488129046
17900.0,1.2054218910668033
17920.0,1.2298848909809381
17940.0,1.2147737753763028
17960.0,1.2110066237092534
17980.0,1.2335041730675957
18000.0,1.2108132705804004
18020.0,1.2112015275474588
18040.0,1.2071022226535904
18060.0,1.2062573274678337
18080.0,1.2304436483542862
18100.0,1.2477073669359269
18120.0,1.210147984546513
18140.0,1.248667399674322
18160.0,1.1919791846058536
18180.0,1.260770984846624
18200.0,1.2425120852619789
18220.0,1.2218760288364483
18240.0,1.2398982431567076
18260.0,1.2358271443083062
18280.0,1.190420457159557
18300.0,1.2077920958912765
18320.0,1.2168530507414863
18340.0,1.1996041527746277
18360.0,1.2255569134334368
18380.0,1.2075472177894144
18400.0,1.2022239837830577
18420.0,1.2060019854736228
18440.0,1.2079150506437797
18460.0,1.2035301567093235
18480.0,1.2537358784846429
18500.0,1.201800805691121
18520.0,1.2226042623324633
18540.0,1.223202565664786
18560.0,1.2315225079540228
18580.0,1.2125957576538746
18600.0,1.2111557868635157
18620.0,1.2282155503682164
18640.0,1.2189266188796979
18660.0,1.2301956103877034
18680.0,1.1914212591393047
18700.0,1.2434703549913162
18720.0,1.2089633127647434
18740.0,1.1842375794292839
18760.0,1.180390197717219
18780.0,1.208444517935187
18800.0,1.198317262557764
18820.0,1.2149252580110137
18840.0,1.228633010087036
18860.0,1.228949831675022
18880.0,1.2121308503305732
18900.0,1.2136880126308685
18920.0,1.1902008520665375
18940.0,1.2147935995111367
18960.0,1.2366279994080525
18980.0,1.1857996301052844
19000.0,1.2285473788302286
19020.0,1.1918164800918443
19040.0,1.195974555672915
19060.0,1.214000566009314
19080.0,1.21969382105331
19100.0,1.243033453950558
19120.0,1.2449742868157412
19140.0,1.2121316433768583
19160.0,1.1849832824170874
19180.0,1.2250911770468478
19200.0,1.1873153897115052
19220.0,1.1961389750145348
19240.0,1.22094483733126
19260.0,1.2238716439153177
19280.0,1.2581947930186954
19300.0,1.2157761684373678
19320.0,1.2034801223334648
19340.0,1.2041848318853314
19360.0,1.172398804531084
19380.0,1.2130229434735835
19400.0,1.1999478531660344
19420.0,1.231929505311047
19440.0,1.2170639183608827
19460.0,1.217759180345409
19480.0,1.2123674660661763
19500.0,1.191640876098847
19520.0,1.218979449133047
19540.0,1.2119252838428831
19560.0,1.2131637372517583
19580.0,1.2036085164582457
19600.0,1.1880111423340143
19620.0,1.1969212626051688
19640.0,1.2242267515674088
19660.0,1.2154012487654369
19680.0,1.220420067116005
19700.0,1.230747726927883
19720.0,1.2117097480965873
19740.0,1.1961624658028045
19760.0,1.1999406356283024
19780.0,1.196582633819766
19800.0,1.2257769452239333
19820.0,1.2139992338060062
19840.0,1.1658347600269563
19860.0,1.2008603212801268
19880.0,1.2062641293210428
19900.0,1.2054525845798605
19920.0,1.208965338513068
19940.0,1.2239386386866948
19960.0,1.2024097238196352
19980.0,1.2164405728136483
20000.0,1.2146592472540765
20020.0,1.2069779863432009
20040.0,1.238529901562028
20060.0,1.2030769172273004
20080.0,1.213617953525827
20100.0,1.2128533296974509
20120.0,1.1937910403514802
20140.0,1.2124955129919384
20160.0,1.194544086636449
20180.0,1.182219343832563
20200.0,1.2140457410422816
20220.0,1.1933221131927167
20240.0,1.1887563207399672
20260.0,1.2411497792362634
20280.0,1.2078544074269324
20300.0,1.1935844614818578
20320.0,1.225813783295282
20340.0,1.2025601729419255
20360.0,1.1856169951374231
20380.0,1.1861612035140805
20400.0,1.205138350440422
20420.0,1.2153986808896335
20440.0,1.1863792107746411
20460.0,1.1928874666051197
20480.0,1.2012844568974073
20500.0,1.219491538954517
20520.0,1.1920695544018602
20540.0,1.2153427216917996
20560.0,1.2143096337789976
20580.0,1.1975777253437387
20600.0,1.2077486752451714
20620.0,1.2104620566563553
20640.0,1.1658009106891163
20660.0,1.1761966452981463
20680.0,1.195214479721883
20700.0,1.1831271231435545
20720.0,1.2129133796825409
20740.0,1.2098817723913065
20760.0,1.2245804421572555
20780.0,1.2207793612679856
20800.0,1.226026633836352
20820.0,1.212316835866673
20840.0,1.2405567388828693
20860.0,1.224501232100184
20880.0,1.2134324290901712
20900.0,1.2281665317570354
20920.0,1.1908788551538043
20940.0,1.2506757410028242
20960.0,1.2388280061163248
20980.0,1.2433491035208846
21000.0,1.223659761857695
21020.0,1.2076153152422973
21040.0,1.2507061594738007
21060.0,1.2236297156662028
21080.0,1.2215083529721675
21100.0,1.2115986198802968
21120.0,1.2396836848600852
21140.0,1.2122005724773142
21160.0,1.2105997541053755
21180.0,1.2080285647753108
21200.0,1.2268044001640344
21220.0,1.223918922264257
21240.0,1.2373914251094293
21260.0,1.2438861022916965
21280.0,1.2455353236866324
21300.0,1.244628009292375
21320.0,1.2268446837857165
21340.0,1.2085603617374148
21360.0,1.2152666027725445
21380.0,1.2165727671530286
21400.0,1.2091337385186907
21420.0,1.1829318023691813
21440.0,1.2121502478368347
21460.0,1.2080152385506322
21480.0,1.2080657186350359
21500.0,1.1834662694643372
21520.0,1.217930691683483
21540.0,1.2240039214878973
21560.0,1.2123523837608032
21580.0,1.2114164863177934
21600.0,1.2244039772596917
21620.0,1.205996719834352
21640.0,1.2285062036935208
21660.0,1.2510942292335627
21680.0,1.2287408419011694
21700.0,1.2248487520571618
21720.0,1.2478028354052337
21740.0,1.2550395003355832
21760.0,1.234030734507039
21780.0,1.215067928778455
21800.0,1.2110729699010294
21820.0,1.2434918851088945
21840.0,1.2196225564064485
21860.0,1.2373870937090619
21880.0,1.219739210176602
21900.0,1.2057339628341386
21920.0,1.2182838069901438
21940.0,1.1943641503548506
21960.0,1.2160673399021922
21980.0,1.1881026047537822
22000.0,1.2088281718618776
22020.0,1.2382428060633694
22040.0,1.2344194150381655
22060.0,1.2233633319230697
22080.0,1.2400206392490276
22100.0,1.225745693039524
22120.0,1.2378791396070654
22140.0,1.1890130535901695
22160.0,1.1980125925496616
22180.0,1.217591328457777
22200.0,1.2315528149411223
22220.0,1.17233758553102
22240.0,1.2175120635007912
22260.0,1.2076522021974037
22280.0,1.2102323376406896
22300.0,1.1973532192089313
22320.0,1.1956426039404426
22340.0,1.1984836463029085
22360.0,1.2126814520157736
22380.0,1.2143307024934282
22400.0,1.2108719364494325
22420.0,1.219796822189783
22440.0,1.2110402487966294
22460.0,1.216132721432672
22480.0,1.2048614578044552
22500.0,1.1932856089737256
22520.0,1.191885747805267
22540.0,1.2067765427368182
22560.0,1.226018147887275
22580.0,1.2155937893066224
22600.0,1.2293832710488493
22620.0,1.2472850712201478
22640.0,1.2010402871668642
22660.0,1.1696216586800796
22680.0,1.2331049846558841
22700.0,1.2184595291673206
22720.0,1.2053999633164403
22740.0,1.2155031543292492
22760.0,1.2154785428810306
22780.0,1.2163200269110879
22800.0,1.2253716908829002
22820.0,1.215075592233699
22840.0,1.2198905846453572
22860.0,1.205072404482269
22880.0,1.232106050789863
22900.0,1.2410519376272116
22920.0,1.2147715029444348
22940.0,1.225681146740872
22960.0,1.2054339768285849
22980.0,1.1992712436856914
23000.0,1.205377676320414
23020.0,1.2086182550307027
23040.0,1.2179735237059595
23060.0,1.213710500446466
23080.0,1.1918824506682866
23100.0,1.2175479352140457
23120.0,1.210726123462646
23140.0,1.209440976219177
23160.0,1.2375713133553063
23180.0,1.2409007969271777
23200.0,1.2454678642789407
23220.0,1.2312273709905475
23240.0,1.2401765688935091
23260.0,1.237985063990057
23280.0,1.2400716587635199
23300.0,1.2207374486119178
23320.0,1.216401490192635
23340.0,1.2252282482405805
23360.0,1.1876230650178803
23380.0,1.2460734232244937
23400.0,1.223084010596558
23420.0,1.2077930548506635
23440.0,1.2085649658006767
23460.0,1.2302431998134047
23480.0,1.2291994475793477
23500.0,1.2260619707868883
23520.0,1.231178155730954
23540.0,1.2098269076278658
23560.0,1.2216726267320965
23580.0,1.2189165190696316
23600.0,1.2173514735457016
23620.0,1.2355672061279144
23640.0,1.2243261147083029
23660.0,1.2168825610895124
23680.0,1.2398312070330866
23700.0,1.2205550582307352
23720.0,1.225505091881392
23740.0,1.270597094338666
23760.0,1.2371102201057942
23780.0,1.229414072158615
23800.0,1.2363777448008906
23820.0,1.2449164504751826
23840.0,1.2207944188542474
23860.0,1.2530188986285424
23880.0,1.254660938306386
23900.0,1.2664967195384476
23920.0,1.2226764848371918
23940.0,1.2185564481698439
23960.0,1.2871723846015
23980.0,1.253730012209901
24000.0,1.2334987722031012
24020.0,1.237113770362485
24040.0,1.2554362235047376
24060.0,1.2638114080687106
24080.0,1.2199023965767892
24100.0,1.2168214207591312
24120.0,1.2526983359280464
24140.0,1.267531381171004
24160.0,1.255487969110617
24180.0,1.2206568813750414
24200.0,1.2483867967310787
24220.0,1.2030320346051389
24240.0,1.1972901456859166
24260.0,1.2446603291830163
24280.0,1.2451295729255663
24300.0,1.2338883358756503
24320.0,1.2194201391829054
24340.0,1.252359939250236
24360.0,1.2492150114662528
24380.0,1.2198317847016553
24400.0,1.234640086291532
24420.0,1.2404433484645314
24440.0,1.215098188416393
24460.0,1.2374326741599153
24480.0,1.2351998184074962
24500.0,1.216413561118645
24520.0,1.2618789138023823
24540.0,1.2364584245795127
24560.0,1.241620717340973
24580.0,1.2466300008191822
24600.0,1.2308934245426655
24620.0,1.218785175256865
24640.0,1.244935653121394
24660.0,1.2342433486506874
24680.0,1.2558991967275202
24700.0,1.255831928104259
24720.0,1.2463060125844831
24740.0,1.2075391207978936
24760.0,1.2305098943297645
24780.0,1.2580244383074264
24800.0,1.2572630710982506
24820.0,1.2359848249411787
24840.0,1.2564107766083024
24860.0,1.2478631695859186
24880.0,1.2519104751625805
24900.0,1.2550272969107026
24920.0,1.2228131760475238
24940.0,1.230306738211031
24960.0,1.2640461575494297
24980.0,1.217205907193037
25000.0,1.2477953603633634
25020.0,1.2299989345591993
25040.0,1.2405107713821122
25060.0,1.2282167847635792
25080.0,1.2319494051040585
25100.0,1.2398526216051977
25120.0,1.2694327635109182
25140.0,1.2653777861767146
25160.0,1.2587143734355644
25180.0,1.221782460715505
25200.0,1.2389820813501353
25220.0,1.2562574855421023
25240.0,1.255261654508463
25260.0,1.237382305808948
25280.0,1.2481812532082912
25300.0,1.2122398488070119
25320.0,1.2321642104075783
25340.0,1.2305934094634485
25360.0,1.2380859607173678
25380.0,1.2337581153108406
25400.0,1.233246945647774
25420.0,1.2437337807430537
25440.0,1.2347204432414391
25460.0,1.2297885067582035
25480.0,1.238288720073741
25500.0,1.2492724187849418
25520.0,1.2435771807494092
25540.0,1.199528200460615
25560.0,1.2166904238487533
25580.0,1.2108718586973188
25600.0,1.2284015247722442
25620.0,1.2540351959832896
25640.0,1.2254942203088073
25660.0,1.2455532420903617
25680.0,1.2486980893996067
25700.0,1.258145394930225
25720.0,1.2687267533269735
25740.0,1.2498759418942529
25760.0,1.26972003286292
25780.0,1.2401907563593255
25800.0,1.250356205629272
25820.0,1.2423326237039314
25840.0,1.234698593635877
25860.0,1.2252551496204767
25880.0,1.2309415790685059
25900.0,1.2754415991277293
25920.0,1.2382748616024155
25940.0,1.2273295101174608
25960.0,1.2344204812954367
25980.0,1.2336385267696415
26000.0,1.2495174530384152
26020.0,1.2275855414633154
26040.0,1.2401531646795099
26060.0,1.2742512059040614
26080.0,1.2537680543858898
26100.0,1.2563661264650559
26120.0,1.2624892088086084
26140.0,1.2515501319080333
26160.0,1.2479227234943118
26180.0,1.2457541923069961
26200.0,1.2425120530224938
26220.0,1.2309738805842252
26240.0,1.245742242318084
26260.0,1.2578550928543977
26280.0,1.2381628706115324
26300.0,1.2662299589399812
26320.0,1.2409193822976226
26340.0,1.2736077777943626
26360.0,1.253834871762015
26380.0,1.233623696194758
26400.0,1.2654175089629405
26420.0,1.2588088903467485
26440.0,1.250713247249316
26460.0,1.2564092150897934
26480.0,1.2552517665133387
26500.0,1.2409598549357308
26520.0,1.232269483081032
26540.0,1.254194808867869
26560.0,1.240822295776612
26580.0,1.2309258380872647
26600.0,1.2741384526335422
26620.0,1.267608360183765
26640.0,1.206368679186189
26660.0,1.2023090857222676
26680.0,1.217790768713951
26700.0,1.252997890940596
26720.0,1.2222591773241493
26740.0,1.2685719194640916
26760.0,1.2202265584120888
26780.0,1.2590108504139694
26800.0,1.2499343872328814
26820.0,1.225827499406654
26840.0,1.252094988740978
26860.0,1.2316208008076355
26880.0,1.2411087665805343
26900.0,1.2178223388479115
26920.0,1.2221812094418532
26940.0,1.2692796696731081
26960.0,1.2335584337180534
26980.0,1.2120776262153148
27000.0,1.229148787892249
27020.0,1.2237446648350199
27040.0,1.2593394767613058
27060.0,1.1941890437209806
27080.0,1.2403826774084048
27100.0,1.2106027368300274
27120.0,1.2483587594695198
27140.0,1.2521116036156397
27160.0,1.2472633667504955
27180.0,1.2834840811429697
27200.0,1.2252786242720233
27220.0,1.2395557306857186
27240.0,1.2366310206308508
27260.0,1.262042981921537
27280.0,1.2285546528860152
27300.0,1.23133205124878
27320.0,1.2667804658632638
27340.0,1.2605655702002154
27360.0,1.2302294916373828
27380.0,1.2570609092247473
27400.0,1.2538863622258163
27420.0,1.265131704352748
27440.0,1.2331832684459414
27460.0,1.2334063644180708
27480.0,1.2551410357501014
27500.0,1.2516987384142457
27520.0,1.2380888213618422
27540.0,1.2381236668580216
27560.0,1.2471931888878007
27580.0,1.238990003105383
27600.0,1.2598340843269953
27620.0,1.24002531979406
27640.0,1.2387961935974698
27660.0,1.2482355002003462
27680.0,1.234359492224347
27700.0,1.2672804505808246
27720.0,1.2337901694683067
27740.0,1.250168415574427
27760.0,1.2516072365277586
27780.0,1.2477847002065652
27800.0,1.2327314918439
27820.0,1.2392286384690367
27840.0,1.2603283443740858
27860.0,1.265584083818689
27880.0,1.2399783325688107
27900.0,1.2491383064814658
27920.0,1.2583457860385328
27940.0,1.2582070021490344
27960.0,1.2606850734103854
27980.0,1.2379127565462462
28000.0,1.2310940946258335
28020.0,1.2657151383709877
28040.0,1.2444003826643688
28060.0,1.2627141770563766
28080.0,1.237150584060749
28100.0,1.2834483916763146
28120.0,1.2449966096166225
28140.0,1.2248886909061871
28160.0,1.2670217153757024
28180.0,1.2376543512731655
28200.0,1.230441321617246
28220.0,1.2316289858226115
28240.0,1.2445522218110212
28260.0,1.262281147735505
28280.0,1.2505230509669696
28300.0,1.243006803895836
28320.0,1.2586757225876928
28340.0,1.274922783040679
28360.0,1.2346653001155528
28380.0,1.2516951879055884
28400.0,1.2221563570911298
28420.0,1.2382866708166924
28440.0,1.2219370265320963
28460.0,1.2493521134655312
28480.0,1.2321665315336532
28500.0,1.275827992452042
28520.0,1.2438680460659395
28540.0,1.244904440776384
28560.0,1.255195716772105
28580.0,1.2277429053927562
28600.0,1.266139200260926
28620.0,1.2349128519374757
28640.0,1.2524042211293265
28660.0,1.2549353718503162
28680.0,1.2430430566254833
28700.0,1.2739894513284344
28720.0,1.251937166756585
28740.0,1.2260955560207127
28760.0,1.258023992500725
28780.0,1.2689137996751685
28800.0,1.2457970337595023
28820.0,1.2518397965190895
28840.0,1.2161685864991805
28860.0,1.230220237085059
28880.0,1.2612106801497625
28900.0,1.2585744758424056
28920.0,1.258450095837595
28940.0,1.2718695376565712
28960.0,1.2471790197457424
28980.0,1.2449215368104984
29000.0,1.2767966888261293
29020.0,1.2669459875441418
29040.0,1.2542167566240503
29060.0,1.268668816384795
29080.0,1.252967088848207
29100.0,1.2577047639657775
29120.0,1.2527341252770225
29140.0,1.2584185958148275
29160.0,1.2570971248646117
29180.0,1.282625575645588
29200.0,1.25727056578955
29220.0,1.2606034257192391
29240.0,1.2642396007465817
29260.0,1.2322376597525566
29280.0,1.2326060266048642
29300.0,1.2476345177179808
29320.0,1.276957157496358
29340.0,1.2618090035226963
29360.0,1.246661337416106
29380.0,1.2529803021396095
29400.0,1.2454256107144384
29420.0,1.2300382100228273
29440.0,1.246560314768114
29460.0,1.2321583755315173
29480.0,1.2489895868229823
29500.0,1.2395421564596039
29520.0,1.241661314973715
29540.0,1.2519081794474856
29560.0,1.2373739271942275
29580.0,1.2780578945275167
29600.0,1.2624502103492037
29620.0,1.2499785195422537
29640.0,1.2168620064638929
29660.0,1.2360832572311897
29680.0,1.2845724039612403
29700.0,1.2540859587687228
29720.0,1.2618560174012052
29740.0,1.2584878874846779
29760.0,1.2342890692618227
29780.0,1.2443016745183009
29800.0,1.2687350628933465
29820.0,1.266977587451842
29840.0,1.278684143969025
29860.0,1.250812901791721
29880.0,1.2665391974982594
29900.0,1.2576774167813287
29920.0,1.2527509377491806
29940.0,1.2536317180396979
29960.0,1.2746056942533592
29980.0,1.2554059403188975
30000.0,1.2718626314054153
30020.0,1.2726907918589567
30040.0,1.2935197843116208
30060.0,1.2745509915512674
30080.0,1.2807895044586468
30100.0,1.2543841324687013
30120.0,1.2610803941207478
30140.0,1.2611170112751051
30160.0,1.2586769914421458
30180.0,1.2527883145903107
30200.0,1.2467484829317137
30220.0,1.253288973647779
30240.0,1.2480242585967583
30260.0,1.24778594292449
30280.0,1.2381508660307547
30300.0,1.2487335118883411
30320.0,1.2732869702695373
30340.0,1.2551843191221723
30360.0,1.2407386667780815
30380.0,1.2373794010119945
30400.0,1.2505029571212471
30420.0,1.236672179903778
30440.0,1.237620440011549
30460.0,1.2622298163296055
30480.0,1.2785950706694111
30500.0,1.2624538728907289
30520.0,1.2718141746264306
30540.0,1.28157784313264
30560.0,1.2393718750177056
30580.0,1.2393294524726757
30600.0,1.2090004935188632
30620.0,1.235499878396249
30640.0,1.2790959602632492
30660.0,1.2379694877057363
30680.0,1.2546570915240227
30700.0,1.2606322108398424
30720.0,1.2729243823137484
30740.0,1.2281612626668381
30760.0,1.2621360266212562
30780.0,1.2199481213721233
30800.0,1.2190377565252801
30820.0,1.251885503902415
30840.0,1.2370290143377976
30860.0,1.2392504404017026
30880.0,1.2368925122062664
30900.0,1.2310526746092416
30920.0,1.2490245106646505
30940.0,1.2542077947439723
30960.0,1.2573136953484894
30980.0,1.2404789571148078
31000.0,1.262271791393569
31020.0,1.248529042283802
31040.0,1.255881433299721
31060.0,1.28461741139229
31080.0,1.272426565655045
31100.0,1.2572481316147417
31120.0,1.260197777414552
31140.0,1.2844576372311676
31160.0,1.2421250545178388
31180.0,1.2920659356146673
31200.0,1.2806399754913438
31220.0,1.2966594075458915
31240.0,1.2508780127836499
31260.0,1.2634470300354483
31280.0,1.2470823070306385
31300.0,1.280883462263176
31320.0,1.2590251411574953
31340.0,1.26782204554659
31360.0,1.2823870553934797
31380.0,1.292257786569026
31400.0,1.2770987395922284
31420.0,1.2587418852357024
31440.0,1.2551341706187231
31460.0,1.2548627246758284
31480.0,1.2919623023142304
31500.0,1.2459247973127197
31520.0,1.2405552646310274
31540.0,1.257540394199275
31560.0,1.25889710420266
31580.0,1.255679138628299
31600.0,1.2785653109566515
31620.0,1.2533049242554781
31640.0,1.2448398023197773
31660.0,1.234001384390566
31680.0,1.2533336128090502
31700.0,1.2183756779273107
31720.0,1.2548917082843936
31740.0,1.2697840632694093
31760.0,1.234491277642279
31780.0,1.2290106286547084
31800.0,1.2473953847395425
31820.0,1.2340272627054978
31840.0,1.2532527098350563
31860.0,1.2634777077559474
31880.0,1.2639204178528383
31900.0,1.2666865851374036
31920.0,1.2523174901490655
31940.0,1.2325380344555692
31960.0,1.256003668096067
31980.0,1.2433632046878835
32000.0,1.2466813299209767
32020.0,1.2471007504562863
32040.0,1.2275374929269578
32060.0,1.2731964883661697
32080.0,1.2625254378970703
32100.0,1.2707375321443801
32120.0,1.274681709880006
32140.0,1.2449339396716945
32160.0,1.2498757055458543
32180.0,1.249899035470879
32200.0,1.2273370279184077
32220.0,1.240081637753485
32240.0,1.2644078675378267
32260.0,1.2782786820935028
32280.0,1.2473445553149458
32300.0,1.260254140511705
32320.0,1.2501042945982905
32340.0,1.2389056920858539
32360.0,1.2617536304432653
32380.0,1.2526603367138085
32400.0,1.2719942932539778
32420.0,1.2713432175124906
32440.0,1.259880574883828
32460.0,1.2509572516111043
32480.0,1.274244470007232
32500.0,1.2524478117640927
32520.0,1.2682428683972895
32540.0,1.257517437342766
32560.0,1.2577327371308422
32580.0,1.2790563716023138
32600.0,1.255022930267617
32620.0,1.2714484612878767
32640.0,1.253146294703323
32660.0,1.2712301158015362
32680.0,1.2575690960558303
32700.0,1.2821717887179167
32720.0,1.253096761743161
32740.0,1.2544516948144053
32760.0,1.2289516613491425
32780.0,1.2574431727333637
32800.0,1.2368820464523405
32820.0,1.2526250491966513
32840.0,1.2644178668196862
32860.0,1.267573532228059
32880.0,1.2821889340167014
32900.0,1.2701141681654686
32920.0,1.2653764067702045
32940.0,1.3023955669705929
32960.0,1.2885516106591897
32980.0,1.218669561050799
33000.0,1.2569252553964645
33020.0,1.258492627915193
33040.0,1.2473732607688581
33060.0,1.2577580865097497
33080.0,1.266880320440162
33100.0,1.2860908997867964
33120.0,1.2783962264851172
33140.0,1.28652682434941
33160.0,1.28265032386584
33180.0,1.2904669307859697
33200.0,1.2988407354754317
33220.0,1.2522906621438927
33240.0,1.223314985767229
33260.0,1.247400693320044
33280.0,1.2684746296752416
33300.0,1.2382724674957668
33320.0,1.2702110239933329
33340.0,1.239344428681605
33360.0,1.2521572468978603
33380.0,1.2556109637627755
33400.0,1.2677717749295543
33420.0,1.252497242418057
33440.0,1.2706272393456766
33460.0,1.2862533356755024
33480.0,1.2730704064459326
33500.0,1.2784125454555255
33520.0,1.2612598976306404
33540.0,1.2793194214249088
33560.0,1.2803424959470278
33580.0,1.2690806649779292
33600.0,1.2531129276486883
33620.0,1.2327342975864828
33640.0,1.240161702672395
33660.0,1.266196665141829
33680.0,1.244838276640904
33700.0,1.253159326101651
33720.0,1.2571561152574997
33740.0,1.279196075707011
33760.0,1.2498655695057974
33780.0,1.273547460899748
33800.0,1.275262681856715
33820.0,1.2447447038126733
33840.0,1.2599601676007814
33860.0,1.2776347429024637
33880.0,1.2375235781681337
33900.0,1.2465315718921708
33920.0,1.2357927243419122
33940.0,1.2535502711543514
33960.0,1.3053535244158891
33980.0,1.2413933150394882
34000.0,1.2646388157986492
34020.0,1.2586851456856618
34040.0,1.2416046560948748
34060.0,1.2740211049334875
34080.0,1.2510211307074364
34100.0,1.2438235173689278
34120.0,1.2576660344503876
34140.0,1.2695207350927014
34160.0,1.2661779745381059
34180.0,1.2666419437771823
34200.0,1.2579632508343843
34220.0,1.2525985130384576
34240.0,1.2756266450966247
34260.0,1.2561664753772759
34280.0,1.275657363686426
34300.0,1.2573290484787918
34320.0,1.2574272587287625
34340.0,1.2805470526487481
34360.0,1.2686648074604516
34380.0,1.2692117098172055
34400.0,1.2624247275882874
34420.0,1.2663744949542384
34440.0,1.2472722609231226
34460.0,1.2625604476340855
34480.0,1.2489779573039903
34500.0,1.2784322797143088
34520.0,1.2503887599264578
34540.0,1.285524640600838
34560.0,1.2390436361789776
34580.0,1.2528737570076247
34600.0,1.2673318452909414
34620.0,1.2590485574451524
34640.0,1.2760339543732158
34660.0,1.2283549951818462
34680.0,1.2248403683659501
34700.0,1.267570752436951
34720.0,1.2156464450780096
34740.0,1.252146198432321
34760.0,1.27342370860406
34780.0,1.236483635763827
34800.0,1.274015668310616
34820.0,1.2421156265812148
34840.0,1.251980529279284
34860.0,1.26865528877209
34880.0,1.264126720561353
34900.0,1.2605958816274354
34920.0,1.2400521205536694
34940.0,1.2522202845068562
34960.0,1.22950193741468
34980.0,1.2440332776164842
35000.0,1.2555015639660299
35020.0,1.2443071069272462
35040.0,1.244305138628449
35060.0,1.2458150061884032
35080.0,1.2341383833245787
35100.0,1.2277186037951535
35120.0,1.2183780448616355
35140.0,1.2660044781233157
35160.0,1.251221083768037
35180.0,1.2615470867397955
35200.0,1.215385796251898
35220.0,1.262412583530138
35240.0,1.234444946941727
35260.0,1.26788869809524
35280.0,1.2647564843328385
35300.0,1.2795411662395326
35320.0,1.2195170469577772
35340.0,1.2364153367137634
35360.0,1.2472941775594188
35380.0,1.2331236849870872
35400.0,1.2440391658000012
35420.0,1.229255144132971
35440.0,1.260640795607894
35460.0,1.2513307732184542
35480.0,1.2748454944037368
35500.0,1.2502251539877403
35520.0,1.2424838502955897
35540.0,1.2467755284938
35560.0,1.2600705459998398
35580.0,1.266480488016472
35600.0,1.2588715138183815
35620.0,1.261511542415464
35640.0,1.2298916515331746
35660.0,1.2474643898359319
35680.0,1.277754349845339
35700.0,1.274792232655928
35720.0,1.239797216294581
35740.0,1.2558790699487465
35760.0,1.2534120082890277
35780.0,1.254760253833143
35800.0,1.2507459247749564
35820.0,1.2686972332237916
35840.0,1.2667373020144137
35860.0,1.256091830266649
35880.0,1.2709995155303992
35900.0,1.258226615126664
35920.0,1.247061230114144
35940.0,1.2810329290457372
35960.0,1.2774396278497755
35980.0,1.242760311448474
36000.0,1.2567361424877213
36020.0,1.2793300397544627
36040.0,1.2789765780439721
36060.0,1.2565539279272542
36080.0,1.2300951843235532
36100.0,1.2552005054558697
36120.0,1.2865619339895318
36140.0,1.2702830678796964
36160.0,1.260775672381524
36180.0,1.2603856193326726
36200.0,1.2561609800798872
36220.0,1.2558972902319698
36240.0,1.2746918119084787
36260.0,1.2613097027031321
36280.0,1.2329060479813632
36300.0,1.2720646024549849
36320.0,1.2771283176314918
36340.0,1.2571793377419243
36360.0,1.2573831410834733
36380.0,1.2946764802429365
36400.0,1.2564904538355086
36420.0,1.2692096355590632
36440.0,1.258125300184424
36460.0,1.226004952479308
36480.0,1.247369996529913
36500.0,1.273061890683487
36520.0,1.2872039506179989
36540.0,1.2630686049759368
36560.0,1.2761171292775444
36580.0,1.2649548391093932
36600.0,1.2735362491645785
36620.0,1.2383741599062343
36640.0,1.2488760021942227
36660.0,1.2512386510799944
36680.0,1.287944060573777
36700.0,1.3014261990193223
36720.0,1.2885947455865838
36740.0,1.2597285306703256
36760.0,1.2525564456665366
36780.0,1.2450163781662715
36800.0,1.2682296698880764
36820.0,1.274865569225469
36840.0,1.2573085546811307
36860.0,1.2845299583534142
36880.0,1.239444140924227
36900.0,1.2621041786905611
36920.0,1.2664871593174645
36940.0,1.253153429116114
36960.0,1.239597734402103
36980.0,1.2606868889845402
37000.0,1.2573755303710836
37020.0,1.2855068165871215
37040.0,1.262054960246978
37060.0,1.2738821836441936
37080.0,1.2583028535284517
37100.0,1.266980139526657
37120.0,1.2568552204976386
37140.0,1.2528375653033084
37160.0,1.2512690448200399
37180.0,1.2560668353813327
37200.0,1.2817271974522342
37220.0,1.2813409333968404
37240.0,1.2541145617020613
37260.0,1.2771715773448051
37280.0,1.2607152880540493
37300.0,1.2654996120751332
37320.0,1.263668120860129
37340.0,1.2623214412252515
37360.0,1.2685106664725898
37380.0,1.2541045649187958
37400.0,1.2568778811423866
37420.0,1.2447413892316468
37440.0,1.2540907788317255
37460.0,1.2489447282275392
37480.0,1.2911009008425316
37500.0,1.2832086553769473
37520.0,1.2862230038560858
37540.0,1.271028625899811
37560.0,1.283077599672576
37580.0,1.3190998349332
37600.0,1.2611639860300439
37620.0,1.3021580921705276
37640.0,1.269985209936991
37660.0,1.274866401513528
37680.0,1.2958195990599666
37700.0,1.316028290499793
37720.0,1.2977383236659163
37740.0,1.297317844596402
37760.0,1.2960158562860677
37780.0,1.30581889636247
37800.0,1.2777469376584616
37820.0,1.2896546714254473
37840.0,1.2669366024325284
37860.0,1.2771988676500665
37880.0,1.2794876564944373
37900.0,1.278360925453454
37920.0,1.2891627768369218
37940.0,1.2756250246184306
37960.0,1.2724175061214817
37980.0,1.2974046419294933
38000.0,1.2989967304902579
38020.0,1.2730935247197699
38040.0,1.2836700358057638
38060.0,1.2666599546186947
38080.0,1.2713831507669295
38100.0,1.257952244463768
38120.0,1.2580079091475904
38140.0,1.276738847235935
38160.0,1.2587136095137001
38180.0,1.2718408514240451
38200.0,1.2634960568820603
38220.0,1.261692444265015
38240.0,1.2786732100997333
38260.0,1.28050620879226
38280.0,1.3029663223338515
38300.0,1.2591423383679996
38320.0,1.245333149084783
38340.0,1.268589275413872
38360.0,1.275090408821674
38380.0,1.282430053436311
38400.0,1.3110540828796486
38420.0,1.2647785511971543
38440.0,1.2944813037655685
38460.0,1.2849412284272745
38480.0,1.2888724216692238
38500.0,1.290736578524434
38520.0,1.261153020188569
38540.0,1.2720535115727767
38560.0,1.2630314309599313
38580.0,1.2646455835315051
38600.0,1.264666877530091
38620.0,1.2462632808511063
38640.0,1.274032619073748
38660.0,1.2926113179910788
38680.0,1.270748007091927
38700.0,1.2689736628784085
38720.0,1.2682356454785169
38740.0,1.2826693970167957
38760.0,1.2886849779885556
38780.0,1.2833507243285607
38800.0,1.27812324148244
38820.0,1.309473873663
38840.0,1.2911582321873505
38860.0,1.2600005443991174
38880.0,1.2981569777656354
38900.0,1.2895239064984683
38920.0,1.2893935800036336
38940.0,1.258111432130334
38960.0,1.2614085279542457
38980.0,1.2736437588032226
39000.0,1.27229637764405
39020.0,1.2560421978095988
39040.0,1.285397352233091
39060.0,1.2785637799145348
39080.0,1.2892828550896793
39100.0,1.2946433473538472
39120.0,1.2788275850717885
39140.0,1.2856390821411166
39160.0,1.2939457161665293
39180.0,1.2905502830368518
39200.0,1.3140528549152637
39220.0,1.2777565281737882
39240.0,1.26175759255162
39260.0,1.304780546626876
39280.0,1.2719753680277284
39300.0,1.2819233699126817
39320.0,1.3027321278735242
39340.0,1.2716462190643116
39360.0,1.260933149938126
39380.0,1.2980414894047145
39400.0,1.2882292003645015
39420.0,1.259583967192948
39440.0,1.2922760447322863
39460.0,1.2857994374846373
39480.0,1.2531729308077457
39500.0,1.3125480156805005
39520.0,1.3030112759521761
39540.0,1.263535047329206
39560.0,1.3109596481132415
39580.0,1.28365516101213
39600.0,1.2838495214305796
39620.0,1.2898312271533825
39640.0,1.2917909619342012
39660.0,1.3051642099732381
39680.0,1.3194414429997463
39700.0,1.3251769134668407
39720.0,1.2651199014263828
39740.0,1.2748606126063473
39760.0,1.279103130324526
39780.0,1.2728227717630463
39800.0,1.274478183914661
39820.0,1.2899237505709185
39840.0,1.299689658640794
39860.0,1.291793528137748
39880.0,1.2889495057754343
39900.0,1.3231671221691528
39920.0,1.3162604680423315
39940.0,1.3006021559351832
39960.0,1.2882506921923806
39980.0,1.2940988892936616
