Time (ps),TEMP
20.2,301.68
20.4,302.42
20.6,301.02
20.8,302.1
21.0,301.0
21.2,301.68
21.4,301.04
21.6,301.04
21.8,301.51
22.0,301.0
22.2,300.21
22.4,298.64
22.6,300.56
22.8,300.12
23.0,299.78
23.2,299.24
23.4,299.31
23.6,300.42
23.8,298.83
24.0,300.7
24.2,299.63
24.4,299.78
24.6,300.7
24.8,300.46
25.0,301.04
25.2,300.5
25.4,300.38
25.6,301.05
25.8,299.8
26.0,301.03
26.2,300.3
26.4,299.87
26.6,298.95
26.8,300.44
27.0,299.0
27.2,301.37
27.4,300.56
27.6,300.8
27.8,300.35
28.0,301.1
28.2,301.19
28.4,300.12
28.6,300.14
28.8,300.17
29.0,300.6
29.2,301.02
29.4,300.14
29.6,300.39
29.8,300.69
30.0,300.3
30.2,300.88
30.4,300.27
30.6,301.19
30.8,300.34
31.0,300.65
31.2,299.81
31.4,299.53
31.6,299.65
31.8,300.11
32.0,299.73
32.2,299.58
32.4,298.99
32.6,301.16
32.8,300.21
33.0,299.37
33.2,299.37
33.4,298.73
33.6,300.38
33.8,299.17
34.0,298.72
34.2,299.57
34.4,299.19
34.6,298.92
34.8,300.58
35.0,301.9
35.2,301.05
35.4,300.85
35.6,301.78
35.8,300.74
36.0,300.98
36.2,300.41
36.4,301.6
36.6,299.42
36.8,300.78
37.0,301.51
37.2,299.97
37.4,300.57
37.6,299.52
37.8,300.31
38.0,299.45
38.2,300.49
38.4,300.68
38.6,301.98
38.8,299.17
39.0,300.19
39.2,299.54
39.4,298.93
39.6,299.65
39.8,299.62
40.0,299.41
40.2,299.36
40.4,300.65
40.6,300.09
40.8,301.19
41.0,300.36
41.2,300.31
41.4,300.2
41.6,301.36
41.8,298.81
42.0,299.8
42.2,299.98
42.4,300.81
42.6,299.87
42.8,300.57
43.0,299.99
43.2,300.56
43.4,301.19
43.6,299.98
43.8,300.39
44.0,301.32
44.2,300.13
44.4,299.86
44.6,299.44
44.8,301.34
45.0,298.9
45.2,298.97
45.4,298.23
45.6,300.76
45.8,299.11
46.0,298.98
46.2,298.26
46.4,300.75
46.6,299.03
46.8,300.32
47.0,300.32
47.2,300.71
47.4,300.55
47.6,300.36
47.8,299.36
48.0,298.74
48.2,301.01
48.4,302.05
48.6,302.36
48.8,300.56
49.0,300.89
49.2,301.62
49.4,301.39
49.6,299.83
49.8,301.23
50.0,302.4
50.2,301.75
50.4,300.68
50.6,300.42
50.8,300.75
51.0,300.85
51.2,300.84
51.4,300.34
51.6,299.81
51.8,299.8
52.0,301.27
52.2,299.94
52.4,299.66
52.6,300.43
52.8,300.33
53.0,301.29
53.2,299.89
53.4,300.27
53.6,300.68
53.8,300.77
54.0,300.01
54.2,300.84
54.4,301.12
54.6,301.77
54.8,301.35
55.0,301.21
55.2,300.16
55.4,301.0
55.6,299.25
55.8,300.91
56.0,300.61
56.2,299.31
56.4,299.56
56.6,300.95
56.8,301.63
57.0,300.32
57.2,300.08
57.4,300.96
57.6,301.62
57.8,300.03
58.0,300.48
58.2,300.95
58.4,299.3
58.6,300.26
58.8,301.35
59.0,301.56
59.2,299.91
59.4,299.83
59.6,301.09
59.8,300.65
60.0,300.48
60.2,300.63
60.4,301.16
60.6,300.42
60.8,302.01
61.0,299.77
61.2,300.6
61.4,300.36
61.6,301.45
61.8,302.21
62.0,300.07
62.2,300.74
62.4,299.67
62.6,300.04
62.8,300.69
63.0,301.1
63.2,301.78
63.4,300.26
63.6,300.66
63.8,300.73
64.0,299.13
64.2,299.19
64.4,298.98
64.6,299.37
64.8,300.12
65.0,300.59
65.2,300.45
65.4,299.46
65.6,299.74
65.8,300.1
66.0,300.12
66.2,300.7
66.4,300.57
66.6,301.34
66.8,300.86
67.0,301.46
67.2,300.87
67.4,301.64
67.6,301.34
67.8,299.77
68.0,300.04
68.2,300.41
68.4,300.09
68.6,301.61
68.8,299.77
69.0,298.91
69.2,300.73
69.4,300.53
69.6,299.73
69.8,298.75
70.0,299.68
70.2,299.08
70.4,300.47
70.6,299.88
70.8,301.84
71.0,300.35
71.2,301.39
71.4,301.23
71.6,300.23
71.8,300.79
72.0,299.84
72.2,299.49
72.4,300.49
72.6,299.09
72.8,300.41
73.0,299.49
73.2,300.6
73.4,299.79
73.6,299.51
73.8,299.1
74.0,300.38
74.2,300.39
74.4,299.14
74.6,299.99
74.8,300.82
75.0,298.54
75.2,297.89
75.4,299.99
75.6,299.79
75.8,298.85
76.0,300.86
76.2,300.96
76.4,300.1
76.6,298.69
76.8,300.32
77.0,299.55
77.2,300.83
77.4,300.94
77.6,299.83
77.8,300.15
78.0,301.07
78.2,300.29
78.4,300.59
78.6,300.42
78.8,300.47
79.0,298.47
79.2,299.82
79.4,300.14
79.6,300.53
79.8,299.44
80.0,300.39
80.2,300.13
80.4,300.05
80.6,298.72
80.8,299.28
81.0,301.24
81.2,299.13
81.4,299.07
81.6,298.18
81.8,299.22
82.0,299.89
82.2,299.84
82.4,299.38
82.6,299.79
82.8,299.01
83.0,299.19
83.2,300.15
83.4,300.03
83.6,299.12
83.8,299.76
84.0,300.33
84.2,299.99
84.4,299.23
84.6,301.69
84.8,300.53
85.0,300.46
85.2,299.81
85.4,300.98
85.6,300.66
85.8,299.47
86.0,300.71
86.2,300.99
86.4,300.17
86.6,301.25
86.8,300.1
87.0,300.63
87.2,300.71
87.4,300.2
87.6,298.74
87.8,299.57
88.0,299.03
88.2,302.27
88.4,301.16
88.6,299.92
88.8,299.75
89.0,300.35
89.2,300.52
89.4,300.45
89.6,300.22
89.8,301.75
90.0,299.84
90.2,300.37
90.4,298.99
90.6,299.03
90.8,299.46
91.0,298.56
91.2,299.08
91.4,300.95
91.6,301.01
91.8,300.31
92.0,301.31
92.2,300.16
92.4,300.47
92.6,300.58
92.8,300.55
93.0,299.89
93.2,300.06
93.4,300.31
93.6,300.39
93.8,299.9
94.0,300.05
94.2,300.33
94.4,299.32
94.6,299.86
94.8,300.18
95.0,300.7
95.2,301.38
95.4,300.99
95.6,301.31
95.8,300.13
96.0,300.31
96.2,301.05
96.4,300.7
96.6,300.55
96.8,299.99
97.0,300.22
97.2,299.45
97.4,298.57
97.6,298.09
97.8,299.3
98.0,299.61
98.2,300.32
98.4,299.39
98.6,299.81
98.8,300.68
99.0,299.82
99.2,299.77
99.4,300.52
99.6,300.5
99.8,299.86
100.0,299.27
100.2,299.6
100.4,299.97
100.6,300.95
100.8,300.07
101.0,300.13
101.2,300.74
101.4,300.75
101.6,300.47
101.8,300.97
102.0,301.19
102.2,300.68
102.4,300.6
102.6,301.26
102.8,300.88
103.0,300.97
103.2,300.37
103.4,300.32
103.6,299.85
103.8,300.92
104.0,298.3
104.2,299.93
104.4,299.64
104.6,300.46
104.8,300.08
105.0,299.85
105.2,300.41
105.4,298.96
105.6,300.66
105.8,300.42
106.0,299.79
106.2,301.02
106.4,299.91
106.6,300.61
106.8,300.17
107.0,300.51
107.2,300.0
107.4,297.77
107.6,299.66
107.8,299.69
108.0,300.45
108.2,299.94
108.4,299.42
108.6,298.94
108.8,298.65
109.0,299.9
109.2,299.02
109.4,300.06
109.6,299.69
109.8,299.74
110.0,300.95
110.2,301.36
110.4,300.97
110.6,298.51
110.8,299.81
111.0,299.43
111.2,300.48
111.4,301.31
111.6,299.94
111.8,301.26
112.0,300.71
112.2,300.53
112.4,298.33
112.6,301.02
112.8,299.71
113.0,298.18
113.2,298.81
113.4,300.54
113.6,299.33
113.8,298.69
114.0,299.14
114.2,299.54
114.4,300.14
114.6,300.45
114.8,300.21
115.0,299.92
115.2,300.17
115.4,299.69
115.6,301.49
115.8,299.67
116.0,299.93
116.2,299.98
116.4,301.05
116.6,301.74
116.8,301.65
117.0,300.72
117.2,301.33
117.4,301.1
117.6,301.74
117.8,301.27
118.0,300.9
118.2,302.18
118.4,299.71
118.6,299.68
118.8,299.92
119.0,299.24
119.2,300.62
119.4,299.9
119.6,301.46
119.8,300.12
120.0,299.81
120.2,300.15
120.4,299.99
120.6,300.97
120.8,300.98
121.0,301.17
121.2,300.42
121.4,301.08
121.6,300.51
121.8,299.59
122.0,300.71
122.2,299.27
122.4,298.95
122.6,300.44
122.8,299.07
123.0,298.68
123.2,298.67
123.4,299.99
123.6,301.3
123.8,300.52
124.0,300.05
124.2,299.1
124.4,300.29
124.6,300.91
124.8,299.89
125.0,299.24
125.2,299.98
125.4,299.97
125.6,300.1
125.8,300.15
126.0,301.84
126.2,302.29
126.4,301.01
126.6,300.63
126.8,299.83
127.0,300.38
127.2,300.43
127.4,299.57
127.6,300.56
127.8,300.71
128.0,299.21
128.2,298.09
128.4,300.16
128.6,301.27
128.8,300.7
129.0,299.83
129.2,301.81
129.4,300.64
129.6,300.75
129.8,301.78
130.0,302.03
130.2,301.35
130.4,300.28
130.6,300.21
130.8,299.93
131.0,299.26
131.2,300.78
131.4,300.6
131.6,299.3
131.8,299.72
132.0,300.25
132.2,300.38
132.4,300.79
132.6,301.69
132.8,299.73
133.0,300.96
133.2,300.56
133.4,299.9
133.6,300.37
133.8,301.85
134.0,300.11
134.2,300.25
134.4,301.31
134.6,300.13
134.8,299.96
135.0,301.17
135.2,301.4
135.4,300.76
135.6,299.53
135.8,300.58
136.0,299.02
136.2,299.89
136.4,300.57
136.6,299.67
136.8,299.82
137.0,299.37
137.2,299.75
137.4,300.36
137.6,301.37
137.8,301.39
138.0,300.42
138.2,300.66
138.4,301.58
138.6,301.16
138.8,300.06
139.0,302.91
139.2,300.62
139.4,300.61
139.6,300.1
139.8,300.64
140.0,300.33
140.2,300.66
140.4,300.3
140.6,299.79
140.8,300.42
141.0,300.06
141.2,300.75
141.4,301.0
141.6,299.41
141.8,300.02
142.0,298.99
142.2,299.83
142.4,299.9
142.6,299.91
142.8,299.16
143.0,298.36
143.2,298.99
143.4,299.64
143.6,299.3
143.8,299.45
144.0,300.81
144.2,300.57
144.4,298.82
144.6,299.16
144.8,299.27
145.0,300.0
145.2,300.3
145.4,299.98
145.6,299.08
145.8,299.12
146.0,299.05
146.2,299.8
146.4,299.27
146.6,299.72
146.8,299.94
147.0,299.52
147.2,301.82
147.4,300.88
147.6,299.62
147.8,299.85
148.0,299.75
148.2,300.45
148.4,299.26
148.6,300.66
148.8,298.74
149.0,300.47
149.2,301.01
149.4,299.96
149.6,299.41
149.8,300.72
150.0,299.45
150.2,298.65
150.4,299.2
150.6,300.92
150.8,300.71
151.0,299.76
151.2,300.28
151.4,299.64
151.6,300.04
151.8,300.2
152.0,300.22
152.2,302.51
152.4,300.38
152.6,301.08
152.8,300.34
153.0,300.36
153.2,299.4
153.4,300.05
153.6,300.57
153.8,299.62
154.0,299.51
154.2,301.02
154.4,300.23
154.6,300.04
154.8,298.97
155.0,298.63
155.2,299.95
155.4,299.17
155.6,298.97
155.8,301.76
156.0,300.45
156.2,300.95
156.4,301.06
156.6,301.57
156.8,300.62
157.0,301.52
157.2,301.22
157.4,298.8
157.6,300.64
157.8,298.79
158.0,298.89
158.2,298.61
158.4,298.36
158.6,298.9
158.8,299.89
159.0,299.25
159.2,300.97
159.4,299.13
159.6,299.34
159.8,298.54
160.0,300.72
160.2,299.35
160.4,299.06
160.6,300.13
160.8,298.97
161.0,299.31
161.2,299.24
161.4,299.68
161.6,300.85
161.8,300.99
162.0,300.36
162.2,301.1
162.4,299.94
162.6,301.08
162.8,301.42
163.0,299.49
163.2,300.52
163.4,299.81
163.6,299.15
163.8,299.55
164.0,299.6
164.2,300.57
164.4,301.05
164.6,299.59
164.8,299.62
165.0,300.23
165.2,299.66
165.4,300.11
165.6,299.51
165.8,298.89
166.0,300.2
166.2,300.78
166.4,300.69
166.6,300.45
166.8,300.72
167.0,299.99
167.2,299.63
167.4,300.1
167.6,300.64
167.8,300.38
168.0,300.36
168.2,301.09
168.4,300.04
168.6,300.36
168.8,301.34
169.0,300.59
169.2,301.12
169.4,300.03
169.6,300.05
169.8,299.81
170.0,299.8
170.2,301.07
170.4,301.11
170.6,300.88
170.8,300.54
171.0,300.11
171.2,301.6
171.4,299.35
171.6,301.45
171.8,299.67
172.0,299.39
172.2,300.13
172.4,300.74
172.6,299.99
172.8,299.48
173.0,300.0
173.2,299.74
173.4,300.81
173.6,299.63
173.8,299.32
174.0,299.79
174.2,300.79
174.4,299.66
174.6,299.27
174.8,298.73
175.0,299.15
175.2,299.0
175.4,299.3
175.6,299.2
175.8,300.95
176.0,300.18
176.2,299.83
176.4,299.19
176.6,300.04
176.8,299.97
177.0,300.75
177.2,300.19
177.4,299.11
177.6,300.55
177.8,299.77
178.0,300.05
178.2,300.22
178.4,299.21
178.6,298.41
178.8,299.71
179.0,299.23
179.2,299.03
179.4,300.23
179.6,300.06
179.8,299.19
180.0,299.82
180.2,301.15
180.4,300.95
180.6,300.62
180.8,300.45
181.0,300.78
181.2,302.47
181.4,300.18
181.6,302.05
181.8,300.72
182.0,301.55
182.2,299.64
182.4,301.5
182.6,299.99
182.8,298.47
183.0,298.36
183.2,299.32
183.4,298.42
183.6,298.4
183.8,298.8
184.0,299.2
184.2,298.85
184.4,300.21
184.6,299.08
184.8,298.89
185.0,300.34
185.2,299.65
185.4,297.52
185.6,298.58
185.8,300.12
186.0,301.2
186.2,299.34
186.4,300.49
186.6,299.92
186.8,299.66
187.0,298.9
187.2,298.63
187.4,297.54
187.6,298.41
187.8,298.98
188.0,299.42
188.2,298.42
188.4,300.65
188.6,299.36
188.8,300.39
189.0,299.5
189.2,299.71
189.4,299.83
189.6,298.24
189.8,300.17
190.0,299.74
190.2,300.67
190.4,299.81
190.6,299.74
190.8,300.55
191.0,299.82
191.2,299.81
191.4,299.66
191.6,299.38
191.8,298.37
192.0,298.66
192.2,299.26
192.4,299.18
192.6,298.93
192.8,299.75
193.0,298.31
193.2,300.05
193.4,299.53
193.6,298.54
193.8,298.84
194.0,299.37
194.2,300.03
194.4,301.63
194.6,301.14
194.8,300.68
195.0,301.39
195.2,300.17
195.4,299.97
195.6,299.86
195.8,299.72
196.0,299.24
196.2,301.52
196.4,298.48
196.6,300.53
196.8,299.66
197.0,298.5
197.2,299.88
197.4,300.46
197.6,299.23
197.8,299.57
198.0,299.23
198.2,300.34
198.4,298.27
198.6,299.87
198.8,300.44
199.0,301.06
199.2,301.41
199.4,300.06
199.6,301.13
199.8,300.43
200.0,300.4
200.2,299.53
200.4,300.29
200.6,299.11
200.8,299.05
201.0,299.46
201.2,298.9
201.4,299.66
201.6,300.1
201.8,300.75
202.0,299.94
202.2,299.18
202.4,298.8
202.6,299.58
202.8,299.61
203.0,299.15
203.2,300.64
203.4,299.53
203.6,301.64
203.8,300.32
204.0,301.33
204.2,300.6
204.4,299.91
204.6,299.83
204.8,300.79
205.0,299.82
205.2,301.47
205.4,299.36
205.6,300.48
205.8,298.84
206.0,300.44
206.2,300.18
206.4,300.3
206.6,299.14
206.8,299.25
207.0,301.35
207.2,301.39
207.4,300.05
207.6,299.84
207.8,299.85
208.0,300.27
208.2,298.95
208.4,300.24
208.6,301.3
208.8,301.07
209.0,300.66
209.2,300.36
209.4,300.08
209.6,299.74
209.8,300.3
210.0,300.69
210.2,300.84
210.4,300.53
210.6,299.58
210.8,299.53
211.0,299.87
211.2,300.64
211.4,299.02
211.6,299.5
211.8,299.4
212.0,300.51
212.2,300.27
212.4,299.18
212.6,300.35
212.8,299.55
213.0,300.04
213.2,299.68
213.4,297.72
213.6,299.03
213.8,298.75
214.0,298.84
214.2,299.61
214.4,299.06
214.6,299.05
214.8,299.24
215.0,298.3
215.2,299.93
215.4,299.77
215.6,300.07
215.8,299.78
216.0,300.43
216.2,299.97
216.4,299.86
216.6,299.93
216.8,300.85
217.0,298.59
217.2,300.96
217.4,299.91
217.6,299.98
217.8,300.32
218.0,301.0
218.2,298.93
218.4,300.01
218.6,299.33
218.8,300.35
219.0,300.06
219.2,300.26
219.4,300.92
219.6,300.36
219.8,300.33
220.0,301.01
220.2,300.15
220.4,298.75
220.6,298.88
220.8,300.18
221.0,299.83
221.2,299.82
221.4,300.54
221.6,300.16
221.8,298.82
222.0,299.72
222.2,299.87
222.4,301.21
222.6,300.94
222.8,300.88
223.0,299.6
223.2,300.44
223.4,299.26
223.6,299.25
223.8,299.6
224.0,298.81
224.2,299.27
224.4,300.63
224.6,300.76
224.8,300.21
225.0,300.41
225.2,301.0
225.4,299.5
225.6,298.66
225.8,300.6
226.0,299.81
226.2,300.83
226.4,299.98
226.6,301.93
226.8,301.07
227.0,300.45
227.2,299.31
227.4,301.02
227.6,300.53
227.8,300.3
228.0,300.61
228.2,300.67
228.4,300.27
228.6,299.59
228.8,300.33
229.0,301.05
229.2,300.81
229.4,301.45
229.6,299.62
229.8,299.05
230.0,298.23
230.2,299.34
230.4,299.79
230.6,301.36
230.8,300.47
231.0,301.94
231.2,300.96
231.4,299.71
231.6,299.43
231.8,300.52
232.0,299.92
232.2,299.7
232.4,301.5
232.6,299.34
232.8,300.34
233.0,299.9
233.2,299.0
233.4,298.79
233.6,299.65
233.8,299.98
234.0,300.01
234.2,299.72
234.4,300.78
234.6,301.08
234.8,300.09
235.0,300.57
235.2,300.5
235.4,299.97
235.6,299.8
235.8,299.23
236.0,299.21
236.2,301.45
236.4,299.91
236.6,300.17
236.8,299.27
237.0,300.5
237.2,301.86
237.4,300.34
237.6,300.17
237.8,300.25
238.0,301.86
238.2,301.24
238.4,300.49
238.6,300.7
238.8,299.89
239.0,300.0
239.2,300.57
239.4,301.03
239.6,299.14
239.8,300.25
240.0,300.37
240.2,299.57
240.4,300.97
240.6,299.84
240.8,299.85
241.0,298.58
241.2,300.43
241.4,299.61
241.6,299.07
241.8,299.63
242.0,299.0
242.2,299.68
242.4,298.92
242.6,300.45
242.8,299.02
243.0,300.32
243.2,300.62
243.4,299.91
243.6,298.77
243.8,300.91
244.0,299.67
244.2,300.54
244.4,301.93
244.6,299.69
244.8,301.04
245.0,300.65
245.2,300.25
245.4,300.12
245.6,299.77
245.8,300.24
246.0,299.86
246.2,300.3
246.4,299.64
246.6,301.08
246.8,298.75
247.0,298.56
247.2,299.94
247.4,299.06
247.6,300.29
247.8,299.7
248.0,299.35
248.2,299.53
248.4,300.45
248.6,298.89
248.8,299.0
249.0,298.85
249.2,299.7
249.4,300.22
249.6,299.44
249.8,299.93
250.0,299.04
250.2,300.23
250.4,298.63
250.6,299.99
250.8,299.65
251.0,300.13
251.2,300.14
251.4,300.95
251.6,299.17
251.8,299.16
252.0,298.98
252.2,299.33
252.4,298.9
252.6,300.57
252.8,300.11
253.0,300.34
253.2,299.98
253.4,299.11
253.6,300.32
253.8,299.56
254.0,299.9
254.2,298.8
254.4,299.44
254.6,298.91
254.8,299.37
255.0,297.91
255.2,299.13
255.4,300.27
255.6,299.94
255.8,300.67
256.0,300.64
256.2,301.07
256.4,300.15
256.6,301.61
256.8,300.31
257.0,300.02
257.2,300.05
257.4,300.28
257.6,298.96
257.8,300.59
258.0,300.21
258.2,300.38
258.4,300.38
258.6,301.79
258.8,301.4
259.0,301.03
259.2,299.46
259.4,300.5
259.6,300.32
259.8,299.85
260.0,299.2
260.2,299.3
260.4,299.22
260.6,300.09
260.8,299.97
261.0,299.2
261.2,299.84
261.4,299.94
261.6,299.8
261.8,299.85
262.0,300.94
262.2,300.49
262.4,299.37
262.6,300.91
262.8,298.82
263.0,300.48
263.2,300.45
263.4,299.68
263.6,300.53
263.8,299.8
264.0,301.39
264.2,300.27
264.4,298.8
264.6,299.11
264.8,299.34
265.0,298.14
265.2,299.81
265.4,299.51
265.6,300.05
265.8,300.33
266.0,299.97
266.2,300.28
266.4,300.49
266.6,300.68
266.8,300.87
267.0,299.4
267.2,299.85
267.4,300.54
267.6,298.04
267.8,299.73
268.0,299.9
268.2,299.03
268.4,299.91
268.6,301.38
268.8,300.98
269.0,300.28
269.2,298.85
269.4,298.85
269.6,299.93
269.8,299.84
270.0,300.6
270.2,299.83
270.4,299.51
270.6,299.25
270.8,300.62
271.0,298.86
271.2,299.55
271.4,300.3
271.6,300.3
271.8,299.33
272.0,299.34
272.2,299.68
272.4,300.26
272.6,300.14
272.8,300.81
273.0,300.75
273.2,300.22
273.4,300.87
273.6,299.76
273.8,300.85
274.0,299.56
274.2,300.39
274.4,299.85
274.6,300.4
274.8,300.57
275.0,299.45
275.2,299.88
275.4,299.57
275.6,300.11
275.8,299.51
276.0,299.98
276.2,299.68
276.4,299.73
276.6,298.85
276.8,300.03
277.0,300.21
277.2,299.46
277.4,299.74
277.6,300.18
277.8,300.32
278.0,300.82
278.2,301.4
278.4,300.43
278.6,300.25
278.8,300.94
279.0,301.81
279.2,300.78
279.4,301.73
279.6,300.83
279.8,299.54
280.0,299.04
280.2,300.41
280.4,300.19
280.6,300.54
280.8,300.05
281.0,300.21
281.2,299.83
281.4,299.73
281.6,300.23
281.8,300.54
282.0,299.88
282.2,298.86
282.4,300.19
282.6,299.73
282.8,301.14
283.0,299.62
283.2,299.41
283.4,300.94
283.6,300.22
283.8,299.5
284.0,299.0
284.2,299.25
284.4,300.67
284.6,300.04
284.8,299.81
285.0,301.3
285.2,299.6
285.4,298.69
285.6,299.32
285.8,299.69
286.0,298.54
286.2,299.46
286.4,299.52
286.6,300.29
286.8,299.58
287.0,298.26
287.2,299.22
287.4,298.19
287.6,299.7
287.8,298.89
288.0,299.01
288.2,300.11
288.4,298.66
288.6,300.31
288.8,299.17
289.0,299.75
289.2,299.56
289.4,299.63
289.6,300.59
289.8,299.53
290.0,301.9
290.2,301.24
290.4,301.42
290.6,299.86
290.8,299.84
291.0,300.98
291.2,300.23
291.4,300.76
291.6,301.23
291.8,299.44
292.0,301.05
292.2,301.26
292.4,299.47
292.6,300.39
292.8,298.61
293.0,299.51
293.2,298.41
293.4,300.45
293.6,300.41
293.8,300.03
294.0,300.77
294.2,301.59
294.4,301.12
294.6,299.39
294.8,298.33
295.0,299.66
295.2,301.54
295.4,300.29
295.6,299.73
295.8,299.81
296.0,299.51
296.2,300.76
296.4,301.19
296.6,299.92
296.8,300.68
297.0,298.99
297.2,299.44
297.4,300.37
297.6,300.74
297.8,301.18
298.0,299.85
298.2,301.45
298.4,301.41
298.6,301.65
298.8,302.57
299.0,301.61
299.2,301.31
299.4,300.62
299.6,300.49
299.8,300.61
300.0,299.07
300.2,300.6
300.4,302.06
300.6,299.91
300.8,300.15
301.0,299.45
301.2,300.47
301.4,300.01
301.6,299.4
301.8,298.36
302.0,300.56
302.2,299.97
302.4,298.67
302.6,300.66
302.8,300.07
303.0,299.31
303.2,298.17
303.4,298.38
303.6,300.79
303.8,300.76
304.0,300.54
304.2,301.74
304.4,301.18
304.6,300.09
304.8,299.58
305.0,300.15
305.2,300.02
305.4,299.91
305.6,299.95
305.8,300.43
306.0,300.13
306.2,299.71
306.4,300.74
306.6,300.26
306.8,300.86
307.0,300.71
307.2,299.05
307.4,298.72
307.6,299.68
307.8,300.08
308.0,299.31
308.2,300.41
308.4,300.99
308.6,301.04
308.8,300.31
309.0,298.73
309.2,299.9
309.4,300.29
309.6,299.4
309.8,301.64
310.0,300.27
310.2,300.85
310.4,300.66
310.6,300.7
310.8,300.2
311.0,300.54
311.2,299.6
311.4,302.03
311.6,300.15
311.8,300.37
312.0,300.75
312.2,301.5
312.4,300.91
312.6,300.83
312.8,301.15
313.0,301.16
313.2,300.99
313.4,301.18
313.6,300.72
313.8,300.2
314.0,299.62
314.2,298.32
314.4,299.43
314.6,299.68
314.8,300.59
315.0,300.99
315.2,300.04
315.4,299.77
315.6,299.83
315.8,299.82
316.0,299.26
316.2,299.23
316.4,299.49
316.6,298.84
316.8,300.07
317.0,300.48
317.2,300.41
317.4,300.78
317.6,302.07
317.8,300.31
318.0,299.86
318.2,300.02
318.4,300.76
318.6,300.6
318.8,300.27
319.0,299.21
319.2,299.77
319.4,300.01
319.6,299.16
319.8,299.42
320.0,298.8
320.2,298.93
320.4,300.4
320.6,298.79
320.8,300.76
321.0,300.12
321.2,300.92
321.4,300.62
321.6,299.91
321.8,299.68
322.0,301.27
322.2,299.58
322.4,299.11
322.6,299.61
322.8,300.39
323.0,300.33
323.2,300.41
323.4,300.98
323.6,300.77
323.8,300.21
324.0,299.57
324.2,300.06
324.4,299.43
324.6,300.22
324.8,299.55
325.0,299.97
325.2,299.92
325.4,300.43
325.6,299.78
325.8,301.5
326.0,299.85
326.2,300.33
326.4,299.36
326.6,301.11
326.8,302.18
327.0,301.29
327.2,300.8
327.4,300.17
327.6,300.0
327.8,299.93
328.0,298.49
328.2,300.09
328.4,299.49
328.6,299.8
328.8,300.2
329.0,299.67
329.2,299.87
329.4,299.73
329.6,299.02
329.8,300.66
330.0,301.09
330.2,301.19
330.4,299.48
330.6,301.24
330.8,301.26
331.0,300.84
331.2,300.05
331.4,300.14
331.6,300.39
331.8,301.29
332.0,301.72
332.2,300.73
332.4,300.91
332.6,300.18
332.8,298.88
333.0,299.29
333.2,299.82
333.4,300.41
333.6,300.7
333.8,299.58
334.0,299.56
334.2,301.26
334.4,300.9
334.6,299.91
334.8,300.01
335.0,301.5
335.2,299.8
335.4,300.34
335.6,299.79
335.8,298.67
336.0,299.37
336.2,299.98
336.4,298.9
336.6,299.09
336.8,299.53
337.0,299.71
337.2,299.47
337.4,298.91
337.6,300.51
337.8,301.2
338.0,300.33
338.2,299.39
338.4,299.14
338.6,299.52
338.8,300.56
339.0,300.26
339.2,300.06
339.4,301.43
339.6,300.45
339.8,300.34
340.0,301.83
340.2,299.87
340.4,300.57
340.6,299.1
340.8,300.25
341.0,300.67
341.2,299.96
341.4,300.64
341.6,299.44
341.8,299.95
342.0,301.09
342.2,298.8
342.4,299.72
342.6,301.3
342.8,300.55
343.0,300.75
343.2,299.63
343.4,299.39
343.6,300.1
343.8,300.4
344.0,301.05
344.2,300.79
344.4,300.61
344.6,299.09
344.8,299.41
345.0,298.87
345.2,300.02
345.4,299.13
345.6,300.33
345.8,299.86
346.0,300.63
346.2,299.51
346.4,299.48
346.6,299.3
346.8,299.96
347.0,300.5
347.2,299.14
347.4,299.29
347.6,299.38
347.8,300.61
348.0,300.31
348.2,299.13
348.4,299.98
348.6,299.55
348.8,299.72
349.0,299.1
349.2,299.12
349.4,300.84
349.6,300.22
349.8,300.81
350.0,300.8
350.2,300.28
350.4,300.52
350.6,299.46
350.8,300.48
351.0,299.08
351.2,299.21
351.4,300.17
351.6,299.87
351.8,301.27
352.0,300.46
352.2,300.41
352.4,300.15
352.6,300.74
352.8,299.74
353.0,299.65
353.2,299.13
353.4,299.81
353.6,300.62
353.8,300.78
354.0,301.49
354.2,301.18
354.4,300.59
354.6,300.4
354.8,301.39
355.0,300.95
355.2,301.08
355.4,301.25
355.6,300.76
355.8,300.0
356.0,301.16
356.2,301.15
356.4,300.66
356.6,299.99
356.8,299.4
357.0,300.24
357.2,299.7
357.4,300.65
357.6,301.63
357.8,300.47
358.0,300.19
358.2,300.74
358.4,301.11
358.6,301.27
358.8,300.39
359.0,299.98
359.2,300.39
359.4,300.9
359.6,299.93
359.8,300.3
360.0,299.92
360.2,299.25
360.4,299.87
360.6,300.25
360.8,301.15
361.0,300.59
361.2,299.97
361.4,299.53
361.6,299.07
361.8,301.0
362.0,300.25
362.2,299.86
362.4,299.21
362.6,299.22
362.8,297.61
363.0,299.76
363.2,299.01
363.4,300.51
363.6,299.12
363.8,300.98
364.0,300.7
364.2,299.97
364.4,300.19
364.6,300.5
364.8,301.24
365.0,299.4
365.2,300.03
365.4,299.36
365.6,299.12
365.8,299.79
366.0,302.14
366.2,300.14
366.4,299.16
366.6,299.27
366.8,300.05
367.0,299.67
367.2,300.65
367.4,300.29
367.6,298.8
367.8,300.27
368.0,299.56
368.2,300.1
368.4,300.33
368.6,299.7
368.8,299.47
369.0,300.01
369.2,300.82
369.4,298.52
369.6,299.88
369.8,299.55
370.0,299.95
370.2,300.1
370.4,299.99
370.6,300.68
370.8,300.52
371.0,300.2
371.2,299.82
371.4,297.81
371.6,299.14
371.8,300.09
372.0,299.86
372.2,300.08
372.4,300.63
372.6,299.75
372.8,299.81
373.0,300.92
373.2,299.76
373.4,299.7
373.6,300.55
373.8,301.24
374.0,301.63
374.2,300.97
374.4,301.34
374.6,300.37
374.8,300.47
375.0,301.75
375.2,300.0
375.4,300.75
375.6,300.09
375.8,299.48
376.0,300.46
376.2,299.43
376.4,299.17
376.6,299.57
376.8,300.43
377.0,299.64
377.2,301.31
377.4,301.07
377.6,300.53
377.8,300.33
378.0,300.04
378.2,300.17
378.4,300.17
378.6,301.02
378.8,298.95
379.0,299.27
379.2,298.58
379.4,300.06
379.6,299.28
379.8,300.71
380.0,300.35
380.2,299.19
380.4,299.16
380.6,300.66
380.8,298.89
381.0,299.26
381.2,299.87
381.4,299.56
381.6,298.76
381.8,299.75
382.0,301.78
382.2,300.31
382.4,299.57
382.6,301.37
382.8,300.01
383.0,299.52
383.2,299.24
383.4,300.19
383.6,300.07
383.8,298.69
384.0,299.34
384.2,298.79
384.4,298.5
384.6,299.12
384.8,298.71
385.0,300.24
385.2,299.53
385.4,300.61
385.6,301.37
385.8,300.63
386.0,300.23
386.2,300.3
386.4,300.4
386.6,300.09
386.8,300.43
387.0,301.13
387.2,299.68
387.4,298.13
387.6,299.63
387.8,299.47
388.0,299.3
388.2,300.31
388.4,300.27
388.6,298.44
388.8,300.4
389.0,300.92
389.2,299.41
389.4,299.96
389.6,300.44
389.8,300.16
390.0,299.54
390.2,300.4
390.4,298.87
390.6,299.38
390.8,299.96
391.0,299.9
391.2,300.69
391.4,300.05
391.6,300.38
391.8,300.68
392.0,299.56
392.2,300.17
392.4,299.49
392.6,299.98
392.8,299.6
393.0,299.54
393.2,300.84
393.4,300.38
393.6,300.12
393.8,300.3
394.0,299.56
394.2,299.07
394.4,300.19
394.6,298.91
394.8,300.59
395.0,299.53
395.2,300.63
395.4,299.7
395.6,300.64
395.8,300.19
396.0,299.93
396.2,298.96
396.4,299.45
396.6,301.51
396.8,300.12
397.0,299.73
397.2,299.82
397.4,300.08
397.6,298.64
397.8,299.58
398.0,299.76
398.2,300.85
398.4,298.73
398.6,299.25
398.8,299.64
399.0,299.6
399.2,298.86
399.4,298.96
399.6,298.51
399.8,299.75
400.0,299.14
400.2,299.62
400.4,300.04
400.6,298.75
400.8,299.86
401.0,299.67
401.2,300.59
401.4,298.94
401.6,299.02
401.8,299.55
402.0,299.46
402.2,299.74
402.4,299.78
402.6,298.96
402.8,300.09
403.0,299.37
403.2,299.94
403.4,302.17
403.6,301.02
403.8,300.34
404.0,299.34
404.2,299.24
404.4,299.05
404.6,300.48
404.8,300.29
405.0,302.12
405.2,300.07
405.4,301.23
405.6,300.15
405.8,299.93
406.0,301.32
406.2,301.34
406.4,302.53
406.6,300.73
406.8,301.19
407.0,300.53
407.2,298.92
407.4,300.12
407.6,300.11
407.8,300.33
408.0,300.31
408.2,299.43
408.4,299.54
408.6,300.21
408.8,300.07
409.0,300.06
409.2,300.01
409.4,299.36
409.6,299.11
409.8,300.08
410.0,300.27
410.2,299.1
410.4,300.52
410.6,301.31
410.8,300.29
411.0,299.16
411.2,301.26
411.4,299.78
411.6,299.9
411.8,299.66
412.0,299.8
412.2,300.02
412.4,300.97
412.6,299.39
412.8,300.06
413.0,300.19
413.2,300.27
413.4,298.84
413.6,299.99
413.8,299.86
414.0,299.3
414.2,299.9
414.4,301.36
414.6,299.57
414.8,301.29
415.0,298.67
415.2,300.22
415.4,300.42
415.6,299.4
415.8,299.8
416.0,299.91
416.2,300.6
416.4,300.71
416.6,299.96
416.8,299.58
417.0,299.39
417.2,300.39
417.4,298.99
417.6,299.75
417.8,297.97
418.0,299.57
418.2,300.3
418.4,300.44
418.6,299.64
418.8,298.06
419.0,299.65
419.2,299.96
419.4,300.66
419.6,300.84
419.8,299.82
420.0,300.16
420.2,299.73
420.4,300.76
420.6,300.24
420.8,300.2
421.0,299.29
421.2,299.8
421.4,298.97
421.6,299.69
421.8,300.67
422.0,300.61
422.2,300.64
422.4,300.25
422.6,300.71
422.8,299.95
423.0,299.92
423.2,299.99
423.4,300.31
423.6,300.08
423.8,300.89
424.0,299.62
424.2,300.21
424.4,299.78
424.6,299.83
424.8,299.08
425.0,300.52
425.2,299.09
425.4,298.92
425.6,300.04
425.8,299.29
426.0,299.95
426.2,299.15
426.4,300.53
426.6,300.7
426.8,300.01
427.0,300.31
427.2,299.65
427.4,300.28
427.6,300.56
427.8,299.48
428.0,299.07
428.2,299.65
428.4,300.21
428.6,299.76
428.8,299.06
429.0,299.38
429.2,299.37
429.4,299.65
429.6,298.82
429.8,299.47
430.0,299.54
430.2,300.44
430.4,299.68
430.6,298.91
430.8,299.51
431.2,299.55
431.4,299.98
431.6,299.57
431.8,299.96
432.0,300.24
432.2,300.0
432.4,297.93
432.6,300.68
432.8,299.64
433.0,299.31
433.2,300.57
433.4,298.63
433.6,301.19
433.8,300.07
434.0,299.8
434.2,301.3
434.4,300.88
434.6,300.75
434.8,300.61
435.0,298.86
435.2,299.82
435.4,300.27
435.6,299.06
435.8,300.37
436.0,300.56
436.2,299.5
436.4,299.48
436.6,300.23
436.8,300.04
437.0,299.6
437.2,298.85
437.4,300.57
437.6,300.49
437.8,300.91
438.0,299.6
438.2,299.72
438.4,300.15
438.6,299.52
438.8,299.46
439.0,298.66
439.2,298.74
439.4,300.1
439.6,299.61
439.8,298.64
440.0,300.07
440.2,299.79
440.4,301.32
440.6,300.04
440.8,301.22
441.0,300.65
441.2,300.78
441.4,299.51
441.6,301.38
441.8,300.42
442.0,300.5
442.2,300.88
442.4,301.03
442.6,300.99
442.8,300.35
443.0,301.63
443.2,300.39
443.4,301.98
443.6,300.36
443.8,300.89
444.0,301.01
444.2,300.25
444.4,299.99
444.6,299.73
444.8,299.98
445.0,299.42
445.2,300.11
445.4,298.62
445.6,300.16
445.8,300.7
446.0,300.52
446.2,301.04
446.4,300.85
446.6,299.7
446.8,300.55
447.0,301.33
447.2,302.08
447.4,301.01
447.6,300.97
447.8,299.88
448.0,301.43
448.2,300.37
448.4,300.39
448.6,300.45
448.8,299.35
449.0,299.77
449.2,299.98
449.4,300.72
449.6,299.59
449.8,300.47
450.0,300.28
450.2,299.43
450.4,299.88
450.6,298.86
450.8,299.47
451.0,300.04
451.2,299.78
451.4,300.43
451.6,299.8
451.8,298.74
452.0,299.81
452.2,300.22
452.4,300.45
452.6,298.8
452.8,299.9
453.0,299.89
453.2,300.08
453.4,299.92
453.6,299.09
453.8,299.27
454.0,298.7
454.2,298.97
454.4,300.41
454.6,299.85
454.8,298.54
455.0,300.03
455.2,299.98
455.4,301.3
455.6,300.84
455.8,300.78
456.0,299.65
456.2,300.98
456.4,299.86
456.6,300.04
456.8,300.47
457.0,299.72
457.2,298.44
457.4,300.61
457.6,299.92
457.8,300.85
458.0,300.21
458.2,299.23
458.4,300.22
458.6,299.37
458.8,299.12
459.0,300.01
459.2,300.16
459.4,300.38
459.6,298.41
459.8,300.03
460.0,299.74
460.2,299.87
460.4,300.61
460.6,301.04
460.8,300.47
461.0,299.57
461.2,301.5
461.4,300.99
461.6,301.27
461.8,301.41
462.0,300.95
462.2,299.79
462.4,299.1
462.6,298.77
462.8,299.46
463.0,299.48
463.2,300.11
463.4,299.42
463.6,298.6
463.8,299.25
464.0,299.45
464.2,300.22
464.4,299.68
464.6,299.37
464.8,299.75
465.0,299.39
465.2,300.09
465.4,300.19
465.6,299.61
465.8,299.18
466.0,299.08
466.2,299.45
466.4,300.27
466.6,299.93
466.8,300.53
467.0,298.1
467.2,301.21
467.4,299.43
467.6,299.98
467.8,300.45
468.0,300.46
468.2,299.31
468.4,299.94
468.6,299.9
468.8,300.9
469.0,299.77
469.2,300.24
469.4,299.64
469.6,300.65
469.8,300.43
470.0,300.24
470.2,299.97
470.4,301.44
470.6,300.64
470.8,301.46
471.0,300.62
471.2,300.14
471.4,299.35
471.6,298.26
471.8,299.37
472.0,299.75
472.2,300.56
472.4,299.48
472.6,300.84
472.8,300.29
473.0,300.39
473.2,299.62
473.4,299.8
473.6,299.14
473.8,299.26
474.0,299.92
474.2,299.21
474.4,299.46
474.6,300.15
474.8,300.94
475.0,299.48
475.2,299.82
475.4,299.71
475.6,299.07
475.8,298.28
476.0,299.04
476.2,299.76
476.4,300.02
476.6,299.31
476.8,299.83
477.0,299.18
477.2,299.79
477.4,300.93
477.6,298.61
477.8,299.94
478.0,300.34
478.2,299.44
478.4,299.93
478.6,299.97
478.8,299.92
479.0,301.38
479.2,300.48
479.4,300.37
479.6,300.49
479.8,301.08
480.0,300.3
480.2,299.84
480.4,299.35
480.6,298.03
480.8,298.19
481.0,299.54
481.2,299.03
481.4,299.54
481.6,300.51
481.8,299.99
482.0,299.51
482.2,300.17
482.4,301.12
482.6,302.24
482.8,299.76
483.0,300.69
483.2,300.74
483.4,301.69
483.6,300.85
483.8,298.93
484.0,300.48
484.2,300.5
484.4,299.42
484.6,300.29
484.8,300.14
485.0,300.58
485.2,299.11
485.4,301.58
485.6,298.83
485.8,299.18
486.0,300.26
486.2,300.49
486.4,301.53
486.6,300.45
486.8,301.43
487.0,301.69
487.2,300.09
487.4,300.88
487.6,301.58
487.8,300.38
488.0,299.62
488.2,300.29
488.4,300.09
488.6,301.09
488.8,300.64
489.0,300.52
489.2,298.92
489.4,299.78
489.6,300.41
489.8,298.42
490.0,300.54
490.2,300.16
490.4,300.44
490.6,298.9
490.8,300.37
491.0,301.12
491.2,299.65
491.4,298.79
491.6,300.7
491.8,301.78
492.0,300.56
492.2,299.58
492.4,299.64
492.6,299.93
492.8,299.19
493.0,301.53
493.2,300.28
493.4,298.14
493.6,299.79
493.8,299.31
494.0,300.45
494.2,300.51
494.4,301.95
494.6,299.89
494.8,299.54
495.0,300.08
495.2,299.22
495.4,300.96
495.6,301.66
495.8,300.3
496.0,299.58
496.2,299.26
496.4,298.86
496.6,298.75
496.8,298.96
497.0,299.72
497.2,300.44
497.4,300.05
497.6,300.01
497.8,300.18
498.0,299.65
498.2,300.17
498.4,300.1
498.6,300.0
498.8,299.87
499.0,300.31
499.2,300.17
499.4,300.45
499.6,300.05
499.8,301.02
500.0,300.93
500.2,300.14
500.4,300.97
500.6,299.51
500.8,300.98
501.0,300.45
501.2,300.77
501.4,300.28
501.6,299.51
501.8,299.61
502.0,300.06
502.2,299.57
502.4,298.9
502.6,299.04
502.8,299.44
503.0,300.08
503.2,299.16
503.4,299.28
503.6,299.01
503.8,299.29
504.0,299.87
504.2,299.84
504.4,300.1
504.6,300.2
504.8,301.09
505.0,300.17
505.2,299.98
505.4,300.35
505.6,300.59
505.8,300.79
506.0,299.6
506.2,299.66
506.4,301.43
506.6,300.7
506.8,300.43
507.0,299.95
507.2,300.07
507.4,300.32
507.6,299.52
507.8,299.31
508.0,299.8
508.2,300.04
508.4,299.47
508.6,300.27
508.8,300.13
509.0,301.07
509.2,299.46
509.4,299.78
509.6,300.21
509.8,298.82
510.0,299.51
510.2,300.37
510.4,299.5
510.6,300.73
510.8,301.45
511.0,301.11
511.2,300.63
511.4,301.77
511.6,299.75
511.8,299.89
512.0,300.56
512.2,300.34
512.4,299.56
512.6,299.61
512.8,299.47
513.0,300.4
513.2,301.0
513.4,299.62
513.6,299.79
513.8,298.53
514.0,299.72
514.2,298.72
514.4,298.69
514.6,299.53
514.8,301.04
515.0,298.79
515.2,300.17
515.4,298.61
515.6,298.51
515.8,299.1
516.0,299.1
516.2,300.43
516.4,300.16
516.6,301.69
516.8,300.67
517.0,299.66
517.2,299.73
517.4,299.65
517.6,300.45
517.8,300.26
518.0,300.99
518.2,300.83
518.4,300.91
518.6,299.51
518.8,300.22
519.0,301.02
519.2,301.68
519.4,301.11
519.6,300.11
519.8,300.01
520.0,300.74
520.2,300.3
520.4,300.33
520.6,300.65
520.8,300.41
521.0,299.54
521.2,300.75
521.4,299.05
521.6,298.6
521.8,300.11
522.0,300.69
522.2,301.06
522.4,299.59
522.6,300.01
522.8,300.39
523.0,300.24
523.2,301.0
523.4,299.69
523.6,300.85
523.8,301.44
524.0,300.97
524.2,300.62
524.4,298.65
524.6,300.33
524.8,300.67
525.0,300.62
525.2,301.0
525.4,300.25
525.6,299.63
525.8,299.21
526.0,298.79
526.2,299.64
526.4,298.77
526.6,300.01
526.8,300.95
527.0,300.15
527.2,299.97
527.4,299.46
527.6,298.96
527.8,299.96
528.0,300.98
528.2,300.4
528.4,300.2
528.6,300.49
528.8,299.61
529.0,299.4
529.2,300.09
529.4,299.4
529.6,299.65
529.8,299.47
530.0,300.32
530.2,301.47
530.4,301.86
530.6,300.72
530.8,301.48
531.0,299.72
531.2,299.04
531.4,300.26
531.6,299.31
531.8,299.93
532.0,299.05
532.2,298.89
532.4,299.3
532.6,299.06
532.8,298.75
533.0,299.68
533.2,300.53
533.4,298.87
533.6,301.24
533.8,298.98
534.0,300.24
534.2,299.49
534.4,299.7
534.6,298.1
534.8,299.31
535.0,299.68
535.2,299.54
535.4,298.53
535.6,300.03
535.8,299.88
536.0,298.91
536.2,299.1
536.4,300.39
536.6,299.81
536.8,300.12
537.0,299.74
537.2,300.19
537.4,299.93
537.6,299.79
537.8,299.26
538.0,299.85
538.2,299.81
538.4,300.67
538.6,298.86
538.8,299.7
539.0,299.89
539.2,300.04
539.4,299.96
539.6,300.54
539.8,301.32
540.0,299.77
540.2,299.01
540.4,299.93
540.6,299.93
540.8,299.28
541.0,300.07
541.2,300.18
541.4,300.16
541.6,299.84
541.8,300.02
542.0,301.0
542.2,300.59
542.4,299.86
542.6,300.44
542.8,302.1
543.0,300.19
543.2,298.74
543.4,299.4
543.6,299.0
543.8,298.96
544.0,301.56
544.2,300.37
544.4,300.4
544.6,300.47
544.8,300.78
545.0,300.98
545.2,300.89
545.4,299.54
545.6,300.31
545.8,299.13
546.0,300.79
546.2,301.57
546.4,298.71
546.6,301.69
546.8,299.99
547.0,300.37
547.2,300.94
547.4,300.92
547.6,299.73
547.8,300.36
548.0,299.9
548.2,300.83
548.4,301.44
548.6,302.13
548.8,301.09
549.0,300.72
549.2,301.04
549.4,300.86
549.6,301.91
549.8,299.72
550.0,301.48
550.2,301.28
550.4,301.07
550.6,300.81
550.8,300.52
551.0,300.5
551.2,300.06
551.4,299.23
551.6,301.31
551.8,299.35
552.0,300.57
552.2,300.62
552.4,301.19
552.6,300.01
552.8,301.11
553.0,301.67
553.2,300.43
553.4,301.51
553.6,300.4
553.8,301.15
554.0,299.87
554.2,300.12
554.4,301.24
554.6,299.8
554.8,300.46
555.0,300.61
555.2,299.29
555.4,300.66
555.6,299.4
555.8,300.51
556.0,298.64
556.2,299.81
556.4,299.52
556.6,300.83
556.8,300.12
557.0,300.09
557.2,300.46
557.4,300.63
557.6,300.36
557.8,300.74
558.0,300.08
558.2,299.87
558.4,299.19
558.6,299.12
558.8,299.45
559.0,299.22
559.2,299.8
559.4,300.18
559.6,299.59
559.8,300.43
560.0,299.87
560.2,300.06
560.4,300.58
560.6,298.5
560.8,298.96
561.0,298.63
561.2,299.32
561.4,301.13
561.6,299.83
561.8,300.2
562.0,299.22
562.2,299.86
562.4,298.46
562.6,299.32
562.8,299.43
563.0,299.99
563.2,299.95
563.4,300.49
563.6,299.94
563.8,300.14
564.0,299.49
564.2,300.07
564.4,299.8
564.6,301.1
564.8,300.32
565.0,300.71
565.2,300.08
565.4,299.21
565.6,300.68
565.8,301.24
566.0,300.04
566.2,300.17
566.4,300.09
566.6,300.41
566.8,299.19
567.0,299.71
567.2,301.04
567.4,301.33
567.6,299.39
567.8,299.85
568.0,300.0
568.2,300.03
568.4,301.03
568.6,300.55
568.8,300.75
569.0,299.18
569.2,302.18
569.4,301.21
569.6,300.56
569.8,300.86
570.0,300.48
570.2,300.32
570.4,300.15
570.6,299.95
570.8,300.51
571.0,299.95
571.2,299.84
571.4,300.86
571.6,299.89
571.8,299.49
572.0,299.82
572.2,298.92
572.4,296.95
572.6,298.95
572.8,300.64
573.0,302.39
573.2,301.48
573.4,300.05
573.6,300.03
573.8,299.66
574.0,299.94
574.2,299.74
574.4,300.23
574.6,300.52
574.8,301.6
575.0,300.39
575.2,300.63
575.4,299.86
575.6,299.88
575.8,298.4
576.0,299.57
576.2,298.77
576.4,299.01
576.6,299.2
576.8,301.13
577.0,299.57
577.2,299.89
577.4,299.44
577.6,298.84
577.8,299.19
578.0,300.48
578.2,300.21
578.4,300.15
578.6,300.19
578.8,299.03
579.0,300.04
579.2,300.17
579.4,299.71
579.6,298.92
579.8,299.89
580.0,298.94
580.2,299.58
580.4,301.1
580.6,300.84
580.8,299.78
581.0,299.8
581.2,298.78
581.4,301.02
581.6,300.59
581.8,300.64
582.0,300.2
582.2,300.14
582.4,298.91
582.6,301.43
582.8,300.01
583.0,300.33
583.2,299.67
583.4,301.38
583.6,300.13
583.8,299.34
584.0,298.52
584.2,300.1
584.4,301.05
584.6,301.58
584.8,302.0
585.0,299.96
585.2,301.67
585.4,301.82
585.6,299.71
585.8,300.07
586.0,300.35
586.2,300.45
586.4,300.88
586.6,299.15
586.8,300.03
587.0,299.72
587.2,298.84
587.4,298.83
587.6,300.16
587.8,299.88
588.0,300.67
588.2,299.4
588.4,299.68
588.6,300.76
588.8,299.7
589.0,300.47
589.2,299.52
589.4,300.08
589.6,300.16
589.8,301.46
590.0,301.48
590.2,300.62
590.4,300.56
590.6,299.95
590.8,300.85
591.0,301.35
591.2,300.96
591.4,300.41
591.6,301.93
591.8,301.77
592.0,300.93
592.2,299.47
592.4,299.39
592.6,300.01
592.8,300.94
593.0,300.07
593.2,299.9
593.4,300.29
593.6,300.68
593.8,299.82
594.0,299.17
594.2,298.52
594.4,299.63
594.6,300.06
594.8,299.2
595.0,299.35
595.2,300.67
595.4,301.05
595.6,300.52
595.8,300.38
596.0,300.7
596.2,300.88
596.4,299.81
596.6,301.17
596.8,300.66
597.0,299.59
597.2,298.79
597.4,299.09
597.6,300.15
597.8,299.25
598.0,299.85
598.2,300.05
598.4,300.64
598.6,299.3
598.8,299.01
599.0,299.6
599.2,300.52
599.4,299.45
599.6,299.29
599.8,300.39
600.0,300.64
600.2,299.82
600.4,300.13
600.6,300.5
600.8,299.87
601.0,300.15
601.2,299.55
601.4,300.55
601.6,301.25
601.8,300.28
602.0,301.03
602.2,299.84
602.4,299.07
602.6,299.5
602.8,299.91
603.0,299.57
603.2,300.09
603.4,298.33
603.6,299.9
603.8,300.44
604.0,299.85
604.2,299.95
604.4,299.73
604.6,299.44
604.8,298.69
605.0,298.63
605.2,299.99
605.4,299.73
605.6,298.64
605.8,298.68
606.0,299.08
606.2,299.93
606.4,301.44
606.6,301.55
606.8,300.97
607.0,300.12
607.2,300.86
607.4,301.56
607.6,300.4
607.8,301.38
608.0,301.37
608.2,299.55
608.4,299.54
608.6,301.14
608.8,300.25
609.0,299.03
609.2,300.07
609.4,300.11
609.6,299.58
609.8,300.32
610.0,299.04
610.2,300.09
610.4,299.37
610.6,298.98
610.8,299.2
611.0,298.23
611.2,299.25
611.4,300.21
611.6,299.67
611.8,300.18
612.0,299.52
612.2,300.99
612.4,301.39
612.6,299.72
612.8,300.17
613.0,299.65
613.2,302.03
613.4,301.71
613.6,301.11
613.8,300.78
614.0,301.48
614.2,300.75
614.4,299.86
614.6,299.92
614.8,299.16
615.0,300.6
615.2,300.58
615.4,299.58
615.6,300.5
615.8,300.86
616.0,301.43
616.2,300.88
616.4,300.66
616.6,300.6
616.8,298.72
617.0,299.75
617.2,299.74
617.4,300.75
617.6,299.99
617.8,299.58
618.0,298.82
618.2,299.53
618.4,299.47
618.6,300.62
618.8,299.33
619.0,300.57
619.2,299.45
619.4,298.87
619.6,300.06
619.8,299.86
620.0,300.5
620.2,299.53
620.4,300.58
620.6,300.95
620.8,300.18
621.0,300.34
621.2,299.26
621.4,298.82
621.6,300.1
621.8,300.13
622.0,300.35
622.2,299.77
622.4,299.43
622.6,300.26
622.8,300.42
623.0,299.83
623.2,300.0
623.4,300.15
623.6,300.89
623.8,299.83
624.0,299.05
624.2,299.95
624.4,301.4
624.6,299.13
624.8,300.18
625.0,299.56
625.2,298.94
625.4,300.14
625.6,299.81
625.8,300.57
626.0,300.07
626.2,300.04
626.4,300.3
626.6,300.93
626.8,300.12
627.0,300.56
627.2,301.21
627.4,299.56
627.6,299.54
627.8,299.45
628.0,300.33
628.2,299.73
628.4,299.84
628.6,300.34
628.8,300.58
629.0,299.85
629.2,299.43
629.4,300.17
629.6,300.34
629.8,300.07
630.0,299.68
630.2,300.02
630.4,298.91
630.6,298.65
630.8,300.01
631.0,300.77
631.2,299.56
631.4,300.83
631.6,300.08
631.8,300.59
632.0,299.66
632.2,299.18
632.4,299.36
632.6,300.69
632.8,300.43
633.0,300.42
633.2,300.13
633.4,300.96
633.6,301.97
633.8,299.94
634.0,300.01
634.2,300.53
634.4,300.26
634.6,300.76
634.8,300.92
635.0,301.51
635.2,300.31
635.4,301.56
635.6,301.9
635.8,301.15
636.0,299.56
636.2,299.02
636.4,299.22
636.6,300.44
636.8,298.6
637.0,300.02
637.2,299.3
637.4,300.67
637.6,300.1
637.8,300.63
638.0,299.49
638.2,301.05
638.4,299.55
638.6,300.08
638.8,300.51
639.0,298.88
639.2,300.15
639.4,299.83
639.6,299.12
639.8,299.34
640.0,299.48
640.2,299.36
640.4,298.16
640.6,299.54
640.8,299.66
641.0,298.88
641.2,298.9
641.4,299.75
641.6,299.26
641.8,301.08
642.0,301.32
642.2,301.21
642.4,301.51
642.6,300.2
642.8,299.25
643.0,300.83
643.2,300.03
643.4,299.78
643.6,299.05
643.8,299.94
644.0,300.11
644.2,301.02
644.4,298.95
644.6,300.98
644.8,300.62
645.0,299.49
645.2,299.02
645.4,301.04
645.6,299.62
645.8,298.62
646.0,299.72
646.2,299.45
646.4,300.16
646.6,299.2
646.8,299.21
647.0,300.25
647.2,299.76
647.4,300.29
647.6,299.55
647.8,299.44
648.0,298.8
648.2,299.75
648.4,299.95
648.6,299.81
648.8,300.78
649.0,300.33
649.2,298.18
649.4,299.62
649.6,300.35
649.8,301.13
650.0,299.13
650.2,301.07
650.4,299.27
650.6,300.03
650.8,300.41
651.0,301.78
651.2,300.41
651.4,301.28
651.6,300.93
651.8,299.95
652.0,300.96
652.2,299.83
652.4,299.71
652.6,300.19
652.8,299.95
653.0,300.42
653.2,300.23
653.4,299.9
653.6,300.91
653.8,299.78
654.0,300.02
654.2,299.37
654.4,298.71
654.6,300.79
654.8,300.27
655.0,298.9
655.2,299.04
655.4,299.43
655.6,301.18
655.8,300.36
656.0,299.28
656.2,299.73
656.4,299.24
656.6,299.55
656.8,300.21
657.0,300.85
657.2,299.62
657.4,299.09
657.6,299.52
657.8,301.11
658.0,300.4
658.2,300.02
658.4,299.99
658.6,299.6
658.8,299.77
659.0,300.4
659.2,298.63
659.4,299.52
659.6,300.42
659.8,300.0
660.0,299.44
660.2,299.88
660.4,300.29
660.6,298.99
660.8,301.05
661.0,299.86
661.2,301.48
661.4,300.09
661.6,300.13
661.8,300.15
662.0,301.03
662.2,300.48
662.4,299.67
662.6,300.64
662.8,300.15
663.0,298.61
663.2,298.76
663.4,299.39
663.6,298.67
663.8,298.97
664.0,299.13
664.2,300.01
664.4,299.49
664.6,300.54
664.8,300.9
665.0,300.21
665.2,299.93
665.4,299.62
665.6,298.98
665.8,299.31
666.0,299.8
666.2,300.76
666.4,300.62
666.6,299.64
666.8,299.51
667.0,298.19
667.2,299.1
667.4,300.06
667.6,300.32
667.8,301.22
668.0,300.07
668.2,300.44
668.4,300.74
668.6,300.23
668.8,300.17
669.0,301.83
669.2,300.05
669.4,300.27
669.6,299.85
669.8,299.85
670.0,299.64
670.2,301.0
670.4,300.41
670.6,300.07
670.8,299.74
671.0,300.94
671.2,300.81
671.4,300.65
671.6,300.05
671.8,299.82
672.0,301.18
672.2,298.7
672.4,299.18
672.6,299.54
672.8,298.95
673.0,299.44
673.2,299.74
673.4,298.7
673.6,298.33
673.8,298.78
674.0,299.46
674.2,299.56
674.4,299.4
674.6,300.01
674.8,299.43
675.0,299.41
675.2,299.66
675.4,300.05
675.6,299.99
675.8,301.39
676.0,299.42
676.2,300.19
676.4,299.71
676.6,299.49
676.8,300.07
677.0,299.73
677.2,299.73
677.4,300.75
677.6,300.58
677.8,299.46
678.0,300.61
678.2,300.96
678.4,299.19
678.6,299.22
678.8,299.08
679.0,298.96
679.2,300.37
679.4,299.72
679.6,299.73
679.8,300.01
680.0,299.35
680.2,299.88
680.4,300.38
680.6,299.88
680.8,298.19
681.0,300.22
681.2,300.0
681.4,298.56
681.6,300.77
681.8,299.79
682.0,299.49
682.2,300.81
682.4,299.8
682.6,300.81
682.8,299.79
683.0,301.8
683.2,301.42
683.4,301.56
683.6,300.73
683.8,301.02
684.0,301.21
684.2,300.65
684.4,301.41
684.6,300.88
684.8,300.93
685.0,300.28
685.2,300.15
685.4,301.3
685.6,300.26
685.8,299.76
686.0,299.7
686.2,299.85
686.4,300.01
686.6,299.81
686.8,301.22
687.0,301.05
687.2,300.29
687.4,299.87
687.6,300.97
687.8,300.27
688.0,300.83
688.2,300.66
688.4,300.09
688.6,299.71
688.8,300.57
689.0,300.54
689.2,300.15
689.4,301.03
689.6,300.52
689.8,300.21
690.0,299.75
690.2,299.71
690.4,301.15
690.6,301.48
690.8,301.3
691.0,302.06
691.2,302.35
691.4,301.84
691.6,300.13
691.8,300.67
692.0,300.89
692.2,300.52
692.4,299.72
692.6,299.02
692.8,300.13
693.0,299.26
693.2,299.92
693.4,299.97
693.6,299.25
693.8,300.14
694.0,300.8
694.2,299.82
694.4,299.04
694.6,299.29
694.8,300.52
695.0,300.41
695.2,299.88
695.4,299.89
695.6,300.5
695.8,300.21
696.0,300.43
696.2,299.33
696.4,299.73
696.6,299.06
696.8,299.91
697.0,300.07
697.2,299.16
697.4,298.58
697.6,300.23
697.8,299.56
698.0,298.5
698.2,299.79
698.4,300.3
698.6,300.88
698.8,299.21
699.0,300.64
699.2,299.33
699.4,300.19
699.6,300.51
699.8,301.63
700.0,299.98
700.2,301.98
700.4,300.36
700.6,300.29
700.8,300.6
701.0,301.36
701.2,299.32
701.4,300.29
701.6,299.02
701.8,300.71
702.0,300.51
702.2,301.53
702.4,300.74
702.6,300.66
702.8,300.64
703.0,299.74
703.2,299.54
703.4,299.62
703.6,300.17
703.8,300.45
704.0,299.67
704.2,299.13
704.4,301.91
704.6,300.82
704.8,300.88
705.0,300.53
705.2,299.75
705.4,300.76
705.6,298.98
705.8,300.7
706.0,299.63
706.2,299.82
706.4,300.23
706.6,300.33
706.8,300.06
707.0,299.91
707.2,299.57
707.4,299.62
707.6,300.65
707.8,299.1
708.0,300.3
708.2,299.62
708.4,299.25
708.6,301.15
708.8,301.15
709.0,298.42
709.2,299.53
709.4,300.75
709.6,298.98
709.8,300.12
710.0,299.78
710.2,299.71
710.4,299.2
710.6,300.0
710.8,300.18
711.0,300.03
711.2,299.89
711.4,300.42
711.6,300.09
711.8,299.98
712.0,298.27
712.2,300.15
712.4,300.1
712.6,300.21
712.8,299.49
713.0,299.59
713.2,300.27
713.4,299.87
713.6,301.27
713.8,299.86
714.0,299.8
714.2,298.88
714.4,300.3
714.6,299.84
714.8,299.18
715.0,299.18
715.2,300.62
715.4,299.61
715.6,300.18
715.8,300.13
716.0,300.18
716.2,300.78
716.4,300.87
716.6,300.44
716.8,299.74
717.0,298.6
717.2,299.65
717.4,298.91
717.6,299.1
717.8,298.87
718.0,299.99
718.2,300.07
718.4,300.85
718.6,299.57
718.8,298.81
719.0,299.44
719.2,299.12
719.4,300.46
719.6,299.98
719.8,300.23
720.0,299.33
720.2,299.9
720.4,299.09
720.6,297.96
720.8,298.95
721.0,299.06
721.2,298.84
721.4,301.14
721.6,300.01
721.8,300.56
722.0,300.34
722.2,299.85
722.4,299.77
722.6,299.58
722.8,299.81
723.0,299.77
723.2,299.97
723.4,300.41
723.6,300.44
723.8,300.53
724.0,301.38
724.2,299.67
724.4,300.09
724.6,299.26
724.8,299.74
725.0,300.88
725.2,299.76
725.4,300.93
725.6,300.47
725.8,299.6
726.0,299.48
726.2,299.94
726.4,300.06
726.6,301.18
726.8,300.13
727.0,299.7
727.2,300.28
727.4,300.15
727.6,300.46
727.8,300.97
728.0,300.03
728.2,299.6
728.4,298.87
728.6,300.43
728.8,301.08
729.0,300.59
729.2,299.77
729.4,300.75
729.6,299.79
729.8,300.74
730.0,300.91
730.2,300.03
730.4,300.58
730.6,299.44
730.8,300.89
731.0,299.26
731.2,299.55
731.4,299.77
731.6,299.68
731.8,299.54
732.0,298.9
732.2,300.16
732.4,299.33
732.6,300.32
732.8,299.25
733.0,300.75
733.2,300.16
733.4,300.63
733.6,298.64
733.8,299.56
734.0,300.08
734.2,299.94
734.4,299.18
734.6,301.11
734.8,302.26
735.0,301.26
735.2,300.68
735.4,299.68
735.6,299.84
735.8,300.12
736.0,299.13
736.2,299.32
736.4,299.14
736.6,299.87
736.8,300.67
737.0,300.44
737.2,300.08
737.4,301.38
737.6,300.59
737.8,300.75
738.0,299.4
738.2,299.99
738.4,299.99
738.6,299.53
738.8,300.66
739.0,300.31
739.2,298.96
739.4,299.38
739.6,300.61
739.8,299.33
740.0,299.09
740.2,300.05
740.4,299.11
740.6,300.21
740.8,299.43
741.0,300.75
741.2,301.09
741.4,299.78
741.6,299.39
741.8,300.48
742.0,300.84
742.2,298.44
742.4,299.08
742.6,300.24
742.8,298.96
743.0,300.29
743.2,299.34
743.4,299.85
743.6,298.33
743.8,300.61
744.0,299.91
744.2,299.35
744.4,299.55
744.6,298.88
744.8,300.48
745.0,301.56
745.2,299.27
745.4,300.92
745.6,300.22
745.8,298.23
746.0,299.11
746.2,299.39
746.4,297.76
746.6,298.89
746.8,300.12
747.0,299.31
747.2,300.05
747.4,299.87
747.6,300.99
747.8,300.13
748.0,301.12
748.2,300.64
748.4,299.76
748.6,299.37
748.8,300.83
749.0,300.44
749.2,299.32
749.4,299.2
749.6,299.09
749.8,299.28
750.0,299.07
750.2,300.21
750.4,301.27
750.6,300.58
750.8,299.25
751.0,299.7
751.2,300.75
751.4,301.19
751.6,298.99
751.8,298.55
752.0,298.73
752.2,298.65
752.4,299.5
752.6,300.34
752.8,299.11
753.0,300.35
753.2,300.68
753.4,300.31
753.6,300.78
753.8,301.01
754.0,301.36
754.2,301.29
754.4,301.56
754.6,301.07
754.8,300.57
755.0,302.12
755.2,299.94
755.4,300.37
755.6,300.89
755.8,300.4
756.0,299.61
756.2,300.63
756.4,299.42
756.6,299.74
756.8,300.53
757.0,301.09
757.2,299.89
757.4,299.98
757.6,300.78
757.8,300.54
758.0,300.34
758.2,300.27
758.4,300.2
758.6,300.53
758.8,300.21
759.0,299.83
759.2,299.51
759.4,300.0
759.6,299.88
759.8,299.72
760.0,299.66
760.2,299.57
760.4,300.56
760.6,299.2
760.8,299.71
761.0,300.67
761.2,299.71
761.4,300.34
761.6,301.85
761.8,300.9
762.0,300.28
762.2,300.64
762.4,300.93
762.6,301.12
762.8,301.05
763.0,298.28
763.2,300.0
763.4,301.06
763.6,301.04
763.8,300.78
764.0,300.4
764.2,300.11
764.4,300.2
764.6,300.45
764.8,300.05
765.0,299.53
765.2,300.23
765.4,297.35
765.6,299.56
765.8,302.36
766.0,300.89
766.2,300.29
766.4,300.17
766.6,301.08
766.8,299.66
767.0,300.32
767.2,300.71
767.4,299.37
767.6,299.67
767.8,300.44
768.0,298.93
768.2,299.83
768.4,300.6
768.6,300.42
768.8,300.58
769.0,300.53
769.2,300.01
769.4,300.28
769.6,300.28
769.8,301.42
770.0,300.15
770.2,299.92
770.4,299.63
770.6,300.03
770.8,302.35
771.0,300.87
771.2,299.84
771.4,298.45
771.6,298.56
771.8,298.64
772.0,300.15
772.2,300.51
772.4,300.84
772.6,300.3
772.8,299.57
773.0,300.3
773.2,299.7
773.4,299.58
773.6,299.72
773.8,300.01
774.0,300.43
774.2,299.31
774.4,298.81
774.6,299.63
774.8,300.82
775.0,300.86
775.2,300.24
775.4,300.18
775.6,298.43
775.8,299.71
776.0,300.15
776.2,298.78
776.4,300.51
776.6,301.95
776.8,299.58
777.0,299.56
777.2,299.17
777.4,299.97
777.6,300.31
777.8,299.61
778.0,300.81
778.2,301.44
778.4,301.89
778.6,300.98
778.8,299.66
779.0,299.23
779.2,300.5
779.4,301.15
779.6,300.82
779.8,301.23
780.0,300.28
780.2,300.96
780.4,301.69
780.6,300.38
780.8,301.97
781.0,301.15
781.2,300.98
781.4,301.51
781.6,301.43
781.8,300.38
782.0,301.39
782.2,301.2
782.4,300.3
782.6,299.63
782.8,299.05
783.0,298.74
783.2,298.83
783.4,299.28
783.6,299.73
783.8,299.65
784.0,300.5
784.2,299.78
784.4,299.22
784.6,300.3
784.8,298.36
785.0,300.48
785.2,299.35
785.4,299.8
785.6,299.6
785.8,299.86
786.0,300.67
786.2,300.91
786.4,300.05
786.6,299.27
786.8,300.37
787.0,299.57
787.2,299.53
787.4,299.72
787.6,300.53
787.8,300.24
788.0,300.05
788.2,300.11
788.4,299.73
788.6,301.14
788.8,299.09
789.0,300.96
789.2,299.93
789.4,299.62
789.6,301.35
789.8,299.71
790.0,299.09
790.2,300.22
790.4,300.04
790.6,299.28
790.8,299.62
791.0,299.39
791.2,300.06
791.4,299.51
791.6,299.44
791.8,299.94
792.0,298.75
792.2,298.29
792.4,299.56
792.6,299.6
792.8,300.29
793.0,299.48
793.2,298.33
793.4,298.29
793.6,299.82
793.8,299.55
794.0,299.77
794.2,299.91
794.4,299.78
794.6,300.4
794.8,301.04
795.0,298.43
795.2,300.09
795.4,299.31
795.6,299.26
795.8,301.18
796.0,299.8
796.2,301.31
796.4,300.73
796.6,299.28
796.8,300.48
797.0,299.37
797.2,299.36
797.4,299.9
797.6,299.8
797.8,299.49
798.0,300.89
798.2,299.91
798.4,298.55
798.6,298.96
798.8,299.44
799.0,299.11
799.2,298.96
799.4,299.25
799.6,300.74
799.8,300.37
800.0,300.39
800.2,299.7
800.4,300.08
800.6,299.76
800.8,298.21
801.0,300.48
801.2,299.0
801.4,300.61
801.6,298.88
801.8,298.94
802.0,299.79
802.2,299.06
802.4,300.01
802.6,300.29
802.8,299.77
803.0,299.5
803.2,300.61
803.4,301.5
803.6,300.93
803.8,300.54
804.0,300.55
804.2,299.94
804.4,299.34
804.6,298.86
804.8,299.63
805.0,299.84
805.2,298.86
805.4,299.89
805.6,300.4
805.8,300.1
806.0,298.96
806.2,300.05
806.4,299.86
806.6,298.84
806.8,298.82
807.0,299.84
807.2,299.79
807.4,299.67
807.6,298.91
807.8,300.7
808.0,300.03
808.2,300.29
808.4,301.62
808.6,300.71
808.8,301.07
809.0,300.2
809.2,300.34
809.4,301.19
809.6,300.19
809.8,300.57
810.0,300.59
810.2,300.02
810.4,300.72
810.6,299.83
810.8,299.57
811.0,301.23
811.2,300.92
811.4,301.78
811.6,302.57
811.8,301.86
812.0,299.95
812.2,300.13
812.4,300.17
812.6,301.35
812.8,301.0
813.0,299.83
813.2,300.94
813.4,299.57
813.6,299.53
813.8,300.5
814.0,300.48
814.2,300.27
814.4,300.89
814.6,299.67
814.8,300.54
815.0,300.83
815.2,302.09
815.4,299.3
815.6,301.11
815.8,300.64
816.0,300.92
816.2,300.4
816.4,301.16
816.6,300.24
816.8,299.87
817.0,298.94
817.2,299.51
817.4,299.69
817.6,299.4
817.8,299.67
818.0,299.49
818.2,299.8
818.4,299.77
818.6,300.2
818.8,299.88
819.0,300.05
819.2,299.23
819.4,300.67
819.6,300.5
819.8,299.72
820.0,300.26
820.2,300.43
820.4,301.17
820.6,300.54
820.8,299.35
821.0,301.31
821.2,300.51
821.4,300.68
821.6,300.97
821.8,300.09
822.0,300.39
822.2,300.55
822.4,300.75
822.6,301.07
822.8,300.69
823.0,299.75
823.2,299.73
823.4,301.61
823.6,299.86
823.8,299.39
824.0,299.07
824.2,299.07
824.4,298.97
824.6,299.6
824.8,298.55
825.0,299.32
825.2,298.73
825.4,298.44
825.6,299.06
825.8,300.32
826.0,300.23
826.2,300.08
826.4,299.27
826.6,298.63
826.8,300.56
827.0,300.84
827.2,300.86
827.4,301.62
827.6,300.34
827.8,299.18
828.0,299.56
828.2,299.99
828.4,300.69
828.6,299.69
828.8,300.05
829.0,299.3
829.2,299.73
829.4,298.96
829.6,299.19
829.8,298.87
830.0,299.37
830.2,299.62
830.4,299.83
830.6,301.16
830.8,298.9
831.0,299.54
831.2,299.74
831.4,300.53
831.6,299.63
831.8,298.9
832.0,299.22
832.2,298.29
832.4,299.36
832.6,298.82
832.8,298.04
833.0,300.13
833.2,300.81
833.4,300.37
833.6,299.91
833.8,300.32
834.0,299.57
834.2,300.6
834.4,300.37
834.6,300.89
834.8,299.74
835.0,300.1
835.2,300.58
835.4,299.81
835.6,300.09
835.8,300.28
836.0,300.09
836.2,299.21
836.4,300.76
836.6,300.19
836.8,303.04
837.0,301.53
837.2,301.53
837.4,301.44
837.6,301.29
837.8,301.57
838.0,300.91
838.2,300.46
838.4,300.8
838.6,300.2
838.8,299.98
839.0,300.18
839.2,300.15
839.4,299.92
839.6,300.07
839.8,299.69
840.0,299.12
840.2,300.16
840.4,299.58
840.6,300.64
840.8,299.89
841.0,299.83
841.2,299.61
841.4,300.34
841.6,299.09
841.8,300.26
842.0,300.65
842.2,299.41
842.4,300.05
842.6,299.09
842.8,298.71
843.0,300.33
843.2,299.31
843.4,299.7
843.6,300.36
843.8,299.85
844.0,299.47
844.2,300.85
844.4,301.29
844.6,300.22
844.8,299.54
845.0,299.24
845.2,299.0
845.4,299.39
845.6,300.07
845.8,300.32
846.0,298.53
846.2,298.97
846.4,300.48
846.6,301.67
846.8,299.21
847.0,299.51
847.2,299.59
847.4,299.73
847.6,300.52
847.8,299.79
848.0,300.78
848.2,300.59
848.4,300.61
848.6,300.71
848.8,299.68
849.0,300.77
849.2,301.96
849.4,301.54
849.6,300.62
849.8,300.82
850.0,298.97
850.2,300.44
850.4,300.55
850.6,300.29
850.8,299.13
851.0,300.06
851.2,300.4
851.4,299.19
851.6,299.97
851.8,298.77
852.0,300.31
852.2,299.39
852.4,300.46
852.6,299.24
852.8,300.5
853.0,300.08
853.2,298.52
853.4,299.12
853.6,300.67
853.8,299.85
854.0,300.32
854.2,299.74
854.4,299.14
854.6,301.79
854.8,299.32
855.0,299.94
855.2,301.05
855.4,301.42
855.6,300.71
855.8,300.23
856.0,300.0
856.2,299.79
856.4,299.68
856.6,299.58
856.8,299.46
857.0,300.24
857.2,301.17
857.4,299.04
857.6,299.58
857.8,299.52
858.0,298.41
858.2,299.37
858.4,300.68
858.6,300.86
858.8,300.63
859.0,301.67
859.2,300.92
859.4,300.65
859.6,298.9
859.8,299.64
860.0,298.89
860.2,298.28
860.4,298.71
860.6,298.77
860.8,300.48
861.0,299.64
861.2,300.41
861.4,301.11
861.6,299.04
861.8,299.42
862.0,298.87
862.2,299.45
862.4,299.18
862.6,299.68
862.8,300.02
863.0,299.41
863.2,300.41
863.4,299.75
863.6,300.16
863.8,300.78
864.0,300.8
864.2,300.19
864.4,299.96
864.6,299.82
864.8,300.63
865.0,299.52
865.2,299.17
865.4,299.45
865.6,300.11
865.8,300.04
866.0,299.82
866.2,300.56
866.4,301.28
866.6,299.9
866.8,300.03
867.0,300.07
867.2,300.12
867.4,300.41
867.6,300.24
867.8,300.64
868.0,300.36
868.2,300.07
868.4,300.21
868.6,299.62
868.8,299.67
869.0,300.48
869.2,300.96
869.4,300.93
869.6,301.77
869.8,301.22
870.0,300.99
870.2,300.56
870.4,300.72
870.6,301.06
870.8,300.21
871.0,300.71
871.2,299.69
871.4,300.4
871.6,300.83
871.8,300.56
872.0,300.84
872.2,301.26
872.4,300.69
872.6,301.23
872.8,300.1
873.0,300.67
873.2,300.64
873.4,299.64
873.6,300.24
873.8,298.22
874.0,300.31
874.2,299.71
874.4,302.0
874.6,300.41
874.8,299.84
875.0,300.52
875.2,300.55
875.4,300.41
875.6,300.46
875.8,300.53
876.0,301.36
876.2,300.75
876.4,300.71
876.6,300.32
876.8,301.71
877.0,301.68
877.2,300.87
877.4,300.81
877.6,300.55
877.8,298.88
878.0,299.28
878.2,300.07
878.4,300.01
878.6,299.96
878.8,299.01
879.0,301.15
879.2,300.29
879.4,299.79
879.6,298.9
879.8,300.21
880.0,299.48
880.2,300.42
880.4,301.83
880.6,299.53
880.8,300.17
881.0,299.94
881.2,300.12
881.4,298.81
881.6,299.75
881.8,299.12
882.0,300.98
882.2,300.28
882.4,300.72
882.6,299.77
882.8,299.41
883.0,300.1
883.2,301.24
883.4,300.69
883.6,299.58
883.8,300.39
884.0,299.39
884.2,298.65
884.4,299.46
884.6,299.72
884.8,299.01
885.0,299.05
885.2,298.92
885.4,301.72
885.6,300.95
885.8,300.23
886.0,300.83
886.2,298.87
886.4,299.09
886.6,298.95
886.8,299.37
887.0,300.89
887.2,300.04
887.4,299.13
887.6,297.89
887.8,300.42
888.0,299.07
888.2,298.85
888.4,299.13
888.6,298.97
888.8,299.75
889.0,300.88
889.2,300.98
889.4,300.09
889.6,301.49
889.8,300.62
890.0,300.06
890.2,299.28
890.4,300.03
890.6,301.86
890.8,301.6
891.0,299.94
891.2,300.79
891.4,300.48
891.6,301.67
891.8,299.92
892.0,300.88
892.2,300.76
892.4,299.84
892.6,299.75
892.8,300.43
893.0,299.34
893.2,298.82
893.4,301.08
893.6,300.31
893.8,300.6
894.0,298.63
894.2,300.83
894.4,300.12
894.6,299.52
894.8,300.7
895.0,299.27
895.2,298.96
895.4,299.21
895.6,299.09
895.8,299.94
896.0,299.98
896.2,298.82
896.4,298.79
896.6,298.4
896.8,300.03
897.0,299.28
897.2,299.92
897.4,299.53
897.6,300.03
897.8,301.43
898.0,300.96
898.2,299.19
898.4,299.25
898.6,300.35
898.8,299.73
899.0,299.34
899.2,298.94
899.4,299.44
899.6,300.09
899.8,298.85
900.0,299.61
900.2,300.44
900.4,299.26
900.6,299.95
900.8,299.63
901.0,300.57
901.2,299.95
901.4,299.07
901.6,300.07
901.8,300.51
902.0,300.02
902.2,300.61
902.4,301.09
902.6,301.75
902.8,301.46
903.0,301.02
903.2,300.54
903.4,300.76
903.6,299.68
903.8,300.21
904.0,301.07
904.2,300.51
904.4,300.17
904.6,300.71
904.8,300.82
905.0,300.44
905.2,300.43
905.4,300.0
905.6,299.96
905.8,299.75
906.0,299.49
906.2,299.45
906.4,299.86
906.6,299.41
906.8,300.07
907.0,300.14
907.2,299.52
907.4,299.44
907.6,299.6
907.8,299.26
908.0,299.65
908.2,299.2
908.4,300.38
908.6,300.73
908.8,299.79
909.0,299.52
909.2,299.87
909.4,299.19
909.6,299.7
909.8,299.59
910.0,299.04
910.2,298.15
910.4,299.31
910.6,300.28
910.8,300.32
911.0,301.28
911.2,300.58
911.4,300.57
911.6,300.85
911.8,299.91
912.0,300.25
912.2,299.57
912.4,301.19
912.6,300.63
912.8,300.28
913.0,301.02
913.2,301.61
913.4,300.43
913.6,301.33
913.8,300.77
914.0,300.37
914.2,300.64
914.4,298.38
914.6,300.18
914.8,298.67
915.0,299.85
915.2,299.9
915.4,299.05
915.6,301.22
915.8,299.92
916.0,298.66
916.2,299.17
916.4,298.84
916.6,299.51
916.8,299.12
917.0,301.01
917.2,299.8
917.4,298.72
917.6,298.78
917.8,300.78
918.0,301.55
918.2,299.0
918.4,300.82
918.6,299.94
918.8,299.38
919.0,299.9
919.2,300.33
919.4,299.66
919.6,300.7
919.8,299.75
920.0,300.71
920.2,300.0
920.4,299.96
920.6,299.77
920.8,300.22
921.0,300.55
921.2,299.42
921.4,299.95
921.6,299.74
921.8,300.21
922.0,300.41
922.2,300.76
922.4,300.25
922.6,299.19
922.8,300.53
923.0,299.96
923.2,299.56
923.4,299.26
923.6,300.29
923.8,301.16
924.0,298.62
924.2,300.7
924.4,299.96
924.6,299.14
924.8,299.75
925.0,299.97
925.2,301.16
925.4,300.85
925.6,299.95
925.8,300.63
926.0,300.07
926.2,300.37
926.4,300.3
926.6,299.41
926.8,300.72
927.0,300.53
927.2,300.25
927.4,299.5
927.6,299.31
927.8,300.48
928.0,299.47
928.2,300.77
928.4,300.11
928.6,301.02
928.8,299.51
929.0,301.25
929.2,301.33
929.4,300.67
929.6,299.85
929.8,299.79
930.0,300.4
930.2,300.48
930.4,298.89
930.6,298.96
930.8,299.67
931.0,300.12
931.2,298.98
931.4,300.99
931.6,300.54
931.8,298.62
932.0,299.72
932.2,299.96
932.4,299.46
932.6,299.77
932.8,299.71
933.0,300.05
933.2,300.27
933.4,301.65
933.6,299.21
933.8,301.34
934.0,300.51
934.2,301.18
934.4,300.18
934.6,301.43
934.8,299.98
935.0,300.38
935.2,301.36
935.4,300.98
935.6,301.33
935.8,300.99
936.0,300.02
936.2,300.47
936.4,301.29
936.6,299.66
936.8,299.37
937.0,299.8
937.2,300.11
937.4,299.74
937.6,300.54
937.8,300.74
938.0,299.96
938.2,299.08
938.4,299.82
938.6,300.24
938.8,299.16
939.0,298.63
939.2,301.15
939.4,299.84
939.6,301.67
939.8,299.41
940.0,299.58
940.2,299.71
940.4,299.95
940.6,300.37
940.8,300.93
941.0,299.92
941.2,297.88
941.4,300.08
941.6,299.58
941.8,299.26
942.0,298.94
942.2,299.13
942.4,299.12
942.6,298.7
942.8,300.39
943.0,299.81
943.2,299.57
943.4,300.48
943.6,299.39
943.8,299.05
944.0,300.25
944.2,298.83
944.4,299.96
944.6,300.2
944.8,299.63
945.0,300.86
945.2,300.47
945.4,299.92
945.6,300.47
945.8,300.55
946.0,300.15
946.2,301.4
946.4,300.5
946.6,299.4
946.8,299.21
947.0,298.8
947.2,299.06
947.4,300.43
947.6,299.91
947.8,300.55
948.0,300.55
948.2,301.0
948.4,298.59
948.6,301.08
948.8,299.3
949.0,301.03
949.2,299.54
949.4,298.67
949.6,300.82
949.8,299.15
950.0,298.96
950.2,298.81
950.4,299.48
950.6,298.74
950.8,300.64
951.0,300.4
951.2,299.38
951.4,301.0
951.6,300.93
951.8,301.14
952.0,301.13
952.2,300.02
952.4,300.29
952.6,299.35
952.8,300.94
953.0,299.46
953.2,300.06
953.4,300.4
953.6,300.4
953.8,300.87
954.0,299.44
954.2,299.03
954.4,298.46
954.6,298.0
954.8,299.95
955.0,298.9
955.2,299.11
955.4,298.82
955.6,300.15
955.8,300.59
956.0,299.05
956.2,300.38
956.4,299.67
956.6,299.34
956.8,299.93
957.0,298.74
957.2,299.4
957.4,299.49
957.6,299.92
957.8,301.57
958.0,300.3
958.2,300.56
958.4,299.87
958.6,298.97
958.8,300.26
959.0,299.95
959.2,300.2
959.4,301.39
959.6,300.2
959.8,300.83
960.0,300.02
960.2,301.3
960.4,299.8
960.6,299.24
960.8,300.78
961.0,300.89
961.2,299.76
961.4,299.99
961.6,300.84
961.8,299.85
962.0,299.26
962.2,299.5
962.4,299.23
962.6,299.86
962.8,300.29
963.0,299.98
963.2,300.11
963.4,300.56
963.6,299.56
963.8,300.41
964.0,299.41
964.2,299.78
964.4,300.77
964.6,299.87
964.8,299.68
965.0,300.64
965.2,299.23
965.4,298.7
965.6,299.83
965.8,300.13
966.0,299.65
966.2,299.82
966.4,300.61
966.6,299.92
966.8,299.03
967.0,300.7
967.2,301.6
967.4,301.44
967.6,300.52
967.8,300.69
968.0,300.9
968.2,299.74
968.4,299.62
968.6,298.94
968.8,299.63
969.0,300.47
969.2,301.3
969.4,299.8
969.6,300.43
969.8,299.35
970.0,300.05
970.2,299.4
970.4,299.54
970.6,299.51
970.8,300.06
971.0,299.35
971.2,300.39
971.4,300.93
971.6,299.69
971.8,300.11
972.0,300.98
972.2,299.2
972.4,300.4
972.6,299.32
972.8,301.56
973.0,299.95
973.2,300.96
973.4,300.47
973.6,299.25
973.8,299.85
974.0,299.87
974.2,299.99
974.4,299.92
974.6,299.73
974.8,299.05
975.0,299.61
975.2,300.2
975.4,299.81
975.6,300.53
975.8,299.74
976.0,300.03
976.2,301.04
976.4,300.48
976.6,299.29
976.8,299.87
977.0,299.98
977.2,300.54
977.4,298.61
977.6,298.67
977.8,299.91
978.0,299.59
978.2,299.99
978.4,300.29
978.6,299.68
978.8,300.24
979.0,300.28
979.2,301.24
979.4,299.51
979.6,300.27
979.8,301.11
980.0,301.52
980.2,301.3
980.4,301.59
980.6,300.13
980.8,300.91
981.0,300.22
981.2,301.26
981.4,300.53
981.6,301.19
981.8,300.58
982.0,299.66
982.2,299.84
982.4,299.0
982.6,300.2
982.8,299.94
983.0,298.99
983.2,300.14
983.4,300.11
983.6,299.55
983.8,300.36
984.0,300.67
984.2,300.95
984.4,299.76
984.6,301.08
984.8,300.12
985.0,299.0
985.2,300.19
985.4,299.38
985.6,300.75
985.8,301.06
986.0,300.53
986.2,300.79
986.4,300.42
986.6,300.14
986.8,300.82
987.0,299.93
987.2,300.54
987.4,299.68
987.6,299.99
987.8,300.19
988.0,300.33
988.2,301.88
988.4,301.92
988.6,301.02
988.8,301.39
989.0,301.08
989.2,301.7
989.4,299.71
989.6,300.33
989.8,301.0
990.0,299.87
990.2,299.08
990.4,301.02
990.6,299.43
990.8,299.09
991.0,300.09
991.2,299.15
991.4,299.92
991.6,298.94
991.8,298.33
992.0,298.46
992.2,299.7
992.4,300.67
992.6,301.51
992.8,300.16
993.0,299.85
993.2,300.51
993.4,300.34
993.6,299.53
993.8,299.58
994.0,300.08
994.2,298.85
994.4,298.61
994.6,299.67
994.8,300.31
995.0,300.88
995.2,300.38
995.4,300.01
995.6,300.56
995.8,300.87
996.0,299.6
996.2,300.12
996.4,300.78
996.6,301.38
996.8,301.61
997.0,300.62
997.2,299.64
997.4,299.79
997.6,300.39
997.8,299.98
998.0,299.69
998.2,299.87
998.4,298.23
998.6,300.26
998.8,299.67
999.0,299.77
999.2,300.29
999.4,299.52
999.6,300.64
999.8,300.33
1000.0,299.85
1000.2,299.76
1000.4,300.13
1000.6,299.99
1000.8,298.96
1001.0,299.15
1001.2,299.68
1001.4,300.18
1001.6,300.9
1001.8,300.04
1002.0,299.83
1002.2,300.15
1002.4,299.91
1002.6,299.93
1002.8,299.03
1003.0,299.16
1003.2,300.25
1003.4,300.26
1003.6,299.87
1003.8,300.89
1004.0,299.74
1004.2,298.84
1004.4,299.91
1004.6,300.0
1004.8,299.18
1005.0,300.08
1005.2,298.78
1005.4,299.4
1005.6,300.35
1005.8,299.44
1006.0,299.05
1006.2,299.92
1006.4,298.61
1006.6,299.57
1006.8,299.9
1007.0,300.77
1007.2,300.29
1007.4,300.46
1007.6,300.41
1007.8,299.5
1008.0,300.65
1008.2,301.08
1008.4,300.7
1008.6,298.76
1008.8,301.39
1009.0,300.29
1009.2,300.97
1009.4,300.5
1009.6,300.1
1009.8,299.32
1010.0,299.56
1010.2,299.6
1010.4,299.8
1010.6,300.09
1010.8,299.4
1011.0,298.31
1011.2,299.44
1011.4,300.63
1011.6,298.74
1011.8,299.18
1012.0,298.65
1012.2,298.65
1012.4,299.64
1012.6,299.96
1012.8,300.26
1013.0,299.67
1013.2,298.6
1013.4,300.16
1013.6,299.94
1013.8,299.05
1014.0,299.86
1014.2,299.94
1014.4,300.15
1014.6,299.41
1014.8,299.95
1015.0,299.73
1015.2,300.49
1015.4,299.92
1015.6,299.79
1015.8,299.57
1016.0,299.69
1016.2,300.23
1016.4,301.28
1016.6,300.06
1016.8,301.15
1017.0,300.74
1017.2,301.31
1017.4,301.2
1017.6,299.75
1017.8,300.39
1018.0,300.6
1018.2,300.69
1018.4,300.62
1018.6,299.08
1018.8,299.07
1019.0,298.36
1019.2,300.25
1019.4,299.79
1019.6,300.24
1019.8,300.31
1020.0,298.97
1020.2,301.17
1020.4,299.39
1020.6,299.54
1020.8,300.49
1021.0,298.92
1021.2,298.67
1021.4,300.69
1021.6,301.25
1021.8,300.18
1022.0,299.66
1022.2,299.63
1022.4,301.12
1022.6,299.33
1022.8,299.28
1023.0,299.86
1023.2,301.1
1023.4,300.98
1023.6,299.75
1023.8,298.86
1024.0,299.31
1024.2,300.33
1024.4,300.31
1024.6,299.82
1024.8,300.71
1025.0,299.01
1025.2,299.23
1025.4,299.16
1025.6,300.24
1025.8,298.41
1026.0,299.96
1026.2,299.82
1026.4,300.01
1026.6,300.03
1026.8,298.18
1027.0,299.7
1027.2,300.7
1027.4,300.26
1027.6,301.67
1027.8,301.62
1028.0,300.49
1028.2,299.88
1028.4,300.17
1028.6,299.09
1028.8,301.58
1029.0,300.85
1029.2,301.31
1029.4,301.33
1029.6,300.14
1029.8,299.26
1030.0,299.47
1030.2,299.68
1030.4,299.07
1030.6,299.55
1030.8,300.84
1031.0,300.89
1031.2,300.67
1031.4,300.51
1031.6,299.74
1031.8,300.97
1032.0,300.0
1032.2,299.59
1032.4,299.65
1032.6,299.61
1032.8,299.96
1033.0,298.39
1033.2,299.52
1033.4,298.5
1033.6,299.33
1033.8,301.03
1034.0,300.36
1034.2,300.24
1034.4,300.17
1034.6,300.71
1034.8,300.79
1035.0,301.04
1035.2,301.96
1035.4,300.37
1035.6,300.57
1035.8,300.01
1036.0,301.3
1036.2,300.73
1036.4,299.54
1036.6,299.95
1036.8,299.22
1037.0,298.45
1037.2,299.9
1037.4,300.84
1037.6,300.57
1037.8,301.79
1038.0,300.76
1038.2,300.87
1038.4,300.53
1038.6,300.86
1038.8,300.28
1039.0,299.26
1039.2,300.2
1039.4,299.7
1039.6,298.99
1039.8,298.71
1040.0,300.03
1040.2,298.92
1040.4,298.71
1040.6,298.56
1040.8,299.37
1041.0,299.16
1041.2,299.53
1041.4,299.05
1041.6,299.25
1041.8,299.96
1042.0,299.84
1042.2,300.36
1042.4,300.59
1042.6,299.4
1042.8,298.9
1043.0,299.6
1043.2,300.69
1043.4,300.92
1043.6,299.26
1043.8,300.12
1044.0,301.36
1044.2,300.47
1044.4,298.58
1044.6,299.65
1044.8,299.53
1045.0,301.74
1045.2,300.32
1045.4,301.13
1045.6,300.17
1045.8,300.36
1046.0,299.29
1046.2,300.87
1046.4,299.2
1046.6,300.97
1046.8,300.76
1047.0,301.33
1047.2,301.14
1047.4,301.33
1047.6,300.52
1047.8,300.67
1048.0,300.07
1048.2,300.74
1048.4,300.1
1048.6,299.99
1048.8,299.28
1049.0,300.44
1049.2,300.62
1049.4,299.93
1049.6,299.46
1049.8,298.57
1050.0,299.47
1050.2,300.35
1050.4,299.61
1050.6,299.85
1050.8,300.21
1051.0,300.05
1051.2,300.17
1051.4,300.73
1051.6,299.04
1051.8,299.87
1052.0,300.94
1052.2,299.67
1052.4,300.87
1052.6,299.66
1052.8,300.01
1053.0,299.35
1053.2,299.51
1053.4,299.63
1053.6,299.76
1053.8,300.25
1054.0,300.78
1054.2,302.59
1054.4,300.57
1054.6,300.6
1054.8,301.49
1055.0,301.38
1055.2,299.95
1055.4,300.89
1055.6,300.16
1055.8,300.02
1056.0,299.01
1056.2,300.08
1056.4,300.74
1056.6,300.22
1056.8,299.33
1057.0,299.61
1057.2,298.8
1057.4,299.11
1057.6,298.92
1057.8,299.86
1058.0,299.63
1058.2,300.13
1058.4,300.38
1058.6,300.66
1058.8,300.79
1059.0,299.22
1059.2,299.62
1059.4,299.56
1059.6,301.06
1059.8,301.0
1060.0,300.75
1060.2,301.22
1060.4,299.2
1060.6,299.71
1060.8,300.24
1061.0,299.55
1061.2,300.13
1061.4,300.3
1061.6,299.81
1061.8,301.24
1062.0,299.48
1062.2,300.29
1062.4,301.54
1062.6,301.12
1062.8,300.5
1063.0,299.12
1063.2,299.25
1063.4,299.43
1063.6,299.45
1063.8,299.39
1064.0,300.04
1064.2,299.27
1064.4,297.78
1064.6,300.34
1064.8,299.81
1065.0,299.88
1065.2,300.25
1065.4,300.12
1065.6,301.09
1065.8,299.61
1066.0,300.46
1066.2,300.52
1066.4,299.8
1066.6,299.95
1066.8,298.77
1067.0,299.8
1067.2,299.76
1067.4,299.24
1067.6,299.51
1067.8,298.62
1068.0,299.0
1068.2,298.85
1068.4,298.38
1068.6,299.23
1068.8,299.59
1069.0,300.52
1069.2,299.66
1069.4,300.5
1069.6,299.62
1069.8,299.42
1070.0,299.39
1070.2,299.04
1070.4,300.02
1070.6,299.8
1070.8,298.03
1071.0,298.09
1071.2,300.93
1071.4,300.97
1071.6,300.47
1071.8,298.48
1072.0,300.83
1072.2,301.03
1072.4,300.36
1072.6,299.9
1072.8,300.68
1073.0,300.91
1073.2,301.42
1073.4,301.24
1073.6,300.24
1073.8,300.05
1074.0,299.28
1074.2,299.86
1074.4,301.16
1074.6,299.23
1074.8,300.21
1075.0,299.65
1075.2,299.29
1075.4,299.76
1075.6,299.58
1075.8,299.88
1076.0,301.22
1076.2,299.26
1076.4,300.77
1076.6,298.23
1076.8,298.7
1077.0,299.97
1077.2,300.17
1077.4,300.71
1077.6,299.63
1077.8,299.36
1078.0,296.81
1078.2,299.23
1078.4,299.59
1078.6,299.66
1078.8,299.79
1079.0,299.46
1079.2,300.6
1079.4,299.8
1079.6,299.19
1079.8,300.39
1080.0,300.17
1080.2,299.78
1080.4,300.88
1080.6,301.23
1080.8,300.81
1081.0,299.9
1081.2,299.39
1081.4,300.42
1081.6,298.98
1081.8,300.32
1082.0,299.0
1082.2,301.27
1082.4,299.48
1082.6,301.16
1082.8,300.29
1083.0,299.88
1083.2,300.02
1083.4,300.61
1083.6,298.9
1083.8,299.05
1084.0,299.62
1084.2,299.99
1084.4,300.24
1084.6,300.21
1084.8,300.8
1085.0,300.59
1085.2,300.64
1085.4,300.2
1085.6,300.21
1085.8,300.72
1086.0,300.91
1086.2,298.87
1086.4,299.24
1086.6,299.47
1086.8,299.76
1087.0,299.4
1087.2,299.3
1087.4,300.46
1087.6,299.28
1087.8,300.08
1088.0,299.69
1088.2,300.34
1088.4,299.43
1088.6,298.18
1088.8,301.59
1089.0,300.41
1089.2,299.85
1089.4,301.47
1089.6,300.39
1089.8,300.24
1090.0,300.84
1090.2,299.74
1090.4,298.52
1090.6,299.37
1090.8,299.0
1091.0,299.78
1091.2,298.89
1091.4,299.75
1091.6,300.18
1091.8,298.69
1092.0,300.1
1092.2,298.66
1092.4,299.6
1092.6,299.11
1092.8,300.34
1093.0,300.31
1093.2,299.01
1093.4,298.91
1093.6,299.66
1093.8,299.83
1094.0,300.49
1094.2,301.11
1094.4,299.81
1094.6,300.42
1094.8,300.1
1095.0,299.28
1095.2,299.01
1095.4,299.96
1095.6,299.35
1095.8,299.79
1096.0,299.25
1096.2,299.22
1096.4,299.19
1096.6,300.23
1096.8,300.72
1097.0,300.63
1097.2,300.6
1097.4,300.92
1097.6,301.26
1097.8,298.83
1098.0,300.42
1098.2,299.63
1098.4,299.6
1098.6,298.71
1098.8,299.12
1099.0,300.97
1099.2,300.45
1099.4,298.89
1099.6,298.98
1099.8,299.63
1100.0,300.1
1100.2,299.02
1100.4,300.27
1100.6,301.11
1100.8,302.15
1101.0,300.63
1101.2,299.96
1101.4,298.77
1101.6,301.15
1101.8,300.68
1102.0,301.89
1102.2,299.3
1102.4,299.16
1102.6,300.77
1102.8,298.97
1103.0,301.22
1103.2,301.06
1103.4,299.53
1103.6,299.38
1103.8,299.27
1104.0,301.27
1104.2,300.02
1104.4,300.72
1104.6,299.57
1104.8,300.11
1105.0,300.19
1105.2,299.66
1105.4,299.95
1105.6,298.73
1105.8,299.57
1106.0,298.79
1106.2,299.66
1106.4,299.66
1106.6,300.62
1106.8,299.9
1107.0,300.11
1107.2,301.32
1107.4,300.78
1107.6,300.19
1107.8,300.42
1108.0,300.04
1108.2,301.08
1108.4,300.37
1108.6,300.03
1108.8,301.4
1109.0,300.94
1109.2,299.08
1109.4,298.27
1109.6,298.33
1109.8,300.3
1110.0,300.06
1110.2,300.51
1110.4,301.43
1110.6,300.42
1110.8,301.27
1111.0,300.9
1111.2,300.61
1111.4,300.8
1111.6,299.05
1111.8,299.63
1112.0,300.8
1112.2,300.81
1112.4,299.64
1112.6,300.7
1112.8,299.03
1113.0,299.26
1113.2,299.53
1113.4,298.89
1113.6,300.05
1113.8,300.04
1114.0,300.15
1114.2,300.21
1114.4,299.93
1114.6,299.93
1114.8,300.49
1115.0,300.0
1115.2,299.57
1115.4,299.84
1115.6,300.12
1115.8,300.48
1116.0,300.51
1116.2,299.61
1116.4,299.8
1116.6,301.2
1116.8,300.13
1117.0,301.5
1117.2,300.69
1117.4,300.7
1117.6,300.77
1117.8,301.09
1118.0,301.39
1118.2,298.87
1118.4,300.15
1118.6,298.75
1118.8,300.71
1119.0,299.1
1119.2,299.45
1119.4,299.78
1119.6,299.57
1119.8,299.91
1120.0,300.38
1120.2,299.85
1120.4,298.88
1120.6,298.98
1120.8,299.56
1121.0,301.18
1121.2,300.15
1121.4,299.07
1121.6,300.45
1121.8,299.67
1122.0,298.85
1122.2,299.47
1122.4,300.11
1122.6,299.19
1122.8,300.01
1123.0,300.16
1123.2,299.58
1123.4,300.24
1123.6,299.83
1123.8,300.08
1124.0,300.28
1124.2,299.19
1124.4,300.55
1124.6,299.57
1124.8,299.42
1125.0,299.06
1125.2,298.67
1125.4,298.81
1125.6,299.98
1125.8,299.43
1126.0,299.28
1126.2,300.81
1126.4,300.86
1126.6,301.28
1126.8,300.56
1127.0,300.43
1127.2,298.95
1127.4,299.77
1127.6,300.42
1127.8,299.63
1128.0,298.34
1128.2,299.94
1128.4,299.41
1128.6,298.65
1128.8,300.42
1129.0,299.18
1129.2,298.02
1129.4,299.19
1129.6,300.67
1129.8,299.46
1130.0,300.73
1130.2,300.19
1130.4,300.98
1130.6,299.35
1130.8,300.16
1131.0,299.5
1131.2,299.61
1131.4,299.71
1131.6,300.68
1131.8,300.67
1132.0,299.02
1132.2,299.36
1132.4,299.7
1132.6,299.62
1132.8,301.35
1133.0,300.58
1133.2,300.06
1133.4,300.03
1133.6,301.09
1133.8,300.68
1134.0,300.3
1134.2,299.16
1134.4,300.29
1134.6,299.54
1134.8,299.37
1135.0,299.26
1135.2,299.29
1135.4,299.03
1135.6,298.94
1135.8,299.15
1136.0,299.66
1136.2,300.18
1136.4,298.99
1136.6,298.86
1136.8,299.66
1137.0,299.48
1137.2,299.93
1137.4,300.47
1137.6,300.61
1137.8,299.03
1138.0,300.16
1138.2,299.7
1138.4,299.72
1138.6,299.79
1138.8,300.14
1139.0,300.55
1139.2,300.07
1139.4,300.61
1139.6,300.31
1139.8,298.52
1140.0,299.86
1140.2,298.71
1140.4,300.0
1140.6,299.44
1140.8,298.51
1141.0,299.23
1141.2,300.02
1141.4,298.69
1141.6,298.73
1141.8,298.57
1142.0,300.38
1142.2,299.89
1142.4,300.15
1142.6,299.83
1142.8,300.9
1143.0,298.95
1143.2,300.16
1143.4,298.74
1143.6,299.69
1143.8,299.28
1144.0,300.19
1144.2,299.47
1144.4,299.3
1144.6,299.63
1144.8,298.77
1145.0,300.01
1145.2,300.1
1145.4,298.9
1145.6,300.75
1145.8,301.05
1146.0,300.53
1146.2,301.24
1146.4,300.07
1146.6,299.81
1146.8,298.93
1147.0,299.96
1147.2,299.82
1147.4,300.75
1147.6,299.81
1147.8,300.19
1148.0,299.38
1148.2,300.39
1148.4,299.49
1148.6,299.83
1148.8,300.05
1149.0,300.31
1149.2,299.83
1149.4,299.76
1149.6,300.95
1149.8,300.65
1150.0,299.96
1150.2,298.73
1150.4,299.86
1150.6,300.31
1150.8,301.83
1151.0,301.18
1151.2,300.72
1151.4,299.18
1151.6,299.45
1151.8,300.35
1152.0,300.51
1152.2,301.47
1152.4,300.14
1152.6,301.13
1152.8,300.35
1153.0,299.6
1153.2,300.04
1153.4,300.55
1153.6,300.09
1153.8,300.11
1154.0,299.41
1154.2,299.99
1154.4,299.09
1154.6,299.94
1154.8,299.89
1155.0,300.88
1155.2,299.09
1155.4,300.54
1155.6,298.98
1155.8,299.89
1156.0,298.91
1156.2,299.09
1156.4,301.33
1156.6,301.32
1156.8,299.72
1157.0,299.51
1157.2,300.41
1157.4,300.97
1157.6,301.18
1157.8,299.82
1158.0,299.46
1158.2,300.93
1158.4,299.35
1158.6,299.06
1158.8,300.23
1159.0,301.85
1159.2,299.82
1159.4,300.3
1159.6,299.85
1159.8,299.66
1160.0,299.68
1160.2,298.82
1160.4,299.67
1160.6,299.24
1160.8,299.95
1161.0,300.36
1161.2,301.18
1161.4,301.11
1161.6,300.53
1161.8,300.02
1162.0,299.06
1162.2,299.22
1162.4,298.04
1162.6,298.29
1162.8,299.0
1163.0,299.39
1163.2,300.93
1163.4,299.37
1163.6,300.83
1163.8,300.61
1164.0,301.23
1164.2,300.11
1164.4,302.0
1164.6,301.0
1164.8,300.1
1165.0,299.88
1165.2,300.47
1165.4,299.96
1165.6,301.18
1165.8,300.6
1166.0,299.98
1166.2,300.08
1166.4,300.66
1166.6,300.07
1166.8,300.8
1167.0,299.85
1167.2,300.29
1167.4,300.68
1167.6,301.38
1167.8,300.35
1168.0,300.12
1168.2,300.15
1168.4,299.87
1168.6,299.69
1168.8,300.36
1169.0,299.18
1169.2,299.75
1169.4,300.59
1169.6,299.9
1169.8,300.5
1170.0,301.47
1170.2,300.25
1170.4,299.85
1170.6,299.89
1170.8,300.57
1171.0,300.61
1171.2,299.52
1171.4,299.4
1171.6,299.85
1171.8,299.35
1172.0,301.45
1172.2,299.12
1172.4,299.57
1172.6,300.15
1172.8,299.67
1173.0,298.55
1173.2,300.04
1173.4,299.89
1173.6,301.01
1173.8,300.14
1174.0,301.65
1174.2,300.83
1174.4,300.87
1174.6,300.98
1174.8,301.63
1175.0,302.41
1175.2,299.82
1175.4,298.76
1175.6,299.28
1175.8,301.72
1176.0,300.37
1176.2,300.64
1176.4,299.99
1176.6,300.48
1176.8,298.68
1177.0,300.5
1177.2,299.79
1177.4,300.2
1177.6,299.42
1177.8,299.54
1178.0,299.92
1178.2,298.33
1178.4,300.21
1178.6,299.39
1178.8,299.1
1179.0,300.16
1179.2,300.12
1179.4,299.31
1179.6,300.48
1179.8,299.42
1180.0,300.51
1180.2,299.73
1180.4,298.47
1180.6,300.42
1180.8,299.86
1181.0,299.59
1181.2,300.14
1181.4,299.81
1181.6,298.31
1181.8,299.35
1182.0,300.17
1182.2,300.15
1182.4,300.11
1182.6,301.08
1182.8,300.16
1183.0,300.02
1183.2,301.11
1183.4,300.13
1183.6,299.07
1183.8,299.86
1184.0,300.84
1184.2,300.58
1184.4,300.12
1184.6,298.73
1184.8,299.44
1185.0,299.66
1185.2,300.92
1185.4,300.16
1185.6,299.75
1185.8,298.71
1186.0,300.02
1186.2,299.95
1186.4,300.49
1186.6,298.72
1186.8,298.55
1187.0,300.74
1187.2,298.74
1187.4,299.76
1187.6,298.3
1187.8,300.29
1188.0,299.47
1188.2,299.16
1188.4,299.13
1188.6,300.1
1188.8,300.44
1189.0,300.3
1189.2,300.92
1189.4,300.4
1189.6,300.15
1189.8,301.19
1190.0,300.67
1190.2,299.73
1190.4,298.55
1190.6,299.96
1190.8,299.2
1191.0,299.95
1191.2,299.52
1191.4,300.41
1191.6,299.46
1191.8,299.92
1192.0,299.01
1192.2,298.86
1192.4,299.47
1192.6,301.63
1192.8,300.06
1193.0,299.92
1193.2,299.61
1193.4,300.52
1193.6,300.34
1193.8,299.85
1194.0,300.2
1194.2,300.11
1194.4,299.58
1194.6,299.81
1194.8,301.85
1195.0,300.16
1195.2,301.5
1195.4,301.59
1195.6,300.95
1195.8,301.45
1196.0,301.0
1196.2,301.42
1196.4,301.16
1196.6,300.31
1196.8,301.11
1197.0,300.28
1197.2,300.66
1197.4,302.42
1197.6,302.69
1197.8,301.99
1198.0,300.66
1198.2,301.37
1198.4,299.98
1198.6,299.18
1198.8,299.75
1199.0,299.07
1199.2,299.25
1199.4,299.22
1199.6,299.29
1199.8,299.54
1200.0,299.0
1200.2,298.84
1200.4,299.41
1200.6,298.56
1200.8,297.68
1201.0,300.74
1201.2,299.58
1201.4,299.94
1201.6,300.23
1201.8,300.62
1202.0,299.27
1202.2,299.85
1202.4,300.94
1202.6,300.42
1202.8,300.64
1203.0,299.65
1203.2,300.21
1203.4,300.33
1203.6,300.38
1203.8,299.93
1204.0,301.01
1204.2,301.04
1204.4,301.32
1204.6,300.97
1204.8,300.24
1205.0,299.29
1205.2,299.34
1205.4,299.4
1205.6,299.36
1205.8,300.45
1206.0,300.53
1206.2,301.07
1206.4,299.54
1206.6,300.46
1206.8,299.66
1207.0,299.69
1207.2,301.28
1207.4,299.8
1207.6,299.46
1207.8,298.48
1208.0,298.77
1208.2,297.6
1208.4,299.19
1208.6,298.65
1208.8,299.49
1209.0,300.4
1209.2,299.66
1209.4,299.81
1209.6,299.32
1209.8,298.88
1210.0,299.4
1210.2,300.56
1210.4,300.39
1210.6,299.52
1210.8,300.03
1211.0,300.32
1211.2,299.54
1211.4,299.67
1211.6,299.19
1211.8,299.93
1212.0,299.7
1212.2,300.95
1212.4,299.51
1212.6,299.75
1212.8,300.36
1213.0,299.32
1213.2,299.71
1213.4,300.24
1213.6,299.88
1213.8,300.2
1214.0,299.05
1214.2,299.39
1214.4,299.25
1214.6,301.13
1214.8,299.14
1215.0,299.09
1215.2,300.21
1215.4,299.99
1215.6,299.62
1215.8,300.04
1216.0,297.88
1216.2,298.04
1216.4,300.86
1216.6,299.56
1216.8,299.08
1217.0,300.3
1217.2,299.87
1217.4,300.26
1217.6,299.37
1217.8,299.84
1218.0,299.82
1218.2,300.48
1218.4,299.21
1218.6,299.53
1218.8,299.76
1219.0,299.34
1219.2,299.41
1219.4,299.49
1219.6,298.63
1219.8,299.91
1220.0,301.14
1220.2,299.65
1220.4,300.59
1220.6,300.32
1220.8,299.8
1221.0,299.77
1221.2,301.46
1221.4,299.35
1221.6,300.69
1221.8,300.57
1222.0,301.44
1222.2,299.8
1222.4,298.97
1222.6,301.23
1222.8,301.1
1223.0,300.4
1223.2,299.64
1223.4,300.43
1223.6,300.09
1223.8,299.75
1224.0,300.26
1224.2,301.71
1224.4,301.32
1224.6,302.11
1224.8,301.26
1225.0,300.39
1225.2,300.51
1225.4,301.05
1225.6,300.47
1225.8,299.91
1226.0,299.74
1226.2,299.25
1226.4,298.38
1226.6,299.14
1226.8,298.88
1227.0,299.58
1227.2,299.16
1227.4,300.07
1227.6,301.02
1227.8,300.04
1228.0,298.77
1228.2,301.43
1228.4,301.8
1228.6,299.79
1228.8,300.94
1229.0,300.02
1229.2,298.67
1229.4,300.26
1229.6,300.51
1229.8,300.84
1230.0,300.49
1230.2,299.32
1230.4,300.24
1230.6,299.0
1230.8,299.66
1231.0,299.01
1231.2,300.76
1231.4,299.74
1231.6,299.83
1231.8,299.92
1232.0,301.16
1232.2,300.48
1232.4,300.81
1232.6,299.17
1232.8,300.1
1233.0,299.34
1233.2,301.48
1233.4,300.6
1233.6,299.74
1233.8,299.76
1234.0,300.88
1234.2,299.81
1234.4,301.4
1234.6,301.14
1234.8,300.83
1235.0,301.21
1235.2,299.74
1235.4,299.78
1235.6,299.24
1235.8,299.67
1236.0,299.62
1236.2,301.11
1236.4,300.9
1236.6,301.79
1236.8,301.69
1237.0,301.38
1237.2,300.49
1237.4,301.12
1237.6,299.71
1237.8,300.8
1238.0,299.39
1238.2,299.21
1238.4,299.21
1238.6,300.12
1238.8,300.49
1239.0,299.67
1239.2,299.32
1239.4,299.26
1239.6,299.4
1239.8,300.94
1240.0,299.44
1240.2,299.54
1240.4,301.2
1240.6,300.36
1240.8,300.24
1241.0,300.22
1241.2,301.01
1241.4,299.46
1241.6,299.72
1241.8,300.7
1242.0,299.87
1242.2,299.71
1242.4,298.47
1242.6,299.72
1242.8,298.32
1243.0,300.57
1243.2,299.62
1243.4,299.55
1243.6,299.12
1243.8,299.28
1244.0,299.8
1244.2,301.28
1244.4,299.85
1244.6,300.33
1244.8,299.31
1245.0,300.35
1245.2,300.17
1245.4,301.55
1245.6,300.45
1245.8,301.84
1246.0,300.55
1246.2,300.28
1246.4,298.99
1246.6,298.7
1246.8,299.66
1247.0,298.85
1247.2,298.7
1247.4,298.3
1247.6,299.46
1247.8,300.81
1248.0,300.29
1248.2,300.69
1248.4,300.51
1248.6,298.68
1248.8,300.95
1249.0,300.24
1249.2,299.82
1249.4,300.8
1249.6,298.97
1249.8,300.57
1250.0,300.87
1250.2,301.08
1250.4,300.47
1250.6,300.07
1250.8,301.56
1251.0,301.89
1251.2,301.36
1251.4,300.65
1251.6,299.95
1251.8,298.98
1252.0,298.93
1252.2,298.49
1252.4,298.75
1252.6,299.12
1252.8,299.62
1253.0,299.86
1253.2,300.06
1253.4,299.36
1253.6,299.71
1253.8,300.27
1254.0,298.64
1254.2,301.31
1254.4,300.47
1254.6,301.04
1254.8,299.73
1255.0,299.46
1255.2,300.44
1255.4,299.34
1255.6,300.53
1255.8,300.28
1256.0,299.86
1256.2,300.47
1256.4,299.82
1256.6,299.84
1256.8,300.71
1257.0,300.43
1257.2,300.12
1257.4,300.57
1257.6,299.95
1257.8,299.51
1258.0,299.46
1258.2,300.8
1258.4,300.12
1258.6,299.6
1258.8,300.07
1259.0,299.89
1259.2,300.22
1259.4,300.47
1259.6,300.53
1259.8,300.44
1260.0,300.68
1260.2,300.44
1260.4,301.12
1260.6,300.1
1260.8,300.87
1261.0,299.31
1261.2,300.88
1261.4,301.44
1261.6,300.28
1261.8,300.31
1262.0,301.1
1262.2,300.28
1262.4,300.48
1262.6,299.81
1262.8,300.67
1263.0,301.46
1263.2,300.47
1263.4,301.2
1263.6,301.07
1263.8,297.72
1264.0,298.96
1264.2,299.33
1264.4,300.53
1264.6,299.47
1264.8,299.37
1265.0,299.78
1265.2,300.44
1265.4,298.95
1265.6,300.26
1265.8,301.07
1266.0,300.62
1266.2,299.33
1266.4,299.8
1266.6,300.26
1266.8,300.03
1267.0,300.61
1267.2,299.67
1267.4,299.48
1267.6,299.24
1267.8,301.21
1268.0,300.25
1268.2,301.24
1268.4,299.8
1268.6,300.61
1268.8,300.59
1269.0,298.97
1269.2,301.28
1269.4,299.64
1269.6,300.85
1269.8,300.13
1270.0,300.67
1270.2,299.02
1270.4,300.18
1270.6,299.7
1270.8,299.32
1271.0,298.86
1271.2,300.07
1271.4,299.59
1271.6,300.4
1271.8,301.44
1272.0,300.34
1272.2,300.26
1272.4,300.85
1272.6,301.02
1272.8,299.88
1273.0,299.96
1273.2,299.54
1273.4,298.87
1273.6,299.51
1273.8,299.9
1274.0,301.28
1274.2,299.81
1274.4,299.59
1274.6,300.23
1274.8,301.44
1275.0,301.38
1275.2,300.37
1275.4,300.81
1275.6,300.45
1275.8,301.29
1276.0,300.35
1276.2,299.29
1276.4,300.17
1276.6,300.19
1276.8,301.24
1277.0,300.92
1277.2,299.34
1277.4,299.76
1277.6,300.22
1277.8,299.95
1278.0,299.74
1278.2,300.63
1278.4,299.39
1278.6,300.51
1278.8,298.37
1279.0,300.53
1279.2,301.65
1279.4,300.25
1279.6,300.12
1279.8,300.54
1280.0,299.54
1280.2,301.08
1280.4,299.3
1280.6,300.06
1280.8,299.4
1281.0,300.06
1281.2,300.32
1281.4,300.15
1281.6,301.72
1281.8,300.54
1282.0,300.62
1282.2,299.3
1282.4,300.31
1282.6,300.83
1282.8,299.97
1283.0,300.78
1283.2,299.45
1283.4,299.96
1283.6,300.53
1283.8,299.55
1284.0,299.1
1284.2,300.68
1284.4,298.85
1284.6,299.15
1284.8,297.57
1285.0,299.85
1285.2,299.73
1285.4,299.09
1285.6,299.13
1285.8,299.14
1286.0,300.19
1286.2,299.65
1286.4,299.77
1286.6,299.85
1286.8,300.64
1287.0,300.62
1287.2,299.53
1287.4,299.47
1287.6,299.5
1287.8,300.92
1288.0,299.9
1288.2,299.75
1288.4,299.77
1288.6,300.88
1288.8,300.86
1289.0,300.42
1289.2,300.37
1289.4,299.33
1289.6,298.89
1289.8,298.58
1290.0,298.79
1290.2,299.25
1290.4,300.37
1290.6,298.17
1290.8,299.45
1291.0,299.45
1291.2,300.12
1291.4,299.39
1291.6,299.62
1291.8,300.25
1292.0,300.82
1292.2,300.54
1292.4,300.67
1292.6,299.61
1292.8,299.23
1293.0,299.05
1293.2,299.26
1293.4,299.12
1293.6,299.99
1293.8,298.63
1294.0,299.68
1294.2,300.43
1294.4,299.6
1294.6,300.8
1294.8,299.9
1295.0,300.83
1295.2,300.86
1295.4,300.59
1295.6,300.73
1295.8,301.68
1296.0,301.74
1296.2,299.75
1296.4,300.74
1296.6,301.05
1296.8,299.35
1297.0,300.03
1297.2,301.5
1297.4,301.29
1297.6,301.19
1297.8,300.68
1298.0,299.27
1298.2,300.15
1298.4,301.48
1298.6,301.49
1298.8,299.39
1299.0,300.12
1299.2,300.98
1299.4,299.19
1299.6,300.2
1299.8,300.62
1300.0,299.61
1300.2,300.07
1300.4,299.77
1300.6,300.56
1300.8,299.12
1301.0,299.63
1301.2,300.31
1301.4,299.87
1301.6,299.22
1301.8,300.01
1302.0,299.17
1302.2,301.05
1302.4,300.09
1302.6,299.23
1302.8,300.11
1303.0,301.39
1303.2,300.51
1303.4,302.03
1303.6,299.38
1303.8,300.08
1304.0,300.42
1304.2,300.28
1304.4,300.63
1304.6,301.84
1304.8,300.17
1305.0,299.09
1305.2,300.64
1305.4,300.35
1305.6,299.64
1305.8,300.08
1306.0,300.93
1306.2,298.83
1306.4,298.69
1306.6,299.28
1306.8,299.59
1307.0,299.92
1307.2,299.09
1307.4,298.8
1307.6,297.98
1307.8,297.92
1308.0,297.98
1308.2,299.13
1308.4,300.28
1308.6,298.74
1308.8,299.5
1309.0,299.89
1309.2,299.37
1309.4,299.88
1309.6,300.87
1309.8,299.37
1310.0,298.84
1310.2,300.03
1310.4,299.67
1310.6,299.6
1310.8,300.58
1311.0,299.3
1311.2,298.96
1311.4,299.46
1311.6,299.54
1311.8,300.66
1312.0,299.23
1312.2,300.4
1312.4,298.24
1312.6,299.95
1312.8,299.16
1313.0,298.6
1313.2,299.5
1313.4,299.3
1313.6,300.52
1313.8,300.44
1314.0,300.1
1314.2,299.97
1314.4,300.69
1314.6,300.04
1314.8,299.98
1315.0,300.72
1315.2,299.72
1315.4,299.36
1315.6,300.3
1315.8,300.98
1316.0,299.6
1316.2,301.15
1316.4,300.58
1316.6,299.22
1316.8,297.75
1317.0,298.65
1317.2,297.77
1317.4,299.01
1317.6,299.07
1317.8,299.33
1318.0,300.47
1318.2,299.98
1318.4,301.44
1318.6,299.69
1318.8,300.49
1319.0,301.38
1319.2,299.03
1319.4,299.99
1319.6,299.54
1319.8,300.06
1320.0,300.45
1320.2,299.15
1320.4,300.33
1320.6,300.67
1320.8,299.57
1321.0,299.44
1321.2,298.51
1321.4,297.86
1321.6,300.72
1321.8,300.19
1322.0,299.7
1322.2,299.5
1322.4,299.46
1322.6,299.36
1322.8,300.71
1323.0,299.84
1323.2,298.53
1323.4,299.6
1323.6,300.6
1323.8,299.11
1324.0,300.18
1324.2,301.22
1324.4,299.36
1324.6,300.35
1324.8,299.84
1325.0,300.35
1325.2,299.46
1325.4,299.48
1325.6,298.87
1325.8,300.51
1326.0,300.35
1326.2,300.28
1326.4,299.42
1326.6,300.09
1326.8,299.55
1327.0,298.52
1327.2,298.76
1327.4,299.9
1327.6,299.16
1327.8,299.33
1328.0,300.89
1328.2,299.16
1328.4,300.04
1328.6,299.72
1328.8,300.17
1329.0,300.22
1329.2,301.42
1329.4,300.62
1329.6,300.29
1329.8,299.62
1330.0,299.71
1330.2,298.48
1330.4,300.38
1330.6,300.95
1330.8,298.93
1331.0,299.87
