Time (ps),EPTOT
20.2,-604067.1623
20.4,-603920.2885
20.6,-604277.8138
20.8,-604383.4793
21.0,-604265.6599
21.2,-604694.7489
21.4,-604727.2295
21.6,-604898.0521
21.8,-604616.4364
22.0,-605118.9816
22.2,-605664.2723
22.4,-605322.2466
22.6,-605678.325
22.8,-605596.209
23.0,-605852.9075
23.2,-606061.1106
23.4,-606150.1923
23.6,-606133.0904
23.8,-606052.5633
24.0,-606475.573
24.2,-606415.7319
24.4,-606465.4953
24.6,-606991.5189
24.8,-606982.8405
25.0,-607096.4527
25.2,-607693.1563
25.4,-607092.3889
25.6,-607527.4285
25.8,-607445.0173
26.0,-607481.8581
26.2,-607578.9871
26.4,-607390.4033
26.6,-607636.2452
26.8,-608079.6969
27.0,-608082.1136
27.2,-608119.3332
27.4,-608047.194
27.6,-608394.9217
27.8,-608323.0518
28.0,-608460.5927
28.2,-608608.6887
28.4,-609078.5214
28.6,-609034.8503
28.8,-608898.5518
29.0,-608868.4092
29.2,-608736.8267
29.4,-608778.1444
29.6,-608910.1082
29.8,-609056.8408
30.0,-609178.1701
30.2,-609549.5704
30.4,-609701.5516
30.6,-609910.7772
30.8,-610023.6396
31.0,-610009.1779
31.2,-609945.972
31.4,-609962.9789
31.6,-610231.5562
31.8,-610285.3935
32.0,-610124.0859
32.2,-610461.3854
32.4,-610323.4683
32.6,-610848.8808
32.8,-610968.1467
33.0,-610580.8393
33.2,-610602.9526
33.4,-610804.1914
33.6,-610811.1362
33.8,-610993.2341
34.0,-610953.0305
34.2,-610828.4551
34.4,-611119.4042
34.6,-610889.9486
34.8,-610923.4303
35.0,-610973.8433
35.2,-610910.0404
35.4,-610973.977
35.6,-610913.5635
35.8,-611582.894
36.0,-611234.0352
36.2,-611488.9396
36.4,-611453.8634
36.6,-611625.4087
36.8,-611865.2142
37.0,-611947.0774
37.2,-612049.5232
37.4,-612354.672
37.6,-612827.477
37.8,-612236.1426
38.0,-612313.6718
38.2,-612586.8548
38.4,-612412.0346
38.6,-612566.0929
38.8,-612671.4638
39.0,-612761.1767
39.2,-612899.5342
39.4,-612557.01
39.6,-612918.4824
39.8,-613209.7108
40.0,-613201.7037
40.2,-613649.6633
40.4,-613502.5213
40.6,-613874.6704
40.8,-613791.8872
41.0,-613606.691
41.2,-614229.551
41.4,-614526.0504
41.6,-614834.7973
41.8,-614579.5875
42.0,-615313.9155
42.2,-615272.7023
42.4,-615603.0006
42.6,-615549.4007
42.8,-615917.0145
43.0,-616247.4764
43.2,-616406.4888
43.4,-616387.4656
43.6,-616651.7916
43.8,-617185.2149
44.0,-617334.5378
44.2,-617426.4143
44.4,-617721.8521
44.6,-618210.441
44.8,-618454.3975
45.0,-618370.7178
45.2,-618606.7407
45.4,-618785.6414
45.6,-618717.6445
45.8,-619205.2959
46.0,-619553.7687
46.2,-619757.6869
46.4,-619915.7098
46.6,-620046.0123
46.8,-620360.3343
47.0,-620649.1623
47.2,-620939.0208
47.4,-621181.3034
47.6,-621412.4201
47.8,-621313.6141
48.0,-621326.4792
48.2,-621777.1765
48.4,-622056.108
48.6,-622262.7871
48.8,-622317.6875
49.0,-622718.5164
49.2,-622381.2439
49.4,-622635.4095
49.6,-622841.9559
49.8,-623060.4182
50.0,-623132.7841
50.2,-623012.7143
50.4,-623450.1859
50.6,-623220.7507
50.8,-623223.6923
51.0,-623307.5263
51.2,-623353.7753
51.4,-623391.2498
51.6,-623534.0035
51.8,-623710.4018
52.0,-623633.5041
52.2,-623635.9879
52.4,-623565.4689
52.6,-623645.5573
52.8,-623766.0032
53.0,-623840.462
53.2,-623787.6175
53.4,-624056.6598
53.6,-624036.1273
53.8,-623799.8425
54.0,-623884.8229
54.2,-624050.4765
54.4,-624026.4988
54.6,-624315.8445
54.8,-624616.5154
55.0,-624926.6937
55.2,-624150.5629
55.4,-624473.5222
55.6,-624236.3493
55.8,-624667.7109
56.0,-624874.3451
56.2,-624775.9933
56.4,-624808.893
56.6,-624929.4649
56.8,-624851.4268
57.0,-624853.1764
57.2,-624940.6214
57.4,-624891.4937
57.6,-625271.5734
57.8,-625237.0185
58.0,-625560.4892
58.2,-625480.9926
58.4,-625566.0445
58.6,-625871.4149
58.8,-625523.3414
59.0,-625846.868
59.2,-625824.7236
59.4,-626050.7369
59.6,-625809.9859
59.8,-625839.3288
60.0,-625766.3349
60.2,-625817.559
60.4,-626157.124
60.6,-626063.5194
60.8,-625708.0317
61.0,-625681.7111
61.2,-626070.972
61.4,-625995.6827
61.6,-626190.4357
61.8,-625780.1231
62.0,-626015.9433
62.2,-626045.2675
62.4,-626384.5854
62.6,-626495.3932
62.8,-626435.3537
63.0,-626327.0858
63.2,-626492.5766
63.4,-626715.2416
63.6,-626413.7303
63.8,-626810.7303
64.0,-626388.7218
64.2,-626333.077
64.4,-626632.2119
64.6,-627139.4882
64.8,-626698.1756
65.0,-626671.7931
65.2,-626892.7071
65.4,-626716.549
65.6,-626992.2074
65.8,-627167.9636
66.0,-627212.4527
66.2,-627237.9199
66.4,-627388.95
66.6,-627285.834
66.8,-627180.3695
67.0,-627077.9058
67.2,-627250.4686
67.4,-627084.7205
67.6,-627028.3
67.8,-627128.9078
68.0,-627219.5727
68.2,-626997.2288
68.4,-627348.6574
68.6,-627049.8215
68.8,-627234.3216
69.0,-627230.3016
69.2,-627506.6338
69.4,-627734.4292
69.6,-627758.0578
69.8,-627760.6519
70.0,-627758.0847
70.2,-627950.0414
70.4,-627905.03
70.6,-628224.5388
70.8,-627782.8647
71.0,-627762.2292
71.2,-627950.1789
71.4,-628088.0924
71.6,-628112.7187
71.8,-627988.3147
72.0,-627814.3059
72.2,-627725.1613
72.4,-628043.6538
72.6,-627789.0213
72.8,-627669.0126
73.0,-627670.1958
73.2,-627810.3798
73.4,-628193.2484
73.6,-627881.3216
73.8,-628045.4307
74.0,-628293.7784
74.2,-628452.4126
74.4,-628910.3659
74.6,-628718.8787
74.8,-628374.5218
75.0,-628237.5274
75.2,-628284.2814
75.4,-628493.9059
75.6,-628365.0018
75.8,-628641.8583
76.0,-628214.95
76.2,-628535.4178
76.4,-628824.4493
76.6,-628495.7636
76.8,-628483.9028
77.0,-628941.5273
77.2,-628790.7994
77.4,-628486.9889
77.6,-628556.394
77.8,-628773.4619
78.0,-628672.0262
78.2,-628881.3701
78.4,-628650.9393
78.6,-629047.1547
78.8,-629129.2636
79.0,-629025.5096
79.2,-628832.3568
79.4,-628554.9175
79.6,-628387.0927
79.8,-628745.3616
80.0,-628549.7579
80.2,-628510.6965
80.4,-628689.4218
80.6,-628892.2285
80.8,-628878.7809
81.0,-628649.2593
81.2,-629065.6407
81.4,-629108.8121
81.6,-628933.4507
81.8,-628918.6658
82.0,-629302.9297
82.2,-629284.1065
82.4,-629144.4146
82.6,-629215.3092
82.8,-629168.8013
83.0,-629178.8319
83.2,-629308.0178
83.4,-629512.4937
83.6,-629271.7347
83.8,-629417.3372
84.0,-629218.4585
84.2,-629247.1119
84.4,-629252.6602
84.6,-629411.3638
84.8,-629566.7606
85.0,-629388.9359
85.2,-629253.2203
85.4,-629025.7532
85.6,-629043.4572
85.8,-629195.6424
86.0,-629202.9202
86.2,-629330.1768
86.4,-629474.909
86.6,-629456.4381
86.8,-629889.2186
87.0,-629625.1159
87.2,-629315.2555
87.4,-629405.7207
87.6,-629310.451
87.8,-629543.441
88.0,-629439.6881
88.2,-629623.0712
88.4,-629358.072
88.6,-629972.4341
88.8,-629669.3138
89.0,-629574.1991
89.2,-629309.5798
89.4,-629540.5502
89.6,-629544.6027
89.8,-629356.0256
90.0,-629831.3702
90.2,-629359.7471
90.4,-629328.9834
90.6,-629315.3254
90.8,-629453.6849
91.0,-629414.6408
91.2,-629377.963
91.4,-629398.0537
91.6,-629447.2984
91.8,-629207.5004
92.0,-629742.7799
92.2,-629467.9338
92.4,-629504.3959
92.6,-629278.9796
92.8,-629345.1795
93.0,-629790.6215
93.2,-629718.8315
93.4,-629862.097
93.6,-629754.6633
93.8,-629527.696
94.0,-629899.6423
94.2,-630099.7283
94.4,-629926.2685
94.6,-629960.6342
94.8,-629818.5256
95.0,-629917.6721
95.2,-630069.626
95.4,-629926.5086
95.6,-630237.5
95.8,-630240.3408
96.0,-630004.3058
96.2,-629932.7822
96.4,-629795.356
96.6,-630378.4487
96.8,-630076.1174
97.0,-629902.9477
97.2,-629976.3586
97.4,-630333.3056
97.6,-630119.9405
97.8,-630240.0434
98.0,-630142.0103
98.2,-630490.1743
98.4,-630502.6655
98.6,-630285.4239
98.8,-630071.9907
99.0,-630139.6262
99.2,-630353.7736
99.4,-630336.2753
99.6,-630473.4252
99.8,-630444.4984
100.0,-630117.7362
100.2,-630221.7228
100.4,-630302.2838
100.6,-630743.8601
100.8,-630325.6147
101.0,-630086.6526
101.2,-630030.9293
101.4,-630076.012
101.6,-630356.6404
101.8,-630215.3446
102.0,-630266.186
102.2,-630229.333
102.4,-630335.6107
102.6,-630165.612
102.8,-630385.8543
103.0,-630143.5912
103.2,-629940.9738
103.4,-630095.3666
103.6,-629977.2834
103.8,-630489.8815
104.0,-630670.0565
104.2,-630590.1898
104.4,-630629.4662
104.6,-630301.8972
104.8,-630404.2409
105.0,-630742.6489
105.2,-630840.8589
105.4,-630772.5771
105.6,-631123.8679
105.8,-631110.2126
106.0,-630975.5313
106.2,-630683.3945
106.4,-630829.5136
106.6,-630655.5299
106.8,-630643.6147
107.0,-630843.6737
107.2,-630667.2618
107.4,-630816.6572
107.6,-630406.1163
107.8,-630663.8542
108.0,-630738.567
108.2,-630458.4869
108.4,-630742.7892
108.6,-631022.9385
108.8,-631328.8566
109.0,-631282.5053
109.2,-631012.4364
109.4,-630993.8474
109.6,-630729.271
109.8,-630860.2797
110.0,-631022.0207
110.2,-630836.2643
110.4,-631120.5667
110.6,-630621.36
110.8,-631047.2672
111.0,-630965.2128
111.2,-630735.5585
111.4,-630771.5547
111.6,-631161.59
111.8,-631075.9769
112.0,-631207.2169
112.2,-631008.8034
112.4,-631283.9262
112.6,-631473.5523
112.8,-631225.165
113.0,-630952.811
113.2,-631155.4173
113.4,-630964.0878
113.6,-631214.6939
113.8,-631100.9184
114.0,-631156.639
114.2,-631253.1045
114.4,-631434.0724
114.6,-631276.2888
114.8,-631228.7958
115.0,-631106.4904
115.2,-631126.9207
115.4,-631321.4192
115.6,-631131.5062
115.8,-631252.0449
116.0,-631452.8879
116.2,-631121.9517
116.4,-630987.2617
116.6,-630938.7034
116.8,-631138.6485
117.0,-631124.4187
117.2,-631139.7242
117.4,-631306.1565
117.6,-631303.5186
117.8,-631586.4457
118.0,-631459.4497
118.2,-631351.725
118.4,-631192.8266
118.6,-631459.8612
118.8,-631133.7195
119.0,-631446.2177
119.2,-631134.4332
119.4,-631169.2252
119.6,-631262.2644
119.8,-631413.572
120.0,-631290.7071
120.2,-631334.4966
120.4,-631738.6922
120.6,-631478.2891
120.8,-631522.7586
121.0,-631691.459
121.2,-631880.9362
121.4,-631696.3137
121.6,-631524.6617
121.8,-631592.8146
122.0,-631686.9042
122.2,-631602.2797
122.4,-631567.3962
122.6,-632102.1288
122.8,-631586.0396
123.0,-631679.7424
123.2,-631954.142
123.4,-631616.3485
123.6,-631591.855
123.8,-631695.9222
124.0,-631767.2702
124.2,-631352.341
124.4,-631587.2618
124.6,-631468.4808
124.8,-632008.0199
125.0,-631973.2634
125.2,-631990.1844
125.4,-631899.8255
125.6,-632062.8152
125.8,-632037.0226
126.0,-631753.9466
126.2,-631891.2007
126.4,-632122.5398
126.6,-631416.0995
126.8,-631830.5163
127.0,-631777.9783
127.2,-632109.3074
127.4,-632161.7046
127.6,-632027.8812
127.8,-631699.653
128.0,-631687.7734
128.2,-631884.8681
128.4,-632097.2472
128.6,-632127.5914
128.8,-631942.7706
129.0,-631962.2995
129.2,-631762.1336
129.4,-631793.6467
129.6,-632195.7031
129.8,-632017.5804
130.0,-631858.6009
130.2,-632163.2049
130.4,-631871.5061
130.6,-631757.2512
130.8,-631455.3077
131.0,-632004.6902
131.2,-631990.3031
131.4,-632170.8785
131.6,-631950.4231
131.8,-631992.0089
132.0,-631961.7866
132.2,-632429.8118
132.4,-632231.6131
132.6,-632071.7636
132.8,-631822.5831
133.0,-632131.7229
133.2,-631890.9474
133.4,-631891.7296
133.6,-632055.3582
133.8,-631819.8229
134.0,-632303.4746
134.2,-632432.9047
134.4,-632203.6861
134.6,-631814.7031
134.8,-632191.092
135.0,-632278.1396
135.2,-632061.0128
135.4,-632484.7123
135.6,-631853.6231
135.8,-632188.4193
136.0,-632129.7715
136.2,-631923.6129
136.4,-632385.948
136.6,-632119.9372
136.8,-632095.3367
137.0,-632396.5545
137.2,-632582.4334
137.4,-632278.9291
137.6,-632539.8718
137.8,-632376.8276
138.0,-632219.9011
138.2,-632079.4779
138.4,-631917.2372
138.6,-632132.8418
138.8,-631948.1022
139.0,-632186.8259
139.2,-632089.9444
139.4,-632371.4316
139.6,-632323.1457
139.8,-632558.029
140.0,-632469.4266
140.2,-632660.6704
140.4,-632430.2042
140.6,-632449.1317
140.8,-632836.4419
141.0,-632856.7077
141.2,-632900.9389
141.4,-632820.4036
141.6,-632756.9747
141.8,-632609.1027
142.0,-632383.8641
142.2,-632372.4506
142.4,-632463.1432
142.6,-632713.4267
142.8,-632291.0753
143.0,-632295.251
143.2,-632297.3844
143.4,-632195.1453
143.6,-632468.8881
143.8,-632424.124
144.0,-632352.4769
144.2,-632372.9122
144.4,-632763.5359
144.6,-632532.5954
144.8,-632995.5708
145.0,-632425.9972
145.2,-632496.1692
145.4,-632478.0408
145.6,-632790.1224
145.8,-632618.9191
146.0,-632514.0756
146.2,-632491.2225
146.4,-632562.9908
146.6,-632439.4939
146.8,-632537.4859
147.0,-632412.5981
147.2,-632435.8012
147.4,-632750.2108
147.6,-632498.103
147.8,-632338.8302
148.0,-632301.9101
148.2,-632457.1835
148.4,-632564.6059
148.6,-632709.6091
148.8,-632886.5284
149.0,-632830.6558
149.2,-632628.5956
149.4,-632663.2135
149.6,-632545.8197
149.8,-632459.5353
150.0,-632877.4772
150.2,-632766.1595
150.4,-632752.8144
150.6,-632869.4483
150.8,-632959.6211
151.0,-633031.689
151.2,-632951.9634
151.4,-632554.2212
151.6,-632729.7465
151.8,-633085.3125
152.0,-632973.4223
152.2,-632966.5475
152.4,-632724.2019
152.6,-632710.5388
152.8,-632671.8355
153.0,-632816.9926
153.2,-633008.5026
153.4,-632788.3885
153.6,-632769.949
153.8,-632836.5943
154.0,-632685.7552
154.2,-633002.4176
154.4,-633104.8984
154.6,-632873.0992
154.8,-632936.4192
155.0,-632956.4158
155.2,-632880.7844
155.4,-633004.1656
155.6,-633380.6271
155.8,-632949.0995
156.0,-633336.0951
156.2,-632886.3213
156.4,-633238.6758
156.6,-633038.845
156.8,-633066.1758
157.0,-633185.4348
157.2,-633438.1584
157.4,-633164.6656
157.6,-633110.7311
157.8,-632847.7682
158.0,-633181.1517
158.2,-632807.4708
158.4,-633073.8888
158.6,-633191.8394
158.8,-633022.2064
159.0,-632832.1411
159.2,-632978.9176
159.4,-633071.6477
159.6,-633358.0912
159.8,-632835.5339
160.0,-633124.1177
160.2,-633072.1922
160.4,-633069.7428
160.6,-632936.1401
160.8,-633246.7814
161.0,-633228.917
161.2,-632949.7369
161.4,-632903.529
161.6,-633099.4457
161.8,-633106.53
162.0,-633099.1403
162.2,-633166.8096
162.4,-632976.4458
162.6,-633448.6375
162.8,-633306.2101
163.0,-633004.2324
163.2,-633520.1091
163.4,-633227.4943
163.6,-633242.043
163.8,-633076.3606
164.0,-632987.9541
164.2,-633261.5605
164.4,-632850.7866
164.6,-633173.0327
164.8,-632988.2143
165.0,-633110.1895
165.2,-633290.3097
165.4,-633034.0616
165.6,-633300.4915
165.8,-633078.4343
166.0,-632998.7927
166.2,-633311.6953
166.4,-633148.3992
166.6,-633314.2713
166.8,-633500.0149
167.0,-633399.9589
167.2,-633382.3729
167.4,-633401.316
167.6,-633702.6456
167.8,-633790.0335
168.0,-633549.0096
168.2,-633773.2239
168.4,-634031.3544
168.6,-633627.8552
168.8,-633792.1521
169.0,-633647.6598
169.2,-633608.8653
169.4,-633728.3258
169.6,-633820.5713
169.8,-633418.2882
170.0,-633741.5516
170.2,-633801.9378
170.4,-633731.0967
170.6,-633753.9494
170.8,-633605.4144
171.0,-633520.1324
171.2,-633739.2567
171.4,-633855.3369
171.6,-633651.7088
171.8,-633470.6185
172.0,-633125.4898
172.2,-633501.2533
172.4,-633491.5718
172.6,-633550.6181
172.8,-633452.6027
173.0,-633428.9918
173.2,-633271.9051
173.4,-633321.2173
173.6,-633435.0799
173.8,-633262.82
174.0,-633666.932
174.2,-633067.4942
174.4,-633656.9759
174.6,-633475.7148
174.8,-633608.3828
175.0,-633340.9623
175.2,-633580.8652
175.4,-633649.6861
175.6,-633503.2549
175.8,-633370.119
176.0,-633224.9152
176.2,-633714.0836
176.4,-633536.3393
176.6,-633475.4549
176.8,-633482.0729
177.0,-633302.8283
177.2,-633400.3677
177.4,-633578.4182
177.6,-633395.2738
177.8,-633504.7729
178.0,-633570.7729
178.2,-633538.9385
178.4,-633738.1013
178.6,-634069.5418
178.8,-634001.7334
179.0,-633982.1287
179.2,-633870.3816
179.4,-633909.4111
179.6,-633937.6849
179.8,-633786.0338
180.0,-633664.961
180.2,-633860.0182
180.4,-633452.1279
180.6,-633722.8847
180.8,-633982.6249
181.0,-634033.3008
181.2,-633458.2092
181.4,-633662.8559
181.6,-633662.7249
181.8,-633655.0267
182.0,-633692.7278
182.2,-633577.5391
182.4,-633737.5185
182.6,-633445.0012
182.8,-633698.9667
183.0,-633833.3263
183.2,-633497.8812
183.4,-633670.4708
183.6,-633687.9769
183.8,-634038.6103
184.0,-633968.2553
184.2,-633760.3831
184.4,-633701.0951
184.6,-633800.2554
184.8,-633621.3548
185.0,-633469.5032
185.2,-633620.9582
185.4,-633551.8919
185.6,-633333.1163
185.8,-633766.6563
186.0,-634041.7048
186.2,-633983.185
186.4,-633991.445
186.6,-633895.3754
186.8,-634082.557
187.0,-633942.9999
187.2,-633954.9973
187.4,-633915.4314
187.6,-634321.1328
187.8,-634023.4985
188.0,-634148.4688
188.2,-634068.3435
188.4,-633949.72
188.6,-634373.1147
188.8,-634465.9687
189.0,-634594.4651
189.2,-634284.5896
189.4,-634096.5882
189.6,-633792.6259
189.8,-633976.2162
190.0,-633612.6124
190.2,-633549.968
190.4,-633921.3703
190.6,-633799.8722
190.8,-634266.3848
191.0,-634093.7949
191.2,-633971.5911
191.4,-634128.3313
191.6,-634143.0743
191.8,-633787.4455
192.0,-634001.7484
192.2,-634194.4748
192.4,-634011.6591
192.6,-634020.5392
192.8,-634132.33
193.0,-633987.0848
193.2,-634123.3866
193.4,-633800.28
193.6,-634073.7191
193.8,-633861.846
194.0,-634142.628
194.2,-634107.8298
194.4,-634592.0244
194.6,-634356.7999
194.8,-634348.9441
195.0,-634025.4252
195.2,-634189.5336
195.4,-634261.4252
195.6,-634217.8765
195.8,-634148.3175
196.0,-633804.9456
196.2,-633684.6975
196.4,-634056.7552
196.6,-633766.8958
196.8,-634142.0732
197.0,-634103.1435
197.2,-634137.5475
197.4,-633898.9005
197.6,-634329.9798
197.8,-634183.8051
198.0,-634421.8996
198.2,-633744.1911
198.4,-634083.7386
198.6,-634348.3865
198.8,-634134.8527
199.0,-634365.0675
199.2,-634002.301
199.4,-634512.7538
199.6,-634386.7626
199.8,-634526.7775
200.0,-634447.9359
200.2,-634418.6065
200.4,-634276.7595
200.6,-634209.087
200.8,-634713.9997
201.0,-634578.4747
201.2,-634486.3278
201.4,-634349.5966
201.6,-634445.2809
201.8,-634619.2136
202.0,-634096.3944
202.2,-635017.5056
202.4,-634812.7782
202.6,-634768.2659
202.8,-634799.7267
203.0,-634925.9977
203.2,-634639.6822
203.4,-634852.1398
203.6,-634647.583
203.8,-634713.7559
204.0,-635024.2498
204.2,-634521.8768
204.4,-634792.5218
204.6,-634705.2418
204.8,-634583.3424
205.0,-634548.359
205.2,-634428.0426
205.4,-634331.365
205.6,-634438.3211
205.8,-633952.0247
206.0,-633884.1929
206.2,-634006.9008
206.4,-634111.9332
206.6,-634301.8917
206.8,-634453.2854
207.0,-634493.5587
207.2,-633943.3974
207.4,-634498.1641
207.6,-634545.8247
207.8,-634394.5289
208.0,-634764.4383
208.2,-634583.2822
208.4,-634230.7022
208.6,-634468.2872
208.8,-634222.7921
209.0,-634112.593
209.2,-634246.8622
209.4,-634462.1337
209.6,-634531.4408
209.8,-634719.0581
210.0,-634542.2925
210.2,-634381.2193
210.4,-634107.9325
210.6,-634197.605
210.8,-634502.2381
211.0,-634066.1596
211.2,-634455.5895
211.4,-633956.3538
211.6,-634362.6158
211.8,-634164.1459
212.0,-634366.7671
212.2,-634153.368
212.4,-634541.7086
212.6,-634640.2949
212.8,-634580.5616
213.0,-634249.8804
213.2,-634420.2491
213.4,-634352.7142
213.6,-634549.4938
213.8,-634482.9803
214.0,-634642.4325
214.2,-634211.1171
214.4,-634352.4256
214.6,-634507.277
214.8,-634442.321
215.0,-634413.174
215.2,-634691.6491
215.4,-634791.2849
215.6,-634412.9117
215.8,-634668.4774
216.0,-634738.1863
216.2,-635065.2723
216.4,-634535.4145
216.6,-634770.1784
216.8,-634927.7
217.0,-635088.4247
217.2,-634798.391
217.4,-634732.4314
217.6,-634485.4186
217.8,-634986.9059
218.0,-634634.3758
218.2,-634627.5655
218.4,-635129.3115
218.6,-634823.0658
218.8,-634747.9383
219.0,-634468.0811
219.2,-634624.2136
219.4,-634597.8711
219.6,-635029.0806
219.8,-634722.2943
220.0,-634619.8656
220.2,-634693.239
220.4,-634742.4424
220.6,-634809.2706
220.8,-634921.5166
221.0,-634733.1318
221.2,-634506.1362
221.4,-635027.8249
221.6,-634525.6838
221.8,-634321.237
222.0,-634251.2096
222.2,-634782.1558
222.4,-634672.536
222.6,-634497.8324
222.8,-634569.3026
223.0,-634736.7821
223.2,-634777.8278
223.4,-634702.0019
223.6,-634563.2198
223.8,-634661.4501
224.0,-634705.2844
224.2,-634741.2701
224.4,-634617.7005
224.6,-634812.788
224.8,-634918.7519
225.0,-634915.5425
225.2,-634375.55
225.4,-634901.9344
225.6,-634523.0463
225.8,-634720.5785
226.0,-634577.2031
226.2,-634726.9943
226.4,-634695.0619
226.6,-634846.4246
226.8,-634533.996
227.0,-634542.6633
227.2,-634540.1047
227.4,-634746.3642
227.6,-634654.2833
227.8,-634490.6854
228.0,-634493.6601
228.2,-634598.9093
228.4,-634789.183
228.6,-634631.6899
228.8,-634562.4574
229.0,-634795.4366
229.2,-634679.3672
229.4,-634655.197
229.6,-634956.4327
229.8,-634878.4468
230.0,-634764.2324
230.2,-634817.4849
230.4,-634666.1718
230.6,-634640.5307
230.8,-634889.4395
231.0,-634815.1915
231.2,-635003.4557
231.4,-634926.8161
231.6,-635507.236
231.8,-634731.888
232.0,-634603.6444
232.2,-634955.9693
232.4,-634916.3949
232.6,-635286.7187
232.8,-635216.5933
233.0,-635216.6272
233.2,-634820.0627
233.4,-634754.0498
233.6,-634777.4291
233.8,-634737.5293
234.0,-634667.5174
234.2,-634792.9459
234.4,-634697.4731
234.6,-634439.4248
234.8,-634512.9028
235.0,-634941.5941
235.2,-635040.9213
235.4,-635012.4462
235.6,-634768.884
235.8,-634930.016
236.0,-635001.8453
236.2,-635151.5374
236.4,-634724.09
236.6,-634908.3595
236.8,-634979.4912
237.0,-634750.1208
237.2,-634849.0575
237.4,-634912.9606
237.6,-634821.9423
237.8,-635041.4291
238.0,-635332.6681
238.2,-635517.5352
238.4,-635482.2256
238.6,-635286.0475
238.8,-634846.9669
239.0,-635221.7108
239.2,-635101.4496
239.4,-634986.3615
239.6,-635208.3583
239.8,-635104.3551
240.0,-635291.3876
240.2,-635300.926
240.4,-635099.8127
240.6,-635231.9036
240.8,-635453.2332
241.0,-635242.0731
241.2,-635063.0046
241.4,-635309.8995
241.6,-635105.8278
241.8,-635331.7453
242.0,-635187.9175
242.2,-635044.6373
242.4,-635222.5229
242.6,-635172.6719
242.8,-634924.4444
243.0,-635096.3136
243.2,-635159.8123
243.4,-635419.0778
243.6,-635060.4575
243.8,-635444.8034
244.0,-635323.4942
244.2,-635218.1047
244.4,-635127.4377
244.6,-634987.1201
244.8,-635172.9757
245.0,-635023.9945
245.2,-635175.5172
245.4,-635203.707
245.6,-635344.7878
245.8,-634878.2553
246.0,-635414.2339
246.2,-635080.7033
246.4,-634817.0879
246.6,-635119.3331
246.8,-635061.7397
247.0,-634836.3158
247.2,-635310.0512
247.4,-635332.595
247.6,-635181.7185
247.8,-635149.2539
248.0,-635364.0739
248.2,-635008.1863
248.4,-635103.8268
248.6,-635546.659
248.8,-635441.7144
249.0,-635203.1462
249.2,-635266.8887
249.4,-635593.7656
249.6,-635082.4311
249.8,-635297.5843
250.0,-635072.9189
250.2,-635068.818
250.4,-635387.645
250.6,-635450.1854
250.8,-635361.1111
251.0,-635044.0115
251.2,-635303.3115
251.4,-635263.5802
251.6,-635165.9311
251.8,-635341.9327
252.0,-635222.5451
252.2,-635202.9187
252.4,-635596.6718
252.6,-635407.0826
252.8,-635641.8942
253.0,-635485.1118
253.2,-635602.2633
253.4,-635587.4054
253.6,-635480.4405
253.8,-635354.0659
254.0,-635197.6717
254.2,-635255.9012
254.4,-635341.4531
254.6,-635334.2631
254.8,-635377.5111
255.0,-635154.4164
255.2,-635128.6548
255.4,-635179.8242
255.6,-635376.0
255.8,-635077.6858
256.0,-635156.9917
256.2,-635352.2834
256.4,-635262.5249
256.6,-635617.6895
256.8,-635516.4918
257.0,-635621.8181
257.2,-635643.0739
257.4,-635470.9545
257.6,-635736.2844
257.8,-635808.5383
258.0,-635714.1831
258.2,-635679.3868
258.4,-635904.4475
258.6,-635591.7019
258.8,-635404.4303
259.0,-635444.003
259.2,-635706.3865
259.4,-635554.9648
259.6,-635666.8226
259.8,-635742.7722
260.0,-635543.9708
260.2,-635866.3436
260.4,-635448.2511
260.6,-635659.0869
260.8,-635506.9144
261.0,-635591.6384
261.2,-635402.369
261.4,-635649.4585
261.6,-635586.414
261.8,-635237.1287
262.0,-635288.1474
262.2,-635539.1257
262.4,-635750.2326
262.6,-635341.8501
262.8,-635240.0301
263.0,-635339.7783
263.2,-635459.7292
263.4,-635466.6193
263.6,-635242.5333
263.8,-635473.3118
264.0,-635211.8583
264.2,-635683.3955
264.4,-635556.8581
264.6,-635593.5241
264.8,-635555.9712
265.0,-635669.387
265.2,-635695.6601
265.4,-635623.7897
265.6,-635584.9367
265.8,-635611.8157
266.0,-635262.9006
266.2,-635024.8714
266.4,-635278.5464
266.6,-635332.3235
266.8,-635436.182
267.0,-635367.5988
267.2,-635388.2654
267.4,-635758.8219
267.6,-635511.3068
267.8,-635556.6221
268.0,-635479.9475
268.2,-635768.2201
268.4,-635579.3152
268.6,-635651.5631
268.8,-635797.5203
269.0,-635931.7159
269.2,-635586.615
269.4,-635632.1045
269.6,-635990.963
269.8,-635787.9663
270.0,-635502.7747
270.2,-635773.9203
270.4,-635811.0386
270.6,-635398.2834
270.8,-635467.7714
271.0,-635415.9924
271.2,-635563.6241
271.4,-635285.6569
271.6,-635415.707
271.8,-635485.3386
272.0,-635697.5256
272.2,-635750.8097
272.4,-635826.3128
272.6,-635761.1608
272.8,-635846.9836
273.0,-635637.3883
273.2,-635728.2454
273.4,-635696.4312
273.6,-635733.7767
273.8,-635796.7511
274.0,-635439.2027
274.2,-635474.9876
274.4,-635465.8376
274.6,-635690.5761
274.8,-635736.1742
275.0,-635364.2021
275.2,-635649.4493
275.4,-635982.5403
275.6,-636025.5907
275.8,-635835.5765
276.0,-635480.3264
276.2,-636075.9782
276.4,-635576.7931
276.6,-635693.1641
276.8,-635664.931
277.0,-635991.1147
277.2,-635600.1626
277.4,-635783.426
277.6,-635778.3011
277.8,-635693.4989
278.0,-635818.3957
278.2,-636030.9779
278.4,-635812.5548
278.6,-636025.9838
278.8,-635510.2719
279.0,-635818.7104
279.2,-635904.2398
279.4,-636027.7652
279.6,-636072.6076
279.8,-635937.6217
280.0,-635925.4879
280.2,-635943.1581
280.4,-635601.3668
280.6,-635883.7708
280.8,-635536.2564
281.0,-635672.8987
281.2,-636289.595
281.4,-635891.204
281.6,-635942.0053
281.8,-635783.1618
282.0,-635672.7658
282.2,-635864.4092
282.4,-635624.2386
282.6,-635785.1786
282.8,-635377.4237
283.0,-635571.3687
283.2,-635820.2422
283.4,-636055.4582
283.6,-635806.2564
283.8,-635902.1745
284.0,-635774.1753
284.2,-635764.1385
284.4,-635970.7686
284.6,-636190.929
284.8,-636174.2928
285.0,-635875.7434
285.2,-635694.118
285.4,-635711.7787
285.6,-635712.2211
285.8,-635448.7047
286.0,-635700.6993
286.2,-635687.3383
286.4,-635802.9138
286.6,-635918.3206
286.8,-636060.5311
287.0,-635766.4605
287.2,-635853.6746
287.4,-635901.2023
287.6,-635679.9074
287.8,-635802.4723
288.0,-635601.6803
288.2,-635725.2099
288.4,-635780.8226
288.6,-635306.4461
288.8,-635329.6433
289.0,-635732.7241
289.2,-635561.5351
289.4,-635252.2573
289.6,-635664.7557
289.8,-635898.2726
290.0,-635904.3711
290.2,-636279.83
290.4,-635862.6535
290.6,-635710.7274
290.8,-636048.6095
291.0,-636027.2688
291.2,-635848.7795
291.4,-636001.15
291.6,-635848.1509
291.8,-635803.2926
292.0,-636023.8995
292.2,-636004.3379
292.4,-635636.1931
292.6,-636042.9253
292.8,-635970.5947
293.0,-636012.5718
293.2,-635872.1752
293.4,-635679.0846
293.6,-635985.7411
293.8,-636004.1337
294.0,-636289.7035
294.2,-635948.1997
294.4,-635622.6352
294.6,-636191.8829
294.8,-635914.0866
295.0,-635678.6509
295.2,-635701.2292
295.4,-635739.6941
295.6,-635767.8214
295.8,-635642.7461
296.0,-636104.2229
296.2,-635863.0391
296.4,-636207.9276
296.6,-636021.5353
296.8,-636059.3863
297.0,-636199.5089
297.2,-636294.2575
297.4,-636106.3017
297.6,-635873.2105
297.8,-635853.3945
298.0,-635663.3957
298.2,-635718.7815
298.4,-636076.0986
298.6,-635920.7111
298.8,-635970.2077
299.0,-636063.4813
299.2,-635790.443
299.4,-635909.8351
299.6,-635595.8222
299.8,-635778.8654
300.0,-635736.2946
300.2,-635461.1595
300.4,-636004.3286
300.6,-636018.4297
300.8,-635991.4912
301.0,-635890.3094
301.2,-635996.9961
301.4,-636010.745
301.6,-635997.3417
301.8,-636398.292
302.0,-636044.5342
302.2,-636554.8341
302.4,-636113.3135
302.6,-636216.5356
302.8,-636236.8516
303.0,-635827.4745
303.2,-635913.4474
303.4,-635914.9436
303.6,-635905.2594
303.8,-636274.8286
304.0,-635908.3725
304.2,-636112.8939
304.4,-636119.5272
304.6,-636047.4477
304.8,-636221.8771
305.0,-636244.5394
305.2,-636023.5824
305.4,-636210.4219
305.6,-636145.2594
305.8,-636207.748
306.0,-636338.8661
306.2,-636152.9212
306.4,-636231.0305
306.6,-636136.4967
306.8,-636092.2536
307.0,-635735.037
307.2,-636153.8432
307.4,-636052.8384
307.6,-636015.163
307.8,-636292.0193
308.0,-636279.9558
308.2,-635972.7591
308.4,-635746.2946
308.6,-636131.2814
308.8,-636205.9453
309.0,-635934.7743
309.2,-636118.1134
309.4,-635602.3748
309.6,-635635.0225
309.8,-635803.6131
310.0,-635767.991
310.2,-635999.1034
310.4,-635758.9344
310.6,-635722.8426
310.8,-635895.5719
311.0,-635822.961
311.2,-635911.1181
311.4,-635751.2081
311.6,-635936.9831
311.8,-636274.1904
312.0,-636619.5315
312.2,-636407.8948
312.4,-636224.8022
312.6,-636135.7335
312.8,-636159.18
313.0,-635987.0507
313.2,-636005.4816
313.4,-635817.5574
313.6,-636048.5904
313.8,-636000.5543
314.0,-636155.1905
314.2,-636095.714
314.4,-636109.0517
314.6,-636167.2304
314.8,-635874.512
315.0,-636080.2556
315.2,-636256.3096
315.4,-635930.204
315.6,-636023.0456
315.8,-636012.7136
316.0,-636174.4749
316.2,-635876.8378
316.4,-636003.9673
316.6,-636142.2045
316.8,-636193.1089
317.0,-635968.6903
317.2,-635936.0251
317.4,-636050.935
317.6,-635846.607
317.8,-635708.0703
318.0,-635974.1117
318.2,-636058.812
318.4,-636060.4689
318.6,-635896.0558
318.8,-636190.9632
319.0,-636530.4222
319.2,-636478.6681
319.4,-636093.7689
319.6,-636501.27
319.8,-636259.1036
320.0,-635844.7424
320.2,-635649.5448
320.4,-635976.9469
320.6,-636054.0931
320.8,-635817.8501
321.0,-636053.4819
321.2,-636252.7256
321.4,-636074.3096
321.6,-636058.015
321.8,-636102.8613
322.0,-636023.9007
322.2,-636089.836
322.4,-636054.3852
322.6,-635926.3704
322.8,-636476.9923
323.0,-636629.7871
323.2,-636554.0335
323.4,-636423.4941
323.6,-636333.1987
323.8,-636255.2711
324.0,-636117.2446
324.2,-636139.0662
324.4,-636122.502
324.6,-636154.0898
324.8,-636438.8407
325.0,-636407.0007
325.2,-636268.9353
325.4,-636163.5268
325.6,-636299.3361
325.8,-636192.6023
326.0,-636681.6667
326.2,-635926.5755
326.4,-635918.6195
326.6,-635982.1641
326.8,-636011.0744
327.0,-636003.02
327.2,-636139.1266
327.4,-635789.4055
327.6,-636306.841
327.8,-636157.4202
328.0,-636361.6181
328.2,-636410.116
328.4,-636184.6825
328.6,-636265.6609
328.8,-635705.293
329.0,-635964.4789
329.2,-636155.2399
329.4,-636370.407
329.6,-636329.8136
329.8,-636124.5567
330.0,-636171.1773
330.2,-636221.8204
330.4,-636302.9699
330.6,-636047.7708
330.8,-636495.4346
331.0,-636284.32
331.2,-636292.5016
331.4,-636286.0545
331.6,-636302.429
331.8,-636427.3801
332.0,-636888.1258
332.2,-636543.5953
332.4,-636340.8253
332.6,-636082.2449
332.8,-636034.4553
333.0,-636112.1942
333.2,-636374.1361
333.4,-635897.6569
333.6,-635902.1886
333.8,-635918.5972
334.0,-636316.4348
334.2,-636212.5155
334.4,-636288.101
334.6,-636232.2782
334.8,-636092.7725
335.0,-636076.455
335.2,-636398.64
335.4,-636153.0649
335.6,-636002.8499
335.8,-636089.4252
336.0,-636299.4026
336.2,-636323.1371
336.4,-636500.2587
336.6,-636153.3697
336.8,-636076.1898
337.0,-636508.2716
337.2,-636001.1976
337.4,-636235.7029
337.6,-636252.0034
337.8,-636468.8527
338.0,-636127.8447
338.2,-636453.0601
338.4,-636414.7537
338.6,-636377.1324
338.8,-636177.0541
339.0,-636681.0034
339.2,-637025.6375
339.4,-636935.3135
339.6,-636860.7203
339.8,-636813.5009
340.0,-636715.0419
340.2,-636749.2242
340.4,-636831.2286
340.6,-636707.3612
340.8,-636538.17
341.0,-636262.814
341.2,-636448.2544
341.4,-636181.1199
341.6,-636502.8861
341.8,-636407.7256
342.0,-636237.2368
342.2,-636492.6198
342.4,-636700.128
342.6,-636292.8069
342.8,-636563.0078
343.0,-636369.3499
343.2,-636303.8405
343.4,-636331.3283
343.6,-636072.7954
343.8,-636501.3741
344.0,-636437.6587
344.2,-636544.7577
344.4,-636603.7852
344.6,-636284.9511
344.8,-636175.3211
345.0,-636040.7363
345.2,-636190.1959
345.4,-636359.327
345.6,-636282.9189
345.8,-636047.0169
346.0,-636588.928
346.2,-636355.9444
346.4,-636029.3036
346.6,-636326.263
346.8,-636314.8745
347.0,-636223.8433
347.2,-636575.6291
347.4,-636427.0575
347.6,-636177.8027
347.8,-636589.5151
348.0,-636441.6507
348.2,-636166.9741
348.4,-636027.8249
348.6,-636256.1173
348.8,-635856.9683
349.0,-636088.1084
349.2,-636584.448
349.4,-636016.7096
349.6,-636340.9089
349.8,-636385.4955
350.0,-636740.7464
350.2,-636430.9538
350.4,-636577.526
350.6,-636458.2743
350.8,-636564.714
351.0,-636440.895
351.2,-636453.3483
351.4,-636710.9834
351.6,-636401.0441
351.8,-636190.9941
352.0,-636359.3451
352.2,-636506.5136
352.4,-636500.4474
352.6,-636811.8385
352.8,-636917.8617
353.0,-636813.7224
353.2,-636733.366
353.4,-636632.3355
353.6,-636930.2607
353.8,-636910.3593
354.0,-636580.1535
354.2,-636642.5635
354.4,-636679.3653
354.6,-636380.7837
354.8,-636752.3316
355.0,-636515.7863
355.2,-636521.2383
355.4,-636221.051
355.6,-636386.1916
355.8,-636425.6502
356.0,-636641.0941
356.2,-636698.9132
356.4,-636593.2971
356.6,-636807.6164
356.8,-636294.2478
357.0,-636467.9065
357.2,-636277.7837
357.4,-636565.9202
357.6,-636221.3333
357.8,-636508.6407
358.0,-636199.14
358.2,-636420.9975
358.4,-636438.5161
358.6,-636475.765
358.8,-636499.0514
359.0,-636413.503
359.2,-636453.805
359.4,-636265.7504
359.6,-636632.2439
359.8,-636633.0507
360.0,-636430.724
360.2,-636401.9205
360.4,-636596.8099
360.6,-636404.356
360.8,-636211.0614
361.0,-636319.811
361.2,-636288.4695
361.4,-636377.2637
361.6,-636321.6713
361.8,-636821.4294
362.0,-636377.2851
362.2,-636867.3143
362.4,-636711.0089
362.6,-636482.7027
362.8,-636729.8512
363.0,-636785.1904
363.2,-636784.7731
363.4,-636417.8221
363.6,-636742.9136
363.8,-636701.1724
364.0,-636680.3273
364.2,-636701.9427
364.4,-636611.853
364.6,-636876.7754
364.8,-636641.3782
365.0,-636695.0973
365.2,-636588.8722
365.4,-636390.2836
365.6,-636650.349
365.8,-636674.3373
366.0,-636756.1602
366.2,-636519.0299
366.4,-636555.2286
366.6,-636738.5639
366.8,-636907.5031
367.0,-636621.2816
367.2,-636588.3485
367.4,-636485.5635
367.6,-636684.5993
367.8,-636689.4713
368.0,-636725.3664
368.2,-636964.8303
368.4,-637067.5106
368.6,-636712.0175
368.8,-636575.5292
369.0,-636247.1689
369.2,-636498.2341
369.4,-636555.8519
369.6,-636539.0462
369.8,-636718.0307
370.0,-636611.7771
370.2,-636617.4919
370.4,-636387.9179
370.6,-636667.9188
370.8,-636932.2215
371.0,-637145.7843
371.2,-636778.1727
371.4,-636444.5731
371.6,-636643.0564
371.8,-636752.89
372.0,-636603.817
372.2,-636517.7395
372.4,-636535.1847
372.6,-636775.8836
372.8,-636784.2584
373.0,-636887.0845
373.2,-636975.7275
373.4,-636782.4013
373.6,-636812.0503
373.8,-636429.9164
374.0,-636140.4559
374.2,-636638.6703
374.4,-636784.7622
374.6,-636474.8556
374.8,-636717.2284
375.0,-636626.8558
375.2,-636415.5457
375.4,-636213.713
375.6,-636377.5793
375.8,-636579.8175
376.0,-636415.4604
376.2,-636787.4497
376.4,-636867.6917
376.6,-636799.6656
376.8,-636622.1263
377.0,-636568.8525
377.2,-636619.2977
377.4,-636714.9204
377.6,-636795.3669
377.8,-636695.7835
378.0,-636540.5678
378.2,-636695.5108
378.4,-636777.6035
378.6,-637059.0829
378.8,-636915.446
379.0,-636976.9525
379.2,-637199.9507
379.4,-636908.543
379.6,-636863.2447
379.8,-636951.2845
380.0,-636658.2641
380.2,-636594.6804
380.4,-636659.507
380.6,-636777.9148
380.8,-636856.2171
381.0,-636815.2543
381.2,-636867.5067
381.4,-636757.5361
381.6,-636483.9361
381.8,-636897.1283
382.0,-636538.0755
382.2,-636804.5027
382.4,-636624.3596
382.6,-636929.8035
382.8,-636694.2111
383.0,-636440.3806
383.2,-636856.2524
383.4,-636644.7845
383.6,-636716.9247
383.8,-636626.1267
384.0,-636717.9414
384.2,-636819.8545
384.4,-637006.6844
384.6,-636750.2686
384.8,-636903.2586
385.0,-637006.9048
385.2,-636753.5615
385.4,-637102.0326
385.6,-636896.83
385.8,-636793.9707
386.0,-637115.1533
386.2,-637014.9928
386.4,-636527.6313
386.6,-636866.0169
386.8,-636855.0201
387.0,-636784.6283
387.2,-637046.0573
387.4,-636660.4766
387.6,-636914.5265
387.8,-636745.8824
388.0,-636513.8621
388.2,-636414.3997
388.4,-636668.8593
388.6,-636756.6322
388.8,-636697.6262
389.0,-636730.1557
389.2,-637130.2146
389.4,-636754.2486
389.6,-636915.6366
389.8,-636622.8909
390.0,-636910.4126
390.2,-636888.5815
390.4,-636798.6387
390.6,-636949.8749
390.8,-637160.0062
391.0,-637152.9188
391.2,-636937.5316
391.4,-637063.9188
391.6,-637166.9095
391.8,-636906.2903
392.0,-636862.73
392.2,-636862.9284
392.4,-637011.6254
392.6,-636506.2042
392.8,-636806.536
393.0,-636849.7363
393.2,-637245.0274
393.4,-636857.6681
393.6,-637170.1714
393.8,-637381.4652
394.0,-636860.6066
394.2,-637174.5882
394.4,-636742.5012
394.6,-637091.8785
394.8,-636809.371
395.0,-636904.2894
395.2,-637025.9453
395.4,-637192.0469
395.6,-636568.0128
395.8,-636802.7007
396.0,-636721.0183
396.2,-636909.2102
396.4,-636978.4771
396.6,-636922.4581
396.8,-636820.0373
397.0,-637211.5976
397.2,-637300.5011
397.4,-636855.7314
397.6,-637016.1449
397.8,-637099.4278
398.0,-637479.0431
398.2,-637332.9267
398.4,-637080.5707
398.6,-636942.8542
398.8,-637042.877
399.0,-636948.5563
399.2,-636951.1798
399.4,-636925.5024
399.6,-636892.6386
399.8,-636842.3323
400.0,-636981.4026
400.2,-637017.5709
400.4,-636997.403
400.6,-636994.1902
400.8,-637042.6986
401.0,-637090.6426
401.2,-636845.7666
401.4,-637005.9974
401.6,-636700.8108
401.8,-636568.431
402.0,-636613.3432
402.2,-636846.035
402.4,-636782.102
402.6,-636831.164
402.8,-636838.4917
403.0,-636976.6677
403.2,-636868.0963
403.4,-637140.02
403.6,-637309.777
403.8,-637090.2424
404.0,-637018.4739
404.2,-637020.6218
404.4,-636987.6668
404.6,-636983.8466
404.8,-636845.7062
405.0,-636929.6754
405.2,-637024.1918
405.4,-636836.2214
405.6,-636879.8201
405.8,-637057.4828
406.0,-636702.2484
406.2,-636835.9268
406.4,-636719.5203
406.6,-637150.0666
406.8,-637012.6596
407.0,-637095.9048
407.2,-637001.9889
407.4,-636989.4228
407.6,-637079.5765
407.8,-636903.8576
408.0,-636862.5021
408.2,-636761.2232
408.4,-636751.9945
408.6,-637200.4642
408.8,-637225.2359
409.0,-637087.5885
409.2,-636909.6141
409.4,-636750.9295
409.6,-636856.3202
409.8,-637067.0283
410.0,-637118.8448
410.2,-637325.5146
410.4,-637344.473
410.6,-637327.4187
410.8,-637607.0109
411.0,-637413.1362
411.2,-637513.6877
411.4,-636951.4328
411.6,-636875.0819
411.8,-636700.4267
412.0,-636881.2178
412.2,-636882.2452
412.4,-636937.4864
412.6,-636963.2218
412.8,-636817.2022
413.0,-637220.4456
413.2,-637405.6878
413.4,-637231.6942
413.6,-637482.3399
413.8,-636824.6427
414.0,-637329.2211
414.2,-637295.704
414.4,-637275.9351
414.6,-637163.3882
414.8,-637086.4637
415.0,-636955.2486
415.2,-637039.6175
415.4,-636938.7976
415.6,-637388.5075
415.8,-636798.8762
416.0,-637021.1882
416.2,-637052.7657
416.4,-637239.5019
416.6,-637306.4732
416.8,-637180.2816
417.0,-637197.4371
417.2,-637158.0305
417.4,-637030.032
417.6,-637069.7982
417.8,-636829.359
418.0,-636811.8436
418.2,-636807.2028
418.4,-636802.0675
418.6,-637321.1528
418.8,-637357.514
419.0,-637032.3171
419.2,-637088.093
419.4,-637772.2793
419.6,-637565.7951
419.8,-637157.5558
420.0,-637078.7979
420.2,-636963.8255
420.4,-636997.2236
420.6,-637181.8448
420.8,-637183.2371
421.0,-637286.9168
421.2,-637214.942
421.4,-637322.4113
421.6,-637124.8759
421.8,-637479.5614
422.0,-637571.8176
422.2,-637148.0516
422.4,-637273.0553
422.6,-637400.1515
422.8,-637303.2752
423.0,-637166.0139
423.2,-636924.5354
423.4,-636976.947
423.6,-636993.5475
423.8,-636961.9281
424.0,-637054.6884
424.2,-636927.3244
424.4,-637054.0076
424.6,-637002.6322
424.8,-637168.1889
425.0,-637048.1829
425.2,-636897.0823
425.4,-637187.9017
425.6,-636614.4602
425.8,-637231.6875
426.0,-637060.7416
426.2,-637028.1064
426.4,-637064.8409
426.6,-637310.8403
426.8,-637455.7636
427.0,-637336.7208
427.2,-637279.2496
427.4,-636920.6163
427.6,-637116.6667
427.8,-637073.8749
428.0,-637079.888
428.2,-637373.2047
428.4,-637362.6877
428.6,-637255.2183
428.8,-637309.0188
429.0,-637433.5269
429.2,-637470.549
429.4,-637488.0905
429.6,-637171.9299
429.8,-637133.9139
430.0,-637383.2833
430.2,-636975.7552
430.4,-637206.2464
430.6,-637279.269
430.8,-637389.9807
431.0,-637620.2311
431.2,-637183.1216
431.4,-637470.4486
431.6,-637240.4595
431.8,-637154.931
432.0,-637099.2559
432.2,-637105.3798
432.4,-637221.3187
432.6,-636874.8928
432.8,-636769.5173
433.0,-636944.1238
433.2,-637184.9255
433.4,-637236.7095
433.6,-637134.6919
433.8,-637590.568
434.0,-637199.8677
434.2,-637441.8097
434.4,-637456.5113
434.6,-637406.4064
434.8,-637406.7205
435.0,-637193.9913
435.2,-637260.5066
435.4,-637087.6612
435.6,-636837.7263
435.8,-637016.788
436.0,-637115.5745
436.2,-636961.688
436.4,-637224.8144
436.6,-637709.0101
436.8,-637764.4238
437.0,-637484.971
437.2,-637383.7662
437.4,-637066.8494
437.6,-637500.107
437.8,-637763.0288
438.0,-637351.2587
438.2,-637361.5158
438.4,-637371.784
438.6,-637516.2813
438.8,-637262.7091
439.0,-637387.5737
439.2,-637453.0763
439.4,-637023.8408
439.6,-637482.9438
439.8,-637336.4519
440.0,-637315.1802
440.2,-637278.2446
440.4,-637327.5922
440.6,-637352.5765
440.8,-637352.6235
441.0,-637589.298
441.2,-637665.0481
441.4,-637386.2899
441.6,-637401.4248
441.8,-637286.4156
442.0,-637462.1754
442.2,-636973.6815
442.4,-637334.9554
442.6,-637508.0949
442.8,-637333.981
443.0,-637481.4487
443.2,-637204.8596
443.4,-636901.0945
443.6,-636822.6921
443.8,-637210.4128
444.0,-637228.4976
444.2,-637228.969
444.4,-637348.8034
444.6,-637325.4219
444.8,-637420.7886
445.0,-637426.9828
445.2,-637384.352
445.4,-637626.6899
445.6,-637482.624
445.8,-637581.8444
446.0,-637543.2478
446.2,-637560.0415
446.4,-637517.7949
446.6,-637163.5247
446.8,-637311.0188
447.0,-637332.6626
447.2,-637649.232
447.4,-637522.5366
447.6,-637253.4688
447.8,-637353.1854
448.0,-637234.0058
448.2,-637467.2719
448.4,-637209.1957
448.6,-637542.971
448.8,-637667.9544
449.0,-637339.4503
449.2,-637578.1081
449.4,-637438.286
449.6,-637197.7439
449.8,-637472.8279
450.0,-637535.8137
450.2,-637365.7632
450.4,-637515.9277
450.6,-637357.3618
450.8,-637120.7089
451.0,-637381.7722
451.2,-637465.8185
451.4,-637259.6574
451.6,-637206.4028
451.8,-637304.0217
452.0,-637282.914
452.2,-637058.3921
452.4,-637229.3847
452.6,-637227.6997
452.8,-637620.9255
453.0,-637810.4975
453.2,-637579.9246
453.4,-637759.0001
453.6,-637660.7031
453.8,-637534.6936
454.0,-637300.5639
454.2,-637321.686
454.4,-637396.9801
454.6,-637443.2538
454.8,-637570.1732
455.0,-637469.7842
455.2,-637379.2721
455.4,-637342.8485
455.6,-637356.4502
455.8,-637363.0932
456.0,-637276.3759
456.2,-637231.379
456.4,-637072.4025
456.6,-637165.3095
456.8,-636928.4163
457.0,-637271.6391
457.2,-637416.6774
457.4,-637141.4629
457.6,-637600.8052
457.8,-637348.9363
458.0,-637218.5027
458.2,-637615.4159
458.4,-637631.7437
458.6,-637658.194
458.8,-637369.9678
459.0,-637452.0473
459.2,-637549.2172
459.4,-637316.2942
459.6,-637470.2905
459.8,-637714.7826
460.0,-637504.8755
460.2,-637529.9391
460.4,-637201.7944
460.6,-637458.6866
460.8,-637279.6873
461.0,-637312.901
461.2,-637480.3209
461.4,-637538.0142
461.6,-637435.5526
461.8,-637714.797
462.0,-637281.8475
462.2,-637007.8725
462.4,-637290.3085
462.6,-637378.5536
462.8,-637156.5926
463.0,-637432.7619
463.2,-637266.9354
463.4,-637179.1432
463.6,-637079.9126
463.8,-637202.8196
464.0,-637102.8897
464.2,-637309.6424
464.4,-637303.7408
464.6,-637465.3592
464.8,-637161.7907
465.0,-636873.6779
465.2,-636957.323
465.4,-637225.1499
465.6,-637301.7866
465.8,-637209.679
466.0,-637300.5756
466.2,-637026.0423
466.4,-637186.5615
466.6,-637561.0822
466.8,-637453.3625
467.0,-637474.1641
467.2,-637258.4136
467.4,-637383.6987
467.6,-637326.1622
467.8,-637586.2629
468.0,-637674.5682
468.2,-637406.5255
468.4,-637377.3212
468.6,-637478.9611
468.8,-637708.5696
469.0,-637654.6195
469.2,-637798.6902
469.4,-637788.1398
469.6,-637734.843
469.8,-637742.4819
470.0,-637609.4325
470.2,-637723.8118
470.4,-637683.7604
470.6,-637854.4568
470.8,-637657.2184
471.0,-637884.6011
471.2,-637669.9817
471.4,-637782.268
471.6,-637686.8934
471.8,-637699.0465
472.0,-637487.4299
472.2,-637591.1381
472.4,-637976.9087
472.6,-637718.5578
472.8,-638116.5955
473.0,-637886.5995
473.2,-637899.3659
473.4,-637499.387
473.6,-637818.0692
473.8,-637739.1739
474.0,-637556.0895
474.2,-637615.3282
474.4,-637682.14
474.6,-637710.1748
474.8,-637794.3896
475.0,-637645.391
475.2,-637274.0356
475.4,-637513.473
475.6,-637581.3507
475.8,-637602.4901
476.0,-637403.5278
476.2,-637560.3549
476.4,-637523.399
476.6,-637541.8848
476.8,-637379.8215
477.0,-637636.8748
477.2,-637492.9864
477.4,-637520.0928
477.6,-637872.5664
477.8,-637785.9374
478.0,-637673.9135
478.2,-637476.9661
478.4,-637597.5587
478.6,-637549.452
478.8,-637424.1339
479.0,-637456.7129
479.2,-637790.0143
479.4,-637555.2186
479.6,-637490.0058
479.8,-637664.4553
480.0,-637583.319
480.2,-637510.9573
480.4,-637664.6251
480.6,-637608.712
480.8,-637501.2839
481.0,-637442.0667
481.2,-637522.4513
481.4,-637959.5948
481.6,-637763.7285
481.8,-637747.2101
482.0,-637765.1835
482.2,-637776.8627
482.4,-637652.5619
482.6,-637564.6037
482.8,-637287.4853
483.0,-637450.532
483.2,-637535.0556
483.4,-638161.7897
483.6,-637682.6416
483.8,-637587.9586
484.0,-637589.9707
484.2,-637627.9618
484.4,-638056.8869
484.6,-637512.6764
484.8,-637400.4716
485.0,-637505.8511
485.2,-637786.4747
485.4,-638177.214
485.6,-637946.2232
485.8,-637990.8089
486.0,-638200.1034
486.2,-638064.6359
486.4,-638089.5991
486.6,-637847.7396
486.8,-637688.8727
487.0,-638074.1906
487.2,-637802.9367
487.4,-638371.9999
487.6,-638041.6655
487.8,-638154.2685
488.0,-637996.8302
488.2,-638044.1093
488.4,-637842.8492
488.6,-637755.3758
488.8,-638177.8209
489.0,-638197.3677
489.2,-637877.6857
489.4,-637826.3914
489.6,-637895.8462
489.8,-637827.1044
490.0,-637795.403
490.2,-637712.8028
490.4,-637709.8757
490.6,-637665.5428
490.8,-637768.1366
491.0,-637522.886
491.2,-637636.092
491.4,-637388.9379
491.6,-638003.5612
491.8,-637849.7971
492.0,-638057.3703
492.2,-637984.5106
492.4,-638115.1519
492.6,-637880.1912
492.8,-637759.4292
493.0,-637812.5009
493.2,-637670.8245
493.4,-637538.4913
493.6,-637620.2886
493.8,-637709.4126
494.0,-637803.8729
494.2,-637406.1769
494.4,-637562.6841
494.6,-637578.3444
494.8,-637903.8808
495.0,-637970.6959
495.2,-637597.4658
495.4,-637710.9344
495.6,-638012.8748
495.8,-637497.5545
496.0,-637504.5221
496.2,-638049.7786
496.4,-637923.7726
496.6,-638022.8663
496.8,-637929.538
497.0,-637880.5076
497.2,-637724.2196
497.4,-637502.8692
497.6,-637778.162
497.8,-637808.5438
498.0,-637829.8258
498.2,-637865.4076
498.4,-637745.3477
498.6,-637470.0501
498.8,-637377.2742
499.0,-637571.7365
499.2,-637556.2363
499.4,-637661.7227
499.6,-637856.1823
499.8,-637926.1099
500.0,-637599.6419
500.2,-637411.9399
500.4,-637424.9053
500.6,-637602.5331
500.8,-637601.3988
501.0,-637623.2792
501.2,-637588.6384
501.4,-637661.8939
501.6,-637810.6798
501.8,-637733.1884
502.0,-638033.2751
502.2,-637858.4534
502.4,-638172.4726
502.6,-637975.335
502.8,-638073.7085
503.0,-638113.2288
503.2,-637802.9136
503.4,-637883.2852
503.6,-638203.7793
503.8,-637918.4737
504.0,-637875.0434
504.2,-637653.8975
504.4,-637778.5524
504.6,-637465.5664
504.8,-637496.8721
505.0,-637557.4304
505.2,-637621.4024
505.4,-637453.9055
505.6,-637617.7946
505.8,-637869.9043
506.0,-637884.0448
506.2,-638122.96
506.4,-637826.2522
506.6,-637937.4395
506.8,-637965.982
507.0,-637661.9548
507.2,-637973.8738
507.4,-638090.8073
507.6,-638062.7853
507.8,-637864.9612
508.0,-637772.1535
508.2,-637729.3425
508.4,-637868.5288
508.6,-637601.7205
508.8,-637927.1154
509.0,-637566.1322
509.2,-637589.491
509.4,-638099.9238
509.6,-637932.0007
509.8,-637995.6503
510.0,-637811.1502
510.2,-638036.8103
510.4,-637836.8977
510.6,-637731.4109
510.8,-637857.7221
511.0,-637746.3136
511.2,-638215.5305
511.4,-637943.3196
511.6,-637959.3212
511.8,-637937.4693
512.0,-637946.6624
512.2,-637689.9359
512.4,-637866.5648
512.6,-637807.276
512.8,-638018.9884
513.0,-637710.959
513.2,-637624.1552
513.4,-637557.6717
513.6,-637949.1129
513.8,-638316.2038
514.0,-637870.6624
514.2,-637845.3028
514.4,-637976.9324
514.6,-637717.4903
514.8,-637685.4421
515.0,-637626.3326
515.2,-637886.5375
515.4,-637464.2578
515.6,-637727.8688
515.8,-637993.7356
516.0,-637692.5535
516.2,-637967.1416
516.4,-638114.2043
516.6,-637697.8682
516.8,-637877.2878
517.0,-637759.3014
517.2,-637772.8114
517.4,-637520.8939
517.6,-637298.199
517.8,-637879.1171
518.0,-637903.5713
518.2,-637785.5771
518.4,-637633.6504
518.6,-637585.3856
518.8,-637788.0078
519.0,-637639.4859
519.2,-637817.9785
519.4,-637969.4131
519.6,-638073.8092
519.8,-638162.443
520.0,-637969.8376
520.2,-638163.3784
520.4,-638048.5205
520.6,-637984.5221
520.8,-637973.6494
521.0,-637991.3167
521.2,-638378.2247
521.4,-637810.7189
521.6,-637809.5301
521.8,-638105.5079
522.0,-638159.5186
522.2,-638096.1489
522.4,-637620.4725
522.6,-638108.0663
522.8,-637682.456
523.0,-638222.2686
523.2,-638045.6473
523.4,-638077.6247
523.6,-637833.7846
523.8,-637737.1034
524.0,-637948.7994
524.2,-638227.7039
524.4,-638104.1775
524.6,-637786.5876
524.8,-637733.2902
525.0,-637638.3289
525.2,-637881.8483
525.4,-637576.0003
525.6,-637875.267
525.8,-637750.7676
526.0,-637751.8746
526.2,-637712.443
526.4,-637878.2932
526.6,-638195.313
526.8,-638445.782
527.0,-638104.792
527.2,-638165.7284
527.4,-638270.7038
527.6,-638112.5846
527.8,-638198.1869
528.0,-637767.4472
528.2,-637858.2203
528.4,-637911.271
528.6,-638093.0893
528.8,-637854.6921
529.0,-637929.3906
529.2,-638082.1114
529.4,-638148.7634
529.6,-637959.5318
529.8,-638326.7469
530.0,-638383.0859
530.2,-638056.1726
530.4,-637983.4256
530.6,-637652.3876
530.8,-637933.0181
531.0,-637876.2476
531.2,-638038.307
531.4,-637637.7183
531.6,-638062.4867
531.8,-638161.5169
532.0,-637831.5256
532.2,-637984.0131
532.4,-637779.0105
532.6,-637899.3636
532.8,-637757.1678
533.0,-638095.7299
533.2,-637969.074
533.4,-637998.2743
533.6,-637760.4009
533.8,-638077.1988
534.0,-638017.8207
534.2,-638038.2842
534.4,-637995.4755
534.6,-638146.1087
534.8,-638207.0547
535.0,-637937.9701
535.2,-637887.2283
535.4,-637715.1306
535.6,-637791.2024
535.8,-638018.1301
536.0,-637895.6078
536.2,-637702.0262
536.4,-637798.8224
536.6,-637967.9417
536.8,-637948.339
537.0,-637609.1308
537.2,-638135.9677
537.4,-638139.0313
537.6,-637860.6589
537.8,-637932.4187
538.0,-638047.172
538.2,-637967.6944
538.4,-638017.2608
538.6,-638114.1367
538.8,-638255.572
539.0,-638300.9656
539.2,-638642.6117
539.4,-638390.428
539.6,-638219.8435
539.8,-638261.5159
540.0,-638094.3986
540.2,-637958.6139
540.4,-638253.874
540.6,-637776.4192
540.8,-637698.9342
541.0,-637975.4353
541.2,-637618.321
541.4,-637794.7323
541.6,-638154.4717
541.8,-638452.1965
542.0,-637843.187
542.2,-637996.015
542.4,-638088.3789
542.6,-638240.1904
542.8,-637743.1146
543.0,-637750.3696
543.2,-638156.3194
543.4,-638047.2995
543.6,-638200.4097
543.8,-638241.3334
544.0,-638037.2816
544.2,-638039.6343
544.4,-638048.5569
544.6,-638269.3244
544.8,-638067.0954
545.0,-637892.7968
545.2,-637814.7056
545.4,-638000.6059
545.6,-638159.5195
545.8,-637889.1321
546.0,-638249.809
546.2,-637642.8283
546.4,-637865.8431
546.6,-637534.4993
546.8,-637886.1598
547.0,-637653.7957
547.2,-637735.8584
547.4,-637518.0664
547.6,-637541.2827
547.8,-637567.3388
548.0,-637489.1426
548.2,-637404.1692
548.4,-637983.3442
548.6,-637566.2022
548.8,-637980.0131
549.0,-638185.8798
549.2,-638362.7602
549.4,-637889.8192
549.6,-637952.7305
549.8,-637947.4088
550.0,-638064.7358
550.2,-637913.9864
550.4,-638378.3831
550.6,-638067.9639
550.8,-637973.2698
551.0,-637762.7179
551.2,-638287.3823
551.4,-637733.7455
551.6,-637950.0667
551.8,-638085.9458
552.0,-637974.2213
552.2,-638102.5497
552.4,-637630.1634
552.6,-637876.8022
552.8,-637969.8982
553.0,-638126.3262
553.2,-637837.1332
553.4,-638023.4519
553.6,-637807.7512
553.8,-637956.8544
554.0,-637939.3585
554.2,-638228.0806
554.4,-638246.5205
554.6,-638258.8237
554.8,-638208.4732
555.0,-637912.5148
555.2,-638071.5011
555.4,-637728.8749
555.6,-637500.096
555.8,-638077.5412
556.0,-638136.2579
556.2,-638043.1471
556.4,-638440.0078
556.6,-638235.8908
556.8,-638272.0318
557.0,-637927.4737
557.2,-638157.8931
557.4,-637726.0158
557.6,-638064.364
557.8,-637942.0003
558.0,-638074.7936
558.2,-637996.1041
558.4,-637733.4184
558.6,-638088.6478
558.8,-638318.3927
559.0,-638080.9747
559.2,-638409.3231
559.4,-638365.8199
559.6,-638093.1896
559.8,-638201.7603
560.0,-638226.3477
560.2,-638265.9629
560.4,-638053.343
560.6,-637914.694
560.8,-638040.2184
561.0,-637945.6597
561.2,-638018.9563
561.4,-638114.1658
561.6,-638245.2237
561.8,-638135.2033
562.0,-638135.5568
562.2,-638252.2056
562.4,-638500.7122
562.6,-638157.9793
562.8,-638211.6504
563.0,-638148.7972
563.2,-638405.9819
563.4,-638448.9202
563.6,-638187.1152
563.8,-638219.7515
564.0,-637917.1537
564.2,-637823.5483
564.4,-637923.7333
564.6,-637951.0555
564.8,-638254.5972
565.0,-638438.1658
565.2,-638386.6244
565.4,-637808.8302
565.6,-637947.2323
565.8,-638286.0299
566.0,-638141.8417
566.2,-638443.3345
566.4,-638297.0336
566.6,-638041.7173
566.8,-638192.5076
567.0,-638157.9887
567.2,-638307.9537
567.4,-637993.6546
567.6,-638323.2779
567.8,-638194.9456
568.0,-637922.3772
568.2,-638338.0567
568.4,-637927.9562
568.6,-637978.1025
568.8,-638279.76
569.0,-638170.4577
569.2,-638240.2105
569.4,-638328.1363
569.6,-638269.1347
569.8,-638152.9678
570.0,-638475.0621
570.2,-638113.5133
570.4,-638006.2872
570.6,-638002.5934
570.8,-638039.5887
571.0,-637857.5155
571.2,-638172.7768
571.4,-638314.3098
571.6,-638324.5081
571.8,-638235.5855
572.0,-638224.9159
572.2,-638194.0723
572.4,-637917.9221
572.6,-637860.2453
572.8,-638114.7253
573.0,-638052.077
573.2,-637708.082
573.4,-638307.5104
573.6,-638025.4691
573.8,-638250.3106
574.0,-638461.4202
574.2,-637948.6655
574.4,-637629.241
574.6,-638208.4188
574.8,-638169.0888
575.0,-637949.7843
575.2,-637871.4062
575.4,-638421.6269
575.6,-638013.4402
575.8,-638321.7096
576.0,-637642.2113
576.2,-637883.2116
576.4,-637898.1107
576.6,-637568.5955
576.8,-637819.7688
577.0,-637833.0531
577.2,-637969.4123
577.4,-638056.173
577.6,-638190.4901
577.8,-638033.4286
578.0,-637957.8789
578.2,-638166.3794
578.4,-638783.2168
578.6,-638381.8546
578.8,-638498.3088
579.0,-638518.9709
579.2,-638483.9329
579.4,-638342.5861
579.6,-638420.3519
579.8,-638479.6093
580.0,-637852.7548
580.2,-638084.5601
580.4,-638235.256
580.6,-638549.7176
580.8,-638416.4295
581.0,-638492.4208
581.2,-638007.1112
581.4,-638492.8583
581.6,-638214.1151
581.8,-638397.0025
582.0,-638298.4357
582.2,-637983.3175
582.4,-638082.1193
582.6,-638165.6424
582.8,-637811.781
583.0,-638282.0091
583.2,-638547.18
583.4,-638469.6894
583.6,-638420.8336
583.8,-638256.8452
584.0,-638500.0691
584.2,-638625.9343
584.4,-638448.3669
584.6,-638625.505
584.8,-638634.5166
585.0,-638382.4541
585.2,-638269.8739
585.4,-638048.6672
585.6,-638314.602
585.8,-638487.0205
586.0,-638465.2658
586.2,-638192.0882
586.4,-638755.0621
586.6,-638341.6
586.8,-638539.4261
587.0,-638418.0482
587.2,-638237.921
587.4,-638354.2747
587.6,-638175.5237
587.8,-637814.5361
588.0,-637899.9488
588.2,-638048.2867
588.4,-638339.9089
588.6,-638272.3554
588.8,-638341.3653
589.0,-638127.9447
589.2,-638431.1563
589.4,-638342.9308
589.6,-638290.4784
589.8,-637935.9527
590.0,-637668.3292
590.2,-637996.5486
590.4,-637880.6359
590.6,-638111.7327
590.8,-638457.1972
591.0,-638501.2376
591.2,-638380.0138
591.4,-638549.7694
591.6,-638789.2766
591.8,-638655.2202
592.0,-638407.3659
592.2,-638221.4973
592.4,-638316.6135
592.6,-638580.7721
592.8,-638303.2936
593.0,-638404.2093
593.2,-638747.571
593.4,-638617.1686
593.6,-638573.9202
593.8,-638549.2582
594.0,-638497.134
594.2,-638477.7665
594.4,-638478.5669
594.6,-638017.8609
594.8,-638150.182
595.0,-638651.9719
595.2,-638823.5152
595.4,-638404.8942
595.6,-638215.4803
595.8,-638393.1117
596.0,-638347.5668
596.2,-638214.7852
596.4,-638135.8577
596.6,-638154.7284
596.8,-638078.0089
597.0,-638152.5603
597.2,-638348.9041
597.4,-638325.0922
597.6,-638295.7674
597.8,-637975.3207
598.0,-638527.4009
598.2,-638353.5618
598.4,-638525.0832
598.6,-638439.1239
598.8,-638578.8147
599.0,-638813.8333
599.2,-638567.0177
599.4,-638535.0687
599.6,-638768.0874
599.8,-638539.3447
600.0,-638853.6653
600.2,-638694.9255
600.4,-638826.9799
600.6,-639044.2901
600.8,-638228.3245
601.0,-638281.4025
601.2,-638165.9662
601.4,-638634.521
601.6,-638524.1508
601.8,-638432.6282
602.0,-638460.8929
602.2,-638236.1637
602.4,-638205.698
602.6,-638028.4902
602.8,-638213.5735
603.0,-638532.5246
603.2,-638194.1625
603.4,-638492.3884
603.6,-638532.2418
603.8,-638633.6275
604.0,-638576.9797
604.2,-638208.0691
604.4,-638276.2956
604.6,-638386.223
604.8,-638309.1404
605.0,-638351.5525
605.2,-638152.1176
605.4,-638254.2203
605.6,-638203.5901
605.8,-638204.4908
606.0,-638084.4915
606.2,-638103.7388
606.4,-638625.7709
606.6,-638596.2491
606.8,-638397.8488
607.0,-638454.4898
607.2,-638436.2833
607.4,-638378.9295
607.6,-638294.7105
607.8,-638348.3559
608.0,-638417.0226
608.2,-638291.7876
608.4,-638406.5651
608.6,-638303.8797
608.8,-638255.8216
609.0,-638438.0494
609.2,-638641.7943
609.4,-638261.4821
609.6,-638568.049
609.8,-638511.1568
610.0,-638363.7502
610.2,-638263.4906
610.4,-638354.5757
610.6,-638631.0975
610.8,-638301.4955
611.0,-638285.5896
611.2,-638452.3349
611.4,-638158.3771
611.6,-638564.1519
611.8,-638796.8537
612.0,-638374.6895
612.2,-638335.2433
612.4,-638602.646
612.6,-638358.2058
612.8,-638507.8144
613.0,-638434.6136
613.2,-638618.3688
613.4,-638637.2299
613.6,-638447.7562
613.8,-638186.5109
614.0,-638529.3689
614.2,-638529.4291
614.4,-638442.0965
614.6,-638520.4965
614.8,-638818.818
615.0,-638342.8258
615.2,-638550.2872
615.4,-638894.0892
615.6,-638672.6302
615.8,-638471.383
616.0,-638522.7925
616.2,-638587.3297
616.4,-638683.0005
616.6,-638465.645
616.8,-638309.92
617.0,-638045.1554
617.2,-638630.6496
617.4,-638670.2225
617.6,-638504.2013
617.8,-638150.4359
618.0,-638443.6114
618.2,-638417.1647
618.4,-638029.8572
618.6,-638768.9916
618.8,-638510.7031
619.0,-638500.2418
619.2,-638446.3059
619.4,-638438.9101
619.6,-638328.725
619.8,-638224.8088
620.0,-638565.9665
620.2,-638162.5134
620.4,-638451.7944
620.6,-638495.0417
620.8,-638835.5718
621.0,-638722.6257
621.2,-638607.693
621.4,-638870.2679
621.6,-638584.1017
621.8,-638426.553
622.0,-638491.4592
622.2,-638545.2553
622.4,-638466.683
622.6,-638510.4329
622.8,-638509.5815
623.0,-638319.9359
623.2,-638468.7983
623.4,-638374.6646
623.6,-638067.9399
623.8,-638408.8788
624.0,-638413.1856
624.2,-638244.0241
624.4,-638337.932
624.6,-638076.03
624.8,-638777.7148
625.0,-638352.971
625.2,-638655.5275
625.4,-638807.3553
625.6,-638586.4664
625.8,-638577.3096
626.0,-638474.9958
626.2,-638582.6303
626.4,-638681.4267
626.6,-638355.6861
626.8,-638270.9502
627.0,-638196.4231
627.2,-638800.3859
627.4,-638551.0342
627.6,-638653.3273
627.8,-638882.2792
628.0,-638458.0805
628.2,-638645.9552
628.4,-638646.5576
628.6,-638512.4644
628.8,-638452.1718
629.0,-638579.6607
629.2,-638511.4004
629.4,-638468.3678
629.6,-638484.8957
629.8,-638537.9103
630.0,-638608.044
630.2,-638711.9083
630.4,-638750.0873
630.6,-638672.5079
630.8,-638339.1728
631.0,-638236.5997
631.2,-638857.1823
631.4,-638400.7818
631.6,-638584.2583
631.8,-638391.7958
632.0,-638656.3132
632.2,-638688.8653
632.4,-638866.2234
632.6,-638401.46
632.8,-638731.0337
633.0,-638593.584
633.2,-639023.3306
633.4,-639406.944
633.6,-638945.2861
633.8,-639016.2527
634.0,-638869.4207
634.2,-639225.7772
634.4,-638939.4643
634.6,-638874.1478
634.8,-638374.8674
635.0,-638647.2985
635.2,-638487.233
635.4,-638234.4285
635.6,-638648.2648
635.8,-638581.8727
636.0,-638811.1154
636.2,-638791.4017
636.4,-638951.6478
636.6,-639016.1031
636.8,-638705.1464
637.0,-638632.9043
637.2,-638752.6106
637.4,-638653.2622
637.6,-638632.8572
637.8,-638682.61
638.0,-638756.5517
638.2,-638575.4949
638.4,-638506.5898
638.6,-638649.1907
638.8,-638923.8215
639.0,-638794.949
639.2,-638704.2681
639.4,-638372.8357
639.6,-638707.8286
639.8,-638570.0397
640.0,-638695.4648
640.2,-638810.9961
640.4,-638817.2296
640.6,-639221.8241
640.8,-639103.3163
641.0,-638861.8759
641.2,-638833.9817
641.4,-638641.1937
641.6,-638836.1571
641.8,-638408.4088
642.0,-638334.2418
642.2,-638425.1088
642.4,-638566.0526
642.6,-638574.1009
642.8,-638912.3634
643.0,-638779.567
643.2,-638381.3414
643.4,-638409.0093
643.6,-638390.8642
643.8,-638386.3393
644.0,-638657.4091
644.2,-638700.1266
644.4,-639019.3025
644.6,-638806.6317
644.8,-638454.1463
645.0,-638865.0879
645.2,-638546.4949
645.4,-638256.4733
645.6,-638725.6048
645.8,-638605.78
646.0,-638299.9607
646.2,-638282.7697
646.4,-638763.1507
646.6,-638525.5846
646.8,-638780.3014
647.0,-638730.3285
647.2,-638673.8244
647.4,-638825.0045
647.6,-638621.2707
647.8,-638956.2886
648.0,-638700.387
648.2,-638886.1249
648.4,-639133.9259
648.6,-638492.9665
648.8,-638715.2491
649.0,-638535.1251
649.2,-638905.2878
649.4,-639063.5444
649.6,-638821.5351
649.8,-638954.9798
650.0,-638771.4572
650.2,-638731.1933
650.4,-638731.5537
650.6,-638859.6672
650.8,-638557.1094
651.0,-638424.8696
651.2,-638485.3961
651.4,-639037.7295
651.6,-638663.0938
651.8,-638759.7802
652.0,-638794.4503
652.2,-638796.3389
652.4,-638776.7565
652.6,-638639.1837
652.8,-638639.4498
653.0,-638683.2112
653.2,-638857.6849
653.4,-638632.9657
653.6,-638717.1885
653.8,-638545.8997
654.0,-638473.8549
654.2,-638949.2094
654.4,-638536.0132
654.6,-638656.3704
654.8,-638600.466
655.0,-638750.7841
655.2,-638948.0747
655.4,-638401.4867
655.6,-638781.3301
655.8,-638697.2424
656.0,-638719.2907
656.2,-638951.7962
656.4,-638700.7397
656.6,-638813.7958
656.8,-638811.2838
657.0,-638550.8997
657.2,-638788.3617
657.4,-638950.4323
657.6,-638902.7348
657.8,-638893.6002
658.0,-638792.4271
658.2,-638566.4519
658.4,-638594.3143
658.6,-638486.4247
658.8,-638694.6469
659.0,-638509.4839
659.2,-638760.5427
659.4,-638532.9702
659.6,-639070.8768
659.8,-638502.2718
660.0,-638525.4949
660.2,-638677.7483
660.4,-638481.5769
660.6,-638541.7108
660.8,-638639.5846
661.0,-638545.6611
661.2,-638524.3021
661.4,-638636.4563
661.6,-638900.4966
661.8,-638520.1257
662.0,-638504.1251
662.2,-638408.5596
662.4,-638594.0729
662.6,-638188.5914
662.8,-638730.2846
663.0,-638722.7224
663.2,-638516.5306
663.4,-638544.7183
663.6,-638115.8422
663.8,-638399.6135
664.0,-638437.9978
664.2,-638874.8586
664.4,-638466.4628
664.6,-638460.5197
664.8,-638436.3212
665.0,-638291.8238
665.2,-638232.8311
665.4,-638510.1882
665.6,-638619.0229
665.8,-638751.9356
666.0,-638799.0164
666.2,-638867.5627
666.4,-638889.789
666.6,-638658.2513
666.8,-638945.8087
667.0,-638886.4135
667.2,-638564.9603
667.4,-638515.8633
667.6,-638729.4396
667.8,-638768.9053
668.0,-638584.1005
668.2,-638623.1246
668.4,-638670.3386
668.6,-638509.991
668.8,-638806.2263
669.0,-638891.7236
669.2,-638787.7362
669.4,-638576.77
669.6,-638552.3364
669.8,-638852.1036
670.0,-638668.844
670.2,-638608.0153
670.4,-638698.4738
670.6,-638564.9156
670.8,-638549.4748
671.0,-638529.7476
671.2,-638889.2648
671.4,-639098.3368
671.6,-638977.2779
671.8,-638469.5203
672.0,-638488.1837
672.2,-638701.1154
672.4,-638681.9747
672.6,-638613.5325
672.8,-638354.6728
673.0,-638585.4309
673.2,-638486.4381
673.4,-638517.3784
673.6,-638446.8947
673.8,-638620.8457
674.0,-638864.2059
674.2,-638794.7853
674.4,-638767.233
674.6,-638731.5135
674.8,-638742.4118
675.0,-639009.7215
675.2,-638896.9054
675.4,-638960.41
675.6,-639111.9481
675.8,-638958.1359
676.0,-639026.5108
676.2,-638817.8738
676.4,-638909.5598
676.6,-639585.7781
676.8,-639230.7085
677.0,-639011.2337
677.2,-638990.0638
677.4,-638747.353
677.6,-638766.4144
677.8,-639084.0251
678.0,-638936.6688
678.2,-639289.8332
678.4,-638903.7383
678.6,-638968.4024
678.8,-638508.1361
679.0,-638569.9049
679.2,-638830.9813
679.4,-638605.0308
679.6,-638760.7217
679.8,-638522.0145
680.0,-638808.2536
680.2,-638983.6574
680.4,-639012.8219
680.6,-638636.7597
680.8,-639306.5556
681.0,-639134.5353
681.2,-638937.8281
681.4,-638748.6624
681.6,-638888.5935
681.8,-638921.0491
