Time (ps),PRES
20.2,-294.9
20.4,-309.2
20.6,-182.4
20.8,-141.9
21.0,-54.4
21.2,32.3
21.4,-153.9
21.6,-152.4
21.8,-97.8
22.0,-63.0
22.2,41.6
22.4,-120.9
22.6,-101.8
22.8,-88.3
23.0,-59.6
23.2,-58.1
23.4,-62.6
23.6,-173.9
23.8,-153.8
24.0,-64.3
24.2,-216.0
24.4,-11.6
24.6,4.9
24.8,-107.4
25.0,-100.7
25.2,-80.1
25.4,-135.2
25.6,-91.0
25.8,-157.3
26.0,-167.3
26.2,-61.7
26.4,-171.2
26.6,-219.9
26.8,-121.2
27.0,13.4
27.2,125.8
27.4,-88.1
27.6,-198.3
27.8,-181.6
28.0,-24.2
28.2,-6.0
28.4,-188.6
28.6,-69.9
28.8,-62.7
29.0,-81.8
29.2,-199.9
29.4,-36.3
29.6,-108.3
29.8,-27.7
30.0,-182.2
30.2,-89.7
30.4,-90.0
30.6,-136.6
30.8,-24.5
31.0,-105.9
31.2,-114.3
31.4,-78.1
31.6,-196.6
31.8,-55.9
32.0,-169.6
32.2,-44.3
32.4,-192.5
32.6,-204.5
32.8,-174.0
33.0,121.0
33.2,-136.0
33.4,-16.8
33.6,-209.5
33.8,-111.4
34.0,-133.0
34.2,-84.2
34.4,-79.0
34.6,42.3
34.8,-60.8
35.0,-266.6
35.2,-259.9
35.4,-112.2
35.6,-149.8
35.8,-4.2
36.0,-102.5
36.2,-77.9
36.4,3.3
36.6,-113.8
36.8,-129.5
37.0,-83.1
37.2,-132.4
37.4,-134.2
37.6,-75.2
37.8,-156.9
38.0,-174.1
38.2,-55.2
38.4,-52.8
38.6,-98.7
38.8,-53.2
39.0,-33.2
39.2,-42.7
39.4,-44.8
39.6,-57.6
39.8,-180.1
40.0,-36.7
40.2,-119.9
40.4,-265.6
40.6,39.5
40.8,-24.7
41.0,-156.3
41.2,-101.2
41.4,-161.2
41.6,-278.3
41.8,-183.5
42.0,-148.0
42.2,-88.4
42.4,-192.0
42.6,-44.3
42.8,-281.8
43.0,-208.9
43.2,-209.4
43.4,-207.9
43.6,-87.2
43.8,-112.5
44.0,-147.1
44.2,-255.3
44.4,-175.5
44.6,-183.2
44.8,-235.5
45.0,-314.7
45.2,-376.3
45.4,-296.1
45.6,-321.3
45.8,-157.9
46.0,-215.0
46.2,-206.9
46.4,-310.1
46.6,-258.6
46.8,-403.1
47.0,-298.8
47.2,-308.9
47.4,-267.4
47.6,-212.1
47.8,-271.1
48.0,-372.8
48.2,-345.8
48.4,-270.6
48.6,-340.2
48.8,-391.6
49.0,-199.6
49.2,-209.1
49.4,-317.5
49.6,-266.5
49.8,-259.9
50.0,-318.8
50.2,-377.4
50.4,-493.7
50.6,-345.8
50.8,-384.3
51.0,-413.3
51.2,-295.9
51.4,-181.8
51.6,-259.5
51.8,-319.2
52.0,-203.0
52.2,-415.5
52.4,-244.9
52.6,-311.4
52.8,-268.1
53.0,-251.3
53.2,-298.6
53.4,-308.7
53.6,-129.9
53.8,-204.8
54.0,-84.2
54.2,-181.4
54.4,-141.5
54.6,-81.7
54.8,-209.0
55.0,-247.1
55.2,170.2
55.4,-110.0
55.6,-132.5
55.8,-66.1
56.0,-171.3
56.2,73.5
56.4,155.8
56.6,-62.6
56.8,-33.6
57.0,-139.5
57.2,-38.7
57.4,-78.2
57.6,-198.0
57.8,18.7
58.0,-100.9
58.2,158.0
58.4,23.7
58.6,67.4
58.8,-37.7
59.0,10.4
59.2,-86.9
59.4,123.3
59.6,-137.2
59.8,-46.4
60.0,-22.6
60.2,13.7
60.4,56.9
60.6,-99.1
60.8,-163.4
61.0,-0.2
61.2,-34.6
61.4,78.6
61.6,-10.3
61.8,-128.2
62.0,-37.5
62.2,-152.7
62.4,131.7
62.6,37.9
62.8,-40.5
63.0,-113.1
63.2,-53.1
63.4,31.4
63.6,-173.3
63.8,94.5
64.0,53.6
64.2,1.9
64.4,66.1
64.6,111.2
64.8,-133.3
65.0,-18.2
65.2,15.2
65.4,-36.5
65.6,-1.1
65.8,69.9
66.0,80.8
66.2,-126.0
66.4,-105.2
66.6,-139.5
66.8,57.3
67.0,240.5
67.2,-59.2
67.4,94.9
67.6,28.8
67.8,-42.6
68.0,104.9
68.2,22.4
68.4,52.6
68.6,145.0
68.8,-41.9
69.0,-18.9
69.2,39.2
69.4,-53.6
69.6,-13.7
69.8,-117.5
70.0,-131.9
70.2,139.6
70.4,-147.2
70.6,229.2
70.8,-31.2
71.0,92.6
71.2,138.1
71.4,-84.9
71.6,75.7
71.8,-195.0
72.0,-19.1
72.2,-45.1
72.4,-45.9
72.6,96.0
72.8,-178.5
73.0,-52.5
73.2,-41.7
73.4,-140.2
73.6,81.3
73.8,24.0
74.0,-39.3
74.2,-14.0
74.4,-190.5
74.6,-66.4
74.8,-145.0
75.0,-1.2
75.2,-41.2
75.4,-54.3
75.6,-73.0
75.8,-34.8
76.0,-58.0
76.2,-14.7
76.4,13.8
76.6,40.8
76.8,68.7
77.0,-17.8
77.2,22.9
77.4,-25.2
77.6,202.8
77.8,-108.0
78.0,-115.0
78.2,-113.4
78.4,1.0
78.6,-58.4
78.8,-141.0
79.0,162.1
79.2,21.4
79.4,-45.0
79.6,8.6
79.8,-158.5
80.0,93.6
80.2,-16.7
80.4,97.3
80.6,92.9
80.8,0.0
81.0,-122.5
81.2,190.6
81.4,90.8
81.6,8.3
81.8,-84.5
82.0,-59.3
82.2,108.1
82.4,-36.7
82.6,40.2
82.8,-238.3
83.0,-17.9
83.2,94.2
83.4,-19.5
83.6,-37.9
83.8,121.2
84.0,-115.4
84.2,-267.8
84.4,161.5
84.6,-159.7
84.8,92.8
85.0,-225.8
85.2,-100.1
85.4,-190.7
85.6,102.3
85.8,-93.1
86.0,-35.3
86.2,-12.3
86.4,18.1
86.6,-75.1
86.8,-106.3
87.0,-75.2
87.2,8.6
87.4,-110.3
87.6,63.4
87.8,14.4
88.0,8.8
88.2,-125.8
88.4,148.9
88.6,44.9
88.8,92.0
89.0,27.7
89.2,-40.6
89.4,-6.8
89.6,-8.7
89.8,-23.6
90.0,-123.8
90.2,51.7
90.4,9.5
90.6,-274.0
90.8,-25.3
91.0,-145.7
91.2,-139.4
91.4,17.2
91.6,5.5
91.8,-64.7
92.0,-18.1
92.2,99.8
92.4,142.5
92.6,-41.1
92.8,-27.5
93.0,-70.2
93.2,20.4
93.4,48.4
93.6,-72.3
93.8,74.0
94.0,124.4
94.2,-60.4
94.4,-219.0
94.6,-97.5
94.8,68.6
95.0,-3.2
95.2,-158.3
95.4,-50.3
95.6,-71.4
95.8,46.9
96.0,68.7
96.2,-100.5
96.4,-58.5
96.6,-77.5
96.8,105.4
97.0,-174.0
97.2,126.8
97.4,-55.8
97.6,-64.9
97.8,-91.3
98.0,15.1
98.2,98.4
98.4,-78.3
98.6,118.3
98.8,-123.1
99.0,84.7
99.2,-43.9
99.4,19.7
99.6,-44.8
99.8,-41.2
100.0,139.8
100.2,-79.7
100.4,246.8
100.6,-82.8
100.8,13.0
101.0,-112.1
101.2,-83.8
101.4,-133.8
101.6,205.0
101.8,42.3
102.0,80.3
102.2,-17.1
102.4,-66.2
102.6,-126.5
102.8,-154.6
103.0,23.2
103.2,1.3
103.4,-84.8
103.6,-111.2
103.8,-43.2
104.0,41.8
104.2,-83.2
104.4,-48.7
104.6,-13.2
104.8,-98.6
105.0,-31.5
105.2,22.4
105.4,-99.9
105.6,89.6
105.8,-96.8
106.0,30.7
106.2,-23.5
106.4,-75.6
106.6,-27.9
106.8,13.7
107.0,7.5
107.2,51.0
107.4,65.5
107.6,-114.6
107.8,-27.3
108.0,49.4
108.2,-129.4
108.4,-64.2
108.6,58.5
108.8,-11.7
109.0,-30.8
109.2,-79.1
109.4,-21.9
109.6,9.5
109.8,37.0
110.0,96.3
110.2,91.3
110.4,40.1
110.6,114.8
110.8,42.1
111.0,79.2
111.2,87.6
111.4,57.4
111.6,19.2
111.8,152.7
112.0,7.0
112.2,-226.1
112.4,-3.4
112.6,-35.6
112.8,124.6
113.0,-311.1
113.2,21.2
113.4,62.9
113.6,1.8
113.8,-0.1
114.0,-46.6
114.2,59.7
114.4,-93.4
114.6,-114.6
114.8,-165.4
115.0,221.8
115.2,46.7
115.4,120.0
115.6,57.3
115.8,136.6
116.0,53.2
116.2,-11.2
116.4,157.6
116.6,-95.9
116.8,12.5
117.0,34.5
117.2,8.2
117.4,65.8
117.6,206.1
117.8,183.7
118.0,-55.0
118.2,-3.7
118.4,142.6
118.6,176.9
118.8,12.3
119.0,-87.7
119.2,-35.5
119.4,-90.4
119.6,3.1
119.8,242.2
120.0,82.6
120.2,90.3
120.4,108.4
120.6,-108.7
120.8,24.1
121.0,205.3
121.2,11.2
121.4,-16.5
121.6,98.3
121.8,-108.3
122.0,-36.3
122.2,16.9
122.4,-146.3
122.6,-98.5
122.8,-64.8
123.0,86.9
123.2,17.7
123.4,60.0
123.6,130.7
123.8,37.1
124.0,81.0
124.2,-150.5
124.4,-3.6
124.6,-101.8
124.8,-21.9
125.0,-4.6
125.2,-29.0
125.4,-201.6
125.6,-48.5
125.8,57.3
126.0,-76.0
126.2,4.8
126.4,18.9
126.6,3.0
126.8,-129.8
127.0,171.9
127.2,118.6
127.4,90.5
127.6,-18.1
127.8,234.2
128.0,-51.0
128.2,-4.8
128.4,98.5
128.6,-69.3
128.8,-24.6
129.0,-131.4
129.2,149.6
129.4,-85.2
129.6,-110.0
129.8,20.6
130.0,-3.5
130.2,0.4
130.4,7.7
130.6,-143.0
130.8,-147.6
131.0,-31.9
131.2,-28.1
131.4,-38.4
131.6,63.6
131.8,-68.3
132.0,-72.2
132.2,-52.8
132.4,-10.7
132.6,-69.7
132.8,-96.3
133.0,-9.4
133.2,-18.7
133.4,-131.6
133.6,-105.1
133.8,-244.5
134.0,137.7
134.2,83.6
134.4,95.9
134.6,-133.1
134.8,25.3
135.0,-104.0
135.2,-22.2
135.4,52.4
135.6,-85.9
135.8,-23.9
136.0,14.4
136.2,132.9
136.4,-37.5
136.6,-91.0
136.8,-28.6
137.0,6.2
137.2,-50.1
137.4,-10.8
137.6,64.1
137.8,-55.6
138.0,4.9
138.2,2.3
138.4,-62.3
138.6,85.1
138.8,58.5
139.0,131.9
139.2,-54.6
139.4,-80.6
139.6,-95.3
139.8,38.4
140.0,15.2
140.2,6.1
140.4,-103.4
140.6,199.6
140.8,234.1
141.0,-28.0
141.2,110.4
141.4,-85.0
141.6,-222.1
141.8,99.2
142.0,249.7
142.2,24.9
142.4,-13.9
142.6,-103.3
142.8,51.8
143.0,-19.6
143.2,45.2
143.4,14.3
143.6,42.0
143.8,-41.9
144.0,-17.2
144.2,74.7
144.4,134.7
144.6,127.1
144.8,-14.3
145.0,31.6
145.2,167.2
145.4,-121.3
145.6,-17.2
145.8,209.4
146.0,13.0
146.2,148.2
146.4,-62.2
146.6,-177.7
146.8,152.4
147.0,116.8
147.2,14.7
147.4,-149.6
147.6,-14.5
147.8,-78.6
148.0,-43.4
148.2,-65.5
148.4,149.2
148.6,-40.1
148.8,-158.5
149.0,-44.2
149.2,-48.0
149.4,51.9
149.6,83.7
149.8,-189.3
150.0,44.3
150.2,2.7
150.4,-49.5
150.6,-59.9
150.8,23.1
151.0,70.9
151.2,-89.3
151.4,104.3
151.6,79.0
151.8,31.3
152.0,-15.8
152.2,-71.7
152.4,-105.0
152.6,94.3
152.8,-6.9
153.0,-154.2
153.2,66.7
153.4,-97.1
153.6,80.7
153.8,179.1
154.0,-50.5
154.2,55.8
154.4,-22.9
154.6,121.1
154.8,-128.5
155.0,31.5
155.2,-60.6
155.4,81.5
155.6,135.5
155.8,24.1
156.0,98.8
156.2,22.1
156.4,-161.6
156.6,35.6
156.8,97.6
157.0,-64.2
157.2,122.5
157.4,153.9
157.6,5.2
157.8,-13.1
158.0,-147.2
158.2,-153.7
158.4,-4.7
158.6,42.1
158.8,-38.0
159.0,49.2
159.2,116.6
159.4,76.2
159.6,35.9
159.8,10.5
160.0,8.8
160.2,-90.7
160.4,-19.0
160.6,206.5
160.8,-97.0
161.0,-98.5
161.2,-52.9
161.4,8.0
161.6,9.2
161.8,204.5
162.0,59.1
162.2,130.5
162.4,121.5
162.6,-26.2
162.8,56.2
163.0,-95.2
163.2,11.3
163.4,60.3
163.6,-17.4
163.8,101.7
164.0,87.9
164.2,-82.7
164.4,18.0
164.6,-67.4
164.8,-154.5
165.0,161.7
165.2,93.7
165.4,-79.2
165.6,-14.2
165.8,109.0
166.0,-83.6
166.2,-0.3
166.4,-57.5
166.6,-36.8
166.8,-92.4
167.0,39.3
167.2,44.9
167.4,8.4
167.6,159.7
167.8,-32.4
168.0,122.0
168.2,149.8
168.4,-47.6
168.6,180.5
168.8,59.1
169.0,-35.8
169.2,-70.5
169.4,-101.9
169.6,-65.2
169.8,-20.8
170.0,110.8
170.2,38.1
170.4,12.7
170.6,-131.5
170.8,-1.1
171.0,145.2
171.2,-51.5
171.4,-24.5
171.6,32.6
171.8,-4.0
172.0,185.5
172.2,55.9
172.4,-10.5
172.6,113.1
172.8,75.7
173.0,104.2
173.2,-134.4
173.4,82.7
173.6,-132.5
173.8,-247.6
174.0,234.6
174.2,-67.9
174.4,45.0
174.6,-53.2
174.8,26.0
175.0,39.6
175.2,290.6
175.4,12.5
175.6,-14.6
175.8,3.6
176.0,57.6
176.2,17.9
176.4,-50.2
176.6,-46.9
176.8,-137.5
177.0,-129.3
177.2,259.1
177.4,-45.4
177.6,164.6
177.8,117.1
178.0,109.1
178.2,29.8
178.4,-107.6
178.6,-17.2
178.8,-90.0
179.0,64.1
179.2,-18.6
179.4,163.8
179.6,48.8
179.8,163.3
180.0,-18.7
180.2,-44.7
180.4,-5.4
180.6,-107.4
180.8,189.9
181.0,-62.4
181.2,-83.9
181.4,-18.3
181.6,116.1
181.8,-65.6
182.0,11.3
182.2,-43.6
182.4,-87.5
182.6,-109.8
182.8,-24.8
183.0,-98.3
183.2,58.6
183.4,94.0
183.6,-205.5
183.8,-202.8
184.0,-111.4
184.2,-157.6
184.4,7.4
184.6,-69.2
184.8,70.6
185.0,67.2
185.2,-216.9
185.4,118.0
185.6,58.6
185.8,153.5
186.0,-136.3
186.2,136.6
186.4,64.6
186.6,-8.7
186.8,33.4
187.0,5.7
187.2,47.1
187.4,-10.0
187.6,19.0
187.8,-146.3
188.0,-8.8
188.2,49.2
188.4,-218.1
188.6,-53.7
188.8,46.1
189.0,50.8
189.2,-42.1
189.4,177.4
189.6,40.0
189.8,-103.0
190.0,34.6
190.2,132.1
190.4,19.3
190.6,39.3
190.8,143.4
191.0,120.7
191.2,1.8
191.4,41.2
191.6,6.2
191.8,115.2
192.0,205.8
192.2,-87.2
192.4,-28.5
192.6,36.1
192.8,-36.0
193.0,63.3
193.2,114.0
193.4,-45.3
193.6,28.9
193.8,-7.5
194.0,62.4
194.2,24.6
194.4,-91.0
194.6,99.1
194.8,138.3
195.0,-23.7
195.2,62.3
195.4,53.5
195.6,-41.4
195.8,180.7
196.0,41.7
196.2,-84.0
196.4,56.2
196.6,3.8
196.8,107.4
197.0,12.7
197.2,-35.0
197.4,101.3
197.6,-11.1
197.8,-69.7
198.0,-51.3
198.2,-73.6
198.4,-51.7
198.6,-139.4
198.8,-64.6
199.0,81.6
199.2,107.5
199.4,299.3
199.6,-31.6
199.8,2.1
200.0,-4.5
200.2,-56.2
200.4,-9.4
200.6,90.6
200.8,-75.8
201.0,-104.5
201.2,-142.9
201.4,-89.4
201.6,196.1
201.8,-107.6
202.0,-4.8
202.2,92.8
202.4,106.9
202.6,-31.7
202.8,135.4
203.0,-64.2
203.2,-56.7
203.4,151.3
203.6,-23.3
203.8,115.3
204.0,123.0
204.2,184.2
204.4,-18.7
204.6,-41.6
204.8,142.7
205.0,-28.0
205.2,-165.2
205.4,-45.7
205.6,-51.2
205.8,103.6
206.0,-110.1
206.2,27.1
206.4,-94.5
206.6,116.8
206.8,102.5
207.0,35.1
207.2,-134.1
207.4,38.5
207.6,-65.2
207.8,-57.4
208.0,224.0
208.2,6.1
208.4,-122.4
208.6,-101.3
208.8,-10.5
209.0,71.6
209.2,-13.9
209.4,119.6
209.6,-80.6
209.8,-152.1
210.0,189.5
210.2,-108.7
210.4,-79.9
210.6,-9.5
210.8,-2.4
211.0,-87.2
211.2,180.8
211.4,-264.2
211.6,65.4
211.8,-66.7
212.0,-56.1
212.2,116.7
212.4,-101.0
212.6,73.4
212.8,39.8
213.0,3.8
213.2,-173.4
213.4,-22.8
213.6,23.7
213.8,116.6
214.0,99.5
214.2,-97.7
214.4,-72.2
214.6,-113.1
214.8,46.9
215.0,-3.1
215.2,-25.0
215.4,-33.6
215.6,138.9
215.8,-61.0
216.0,-10.7
216.2,-74.5
216.4,-10.5
216.6,138.3
216.8,120.2
217.0,158.6
217.2,225.2
217.4,-12.9
217.6,20.0
217.8,23.3
218.0,88.3
218.2,-53.2
218.4,74.7
218.6,-45.0
218.8,-22.6
219.0,-89.8
219.2,-214.5
219.4,148.0
219.6,-232.8
219.8,8.6
220.0,67.5
220.2,185.4
220.4,26.2
220.6,-33.4
220.8,-45.7
221.0,16.6
221.2,-105.4
221.4,24.4
221.6,68.0
221.8,-159.6
222.0,1.1
222.2,110.6
222.4,-44.1
222.6,-39.8
222.8,18.0
223.0,13.7
223.2,-127.9
223.4,-33.2
223.6,-12.2
223.8,120.3
224.0,-52.5
224.2,62.4
224.4,30.3
224.6,86.0
224.8,20.1
225.0,-59.1
225.2,109.3
225.4,-157.9
225.6,-27.0
225.8,96.9
226.0,22.9
226.2,58.5
226.4,84.4
226.6,-31.1
226.8,-90.5
227.0,8.2
227.2,-21.9
227.4,-74.7
227.6,-16.6
227.8,137.6
228.0,92.0
228.2,9.0
228.4,-120.5
228.6,16.5
228.8,28.1
229.0,17.3
229.2,-4.1
229.4,63.2
229.6,-108.9
229.8,-34.0
230.0,131.1
230.2,-144.9
230.4,-5.7
230.6,107.3
230.8,-83.8
231.0,1.1
231.2,39.7
231.4,-27.7
231.6,-21.3
231.8,-48.8
232.0,-21.1
232.2,-82.3
232.4,10.8
232.6,-187.9
232.8,121.0
233.0,-43.5
233.2,-92.4
233.4,123.9
233.6,122.5
233.8,-33.3
234.0,100.3
234.2,-47.0
234.4,-159.1
234.6,31.6
234.8,49.5
235.0,-89.6
235.2,-114.3
235.4,-26.9
235.6,49.6
235.8,52.7
236.0,34.1
236.2,37.8
236.4,-20.2
236.6,-190.2
236.8,12.0
237.0,2.3
237.2,5.7
237.4,138.9
237.6,181.8
237.8,20.5
238.0,-37.3
238.2,9.9
238.4,232.0
238.6,-129.5
238.8,42.2
239.0,-65.5
239.2,-85.6
239.4,-59.7
239.6,-78.1
239.8,-13.9
240.0,157.9
240.2,-120.7
240.4,10.9
240.6,-101.0
240.8,-29.0
241.0,-118.3
241.2,-69.9
241.4,131.0
241.6,101.2
241.8,-46.5
242.0,-59.9
242.2,135.1
242.4,-6.2
242.6,-55.2
242.8,-7.1
243.0,49.3
243.2,44.8
243.4,-50.1
243.6,-35.9
243.8,-69.8
244.0,143.9
244.2,-37.3
244.4,52.4
244.6,314.8
244.8,54.4
245.0,51.0
245.2,-134.8
245.4,1.9
245.6,91.9
245.8,-131.4
246.0,40.3
246.2,-44.1
246.4,91.6
246.6,65.7
246.8,-37.5
247.0,-146.5
247.2,21.8
247.4,259.6
247.6,-150.1
247.8,-15.1
248.0,59.6
248.2,-107.2
248.4,87.2
248.6,159.6
248.8,70.7
249.0,-63.1
249.2,-135.4
249.4,99.7
249.6,5.8
249.8,-109.8
250.0,-7.0
250.2,-82.0
250.4,24.1
250.6,40.3
250.8,127.9
251.0,-161.0
251.2,91.5
251.4,-27.4
251.6,134.9
251.8,51.0
252.0,-80.1
252.2,-6.3
252.4,52.3
252.6,44.1
252.8,-111.6
253.0,-202.6
253.2,-194.4
253.4,243.5
253.6,-37.8
253.8,49.6
254.0,-28.4
254.2,-92.6
254.4,-61.9
254.6,-66.0
254.8,117.1
255.0,17.9
255.2,-10.1
255.4,66.3
255.6,80.7
255.8,70.9
256.0,-7.3
256.2,-41.9
256.4,82.2
256.6,23.9
256.8,-176.8
257.0,144.7
257.2,95.9
257.4,92.1
257.6,128.0
257.8,92.4
258.0,-50.6
258.2,19.4
258.4,-14.5
258.6,-69.2
258.8,86.1
259.0,-4.5
259.2,-55.4
259.4,5.7
259.6,-139.5
259.8,258.4
260.0,86.0
260.2,-10.2
260.4,-32.8
260.6,-26.7
260.8,-42.4
261.0,66.4
261.2,36.8
261.4,16.3
261.6,-37.3
261.8,101.4
262.0,-285.3
262.2,-61.1
262.4,112.2
262.6,5.8
262.8,-71.2
263.0,-22.7
263.2,-12.8
263.4,151.6
263.6,80.7
263.8,-14.2
264.0,94.6
264.2,87.1
264.4,-112.0
264.6,-70.8
264.8,85.1
265.0,35.7
265.2,161.7
265.4,-14.0
265.6,61.1
265.8,-45.9
266.0,153.0
266.2,17.3
266.4,-51.2
266.6,113.8
266.8,-91.1
267.0,43.1
267.2,-69.9
267.4,-88.4
267.6,42.7
267.8,-131.6
268.0,245.4
268.2,62.4
268.4,150.1
268.6,-29.9
268.8,-62.4
269.0,10.4
269.2,-57.7
269.4,2.6
269.6,-10.4
269.8,-23.4
270.0,2.3
270.2,54.2
270.4,-66.2
270.6,113.2
270.8,-74.0
271.0,56.5
271.2,72.4
271.4,-83.2
271.6,-107.4
271.8,158.5
272.0,55.0
272.2,-52.5
272.4,6.5
272.6,-97.8
272.8,-112.5
273.0,35.2
273.2,-158.6
273.4,-66.3
273.6,117.7
273.8,-20.6
274.0,105.5
274.2,-57.9
274.4,-3.5
274.6,21.5
274.8,53.3
275.0,203.1
275.2,-5.2
275.4,-18.1
275.6,75.2
275.8,-14.6
276.0,125.7
276.2,-148.7
276.4,-4.5
276.6,-2.5
276.8,154.3
277.0,-105.5
277.2,49.8
277.4,-107.2
277.6,74.3
277.8,-228.6
278.0,55.2
278.2,-100.8
278.4,-131.9
278.6,22.4
278.8,92.5
279.0,50.8
279.2,-108.6
279.4,60.0
279.6,22.3
279.8,-78.4
280.0,-115.7
280.2,158.3
280.4,1.2
280.6,5.7
280.8,-38.8
281.0,55.4
281.2,-144.0
281.4,-16.6
281.6,-28.2
281.8,28.6
282.0,-19.0
282.2,-124.9
282.4,16.1
282.6,93.9
282.8,-102.8
283.0,-5.1
283.2,-111.9
283.4,-80.4
283.6,-62.0
283.8,-109.6
284.0,130.1
284.2,-63.4
284.4,48.1
284.6,2.1
284.8,-39.5
285.0,-48.1
285.2,173.3
285.4,41.3
285.6,22.7
285.8,-18.0
286.0,41.3
286.2,50.4
286.4,6.2
286.6,17.6
286.8,-160.3
287.0,100.3
287.2,39.2
287.4,-127.9
287.6,-50.9
287.8,-69.6
288.0,122.1
288.2,-75.1
288.4,30.1
288.6,-148.4
288.8,175.8
289.0,-69.7
289.2,89.0
289.4,-136.3
289.6,21.9
289.8,149.1
290.0,113.2
290.2,13.3
290.4,19.6
290.6,48.5
290.8,-29.0
291.0,44.7
291.2,77.7
291.4,20.3
291.6,-118.5
291.8,214.7
292.0,-25.3
292.2,-3.9
292.4,71.3
292.6,6.6
292.8,89.6
293.0,21.6
293.2,27.1
293.4,65.3
293.6,30.9
293.8,-95.9
294.0,29.7
294.2,-113.8
294.4,58.9
294.6,-72.9
294.8,-77.8
295.0,-89.8
295.2,139.5
295.4,118.5
295.6,61.0
295.8,72.8
296.0,97.3
296.2,108.5
296.4,-160.2
296.6,51.3
296.8,-49.9
297.0,-194.0
297.2,43.5
297.4,103.5
297.6,113.4
297.8,83.4
298.0,-55.2
298.2,-37.6
298.4,-27.1
298.6,90.0
298.8,105.6
299.0,-109.9
299.2,-19.2
299.4,23.3
299.6,-0.8
299.8,216.5
300.0,123.7
300.2,32.0
300.4,177.0
300.6,58.1
300.8,71.5
301.0,57.4
301.2,58.2
301.4,-24.6
301.6,-56.3
301.8,-179.0
302.0,-82.0
302.2,88.7
302.4,-50.6
302.6,-134.3
302.8,-32.3
303.0,197.9
303.2,-45.3
303.4,-87.5
303.6,34.3
303.8,-13.9
304.0,18.2
304.2,-52.4
304.4,52.8
304.6,-74.0
304.8,51.6
305.0,-19.8
305.2,116.2
305.4,-144.4
305.6,-234.2
305.8,-69.9
306.0,-58.4
306.2,86.3
306.4,42.0
306.6,-5.9
306.8,1.6
307.0,286.6
307.2,54.4
307.4,143.0
307.6,-51.5
307.8,-15.3
308.0,11.4
308.2,181.7
308.4,38.7
308.6,-104.4
308.8,118.5
309.0,-148.5
309.2,-63.4
309.4,-39.6
309.6,2.3
309.8,24.5
310.0,17.6
310.2,-194.5
310.4,40.8
310.6,-39.8
310.8,-130.6
311.0,-111.3
311.2,42.8
311.4,64.4
311.6,-95.9
311.8,10.6
312.0,149.8
312.2,5.9
312.4,6.4
312.6,100.7
312.8,-235.2
313.0,-31.1
313.2,-103.0
313.4,23.5
313.6,51.2
313.8,33.2
314.0,25.1
314.2,36.2
314.4,82.8
314.6,34.1
314.8,-68.4
315.0,-37.2
315.2,-80.4
315.4,31.1
315.6,106.8
315.8,-130.2
316.0,-113.4
316.2,87.0
316.4,-76.2
316.6,-9.4
316.8,9.2
317.0,-19.5
317.2,97.8
317.4,34.8
317.6,-37.8
317.8,-49.3
318.0,81.6
318.2,31.6
318.4,114.7
318.6,13.8
318.8,-88.0
319.0,156.6
319.2,-143.5
319.4,100.1
319.6,5.5
319.8,-22.4
320.0,-127.3
320.2,61.1
320.4,97.4
320.6,56.5
320.8,-33.7
321.0,33.1
321.2,78.5
321.4,-52.4
321.6,48.2
321.8,81.6
322.0,20.7
322.2,12.3
322.4,10.4
322.6,179.7
322.8,213.6
323.0,-10.8
323.2,54.7
323.4,-38.0
323.6,131.5
323.8,103.6
324.0,-64.8
324.2,-32.6
324.4,-71.4
324.6,-91.8
324.8,149.8
325.0,73.9
325.2,9.0
325.4,-103.2
325.6,-62.7
325.8,-26.4
326.0,109.6
326.2,61.1
326.4,-93.6
326.6,-51.1
326.8,-28.8
327.0,-124.5
327.2,161.6
327.4,93.0
327.6,18.2
327.8,12.9
328.0,-33.3
328.2,-150.2
328.4,-28.0
328.6,98.8
328.8,68.8
329.0,20.7
329.2,-108.1
329.4,-21.8
329.6,-9.6
329.8,-4.0
330.0,1.0
330.2,96.7
330.4,-36.5
330.6,11.0
330.8,-55.6
331.0,87.9
331.2,-167.2
331.4,178.0
331.6,-167.6
331.8,-137.7
332.0,-247.0
332.2,-126.9
332.4,107.9
332.6,-13.5
332.8,-142.0
333.0,-25.6
333.2,13.8
333.4,51.1
333.6,-178.2
333.8,17.5
334.0,109.8
334.2,-140.8
334.4,110.8
334.6,8.5
334.8,50.5
335.0,41.7
335.2,-40.1
335.4,8.2
335.6,-0.4
335.8,173.5
336.0,2.9
336.2,-243.8
336.4,-40.7
336.6,-14.9
336.8,-95.2
337.0,-162.6
337.2,116.8
337.4,35.9
337.6,103.5
337.8,88.1
338.0,48.2
338.2,-31.1
338.4,-77.9
338.6,68.4
338.8,-9.9
339.0,66.5
339.2,83.6
339.4,-72.4
339.6,77.6
339.8,9.8
340.0,14.4
340.2,55.4
340.4,-49.5
340.6,53.2
340.8,-82.9
341.0,4.3
341.2,-138.9
341.4,-36.2
341.6,-197.8
341.8,-24.5
342.0,-29.4
342.2,-35.6
342.4,118.2
342.6,-129.0
342.8,-40.4
343.0,36.3
343.2,37.7
343.4,134.3
343.6,56.2
343.8,-55.1
344.0,47.4
344.2,-41.0
344.4,8.3
344.6,111.3
344.8,126.2
345.0,108.5
345.2,-108.2
345.4,85.1
345.6,-156.4
345.8,-98.0
346.0,42.0
346.2,45.7
346.4,28.9
346.6,-57.3
346.8,-189.0
347.0,115.5
347.2,114.1
347.4,82.3
347.6,8.0
347.8,24.2
348.0,6.2
348.2,-65.9
348.4,-85.0
348.6,-48.4
348.8,-95.0
349.0,39.4
349.2,-26.5
349.4,-43.9
349.6,-3.6
349.8,-20.4
350.0,-47.6
350.2,-141.3
350.4,0.8
350.6,135.8
350.8,-84.4
351.0,5.2
351.2,13.7
351.4,60.0
351.6,-122.8
351.8,71.2
352.0,-1.7
352.2,-16.6
352.4,-121.4
352.6,8.0
352.8,-4.0
353.0,-38.0
353.2,-229.3
353.4,110.0
353.6,118.8
353.8,43.6
354.0,70.9
354.2,123.4
354.4,3.9
354.6,3.0
354.8,-317.5
355.0,-88.3
355.2,-30.9
355.4,-19.3
355.6,34.2
355.8,2.5
356.0,-151.7
356.2,31.6
356.4,74.5
356.6,-7.1
356.8,-87.4
357.0,40.7
357.2,-55.9
357.4,-82.7
357.6,99.2
357.8,-91.3
358.0,-52.8
358.2,72.6
358.4,-50.6
358.6,165.9
358.8,-55.1
359.0,15.3
359.2,55.4
359.4,150.1
359.6,-162.4
359.8,79.5
360.0,-53.3
360.2,65.8
360.4,39.3
360.6,-84.5
360.8,138.8
361.0,-21.0
361.2,3.7
361.4,-162.1
361.6,-128.4
361.8,-38.8
362.0,-129.1
362.2,120.9
362.4,-53.2
362.6,-66.6
362.8,113.6
363.0,-48.2
363.2,-20.6
363.4,-86.1
363.6,271.0
363.8,-142.3
364.0,-203.6
364.2,69.5
364.4,62.6
364.6,55.0
364.8,-10.0
365.0,134.3
365.2,-101.6
365.4,-34.4
365.6,63.4
365.8,-65.7
366.0,121.4
366.2,-86.3
366.4,-22.0
366.6,-79.0
366.8,151.2
367.0,5.0
367.2,95.2
367.4,165.4
367.6,162.4
367.8,24.8
368.0,59.8
368.2,16.7
368.4,46.1
368.6,-117.6
368.8,-36.3
369.0,69.3
369.2,8.6
369.4,-43.6
369.6,-61.1
369.8,22.2
370.0,142.8
370.2,-66.3
370.4,-57.3
370.6,110.8
370.8,117.2
371.0,-6.5
371.2,57.4
371.4,-66.9
371.6,134.3
371.8,-140.7
372.0,189.5
372.2,54.0
372.4,-48.7
372.6,-56.0
372.8,197.3
373.0,37.3
373.2,114.8
373.4,-187.0
373.6,8.3
373.8,-7.6
374.0,-9.5
374.2,-62.8
374.4,50.8
374.6,119.2
374.8,-122.3
375.0,-76.5
375.2,-84.6
375.4,-49.0
375.6,-83.3
375.8,180.9
376.0,129.9
376.2,22.6
376.4,-98.5
376.6,72.2
376.8,145.2
377.0,-51.6
377.2,-181.9
377.4,-58.6
377.6,-100.1
377.8,3.5
378.0,-322.6
378.2,127.1
378.4,141.1
378.6,-134.2
378.8,53.7
379.0,-81.5
379.2,76.7
379.4,14.5
379.6,-37.7
379.8,11.5
380.0,-57.6
380.2,-212.7
380.4,-19.8
380.6,-72.0
380.8,-49.1
381.0,-111.6
381.2,176.6
381.4,-35.2
381.6,-52.7
381.8,164.9
382.0,-69.6
382.2,-97.9
382.4,-187.1
382.6,-82.7
382.8,34.4
383.0,8.1
383.2,117.9
383.4,-59.1
383.6,-39.7
383.8,65.2
384.0,68.0
384.2,-152.6
384.4,209.0
384.6,71.9
384.8,-47.3
385.0,-13.5
385.2,-24.9
385.4,56.1
385.6,148.3
385.8,-113.0
386.0,22.3
386.2,15.0
386.4,-56.4
386.6,-46.8
386.8,6.9
387.0,88.9
387.2,-115.0
387.4,64.4
387.6,-63.4
387.8,-30.7
388.0,-8.9
388.2,-132.5
388.4,42.0
388.6,31.8
388.8,81.1
389.0,122.4
389.2,119.7
389.4,-24.6
389.6,55.6
389.8,75.0
390.0,47.5
390.2,-27.4
390.4,3.9
390.6,25.4
390.8,96.9
391.0,108.3
391.2,70.8
391.4,-24.9
391.6,-64.6
391.8,-204.4
392.0,-28.8
392.2,-16.9
392.4,45.9
392.6,-189.3
392.8,-1.4
393.0,230.2
393.2,-198.1
393.4,52.5
393.6,-130.7
393.8,-27.9
394.0,-188.7
394.2,-135.1
394.4,-12.1
394.6,88.8
394.8,-56.5
395.0,120.6
395.2,42.9
395.4,3.5
395.6,141.2
395.8,-228.9
396.0,36.0
396.2,-64.8
396.4,75.7
396.6,-2.4
396.8,79.8
397.0,-178.2
397.2,123.3
397.4,40.4
397.6,-159.1
397.8,-256.1
398.0,-90.1
398.2,-99.5
398.4,-83.6
398.6,-72.8
398.8,147.7
399.0,15.4
399.2,133.5
399.4,168.4
399.6,4.0
399.8,-18.7
400.0,65.2
400.2,37.9
400.4,-7.4
400.6,4.5
400.8,-79.2
401.0,36.6
401.2,5.8
401.4,-73.6
401.6,-64.5
401.8,31.6
402.0,93.8
402.2,-46.2
402.4,127.1
402.6,-16.6
402.8,11.9
403.0,94.0
403.2,-231.5
403.4,-111.9
403.6,-252.0
403.8,-82.2
404.0,84.5
404.2,-108.2
404.4,124.0
404.6,-49.9
404.8,-66.4
405.0,-350.4
405.2,17.7
405.4,-178.2
405.6,71.1
405.8,50.1
406.0,-47.2
406.2,-64.6
406.4,-50.8
406.6,79.2
406.8,118.8
407.0,146.4
407.2,62.2
407.4,-140.8
407.6,35.8
407.8,119.6
408.0,27.8
408.2,-113.1
408.4,138.6
408.6,11.5
408.8,-50.9
409.0,73.6
409.2,-102.3
409.4,-4.0
409.6,-12.9
409.8,38.0
410.0,121.3
410.2,-29.3
410.4,46.3
410.6,174.1
410.8,-17.5
411.0,-11.2
411.2,0.3
411.4,202.0
411.6,-84.9
411.8,-41.1
412.0,-119.3
412.2,-28.6
412.4,62.4
412.6,-131.0
412.8,95.6
413.0,-43.6
413.2,-90.6
413.4,-94.9
413.6,82.6
413.8,50.6
414.0,146.0
414.2,-18.3
414.4,-64.7
414.6,121.0
414.8,-169.7
415.0,-19.8
415.2,-94.8
415.4,6.6
415.6,112.6
415.8,-63.1
416.0,-9.3
416.2,141.0
416.4,-103.3
416.6,105.0
416.8,51.0
417.0,-159.8
417.2,-114.3
417.4,-16.8
417.6,72.6
417.8,130.9
418.0,218.5
418.2,-176.6
418.4,11.3
418.6,-2.3
418.8,57.7
419.0,-122.2
419.2,-114.0
419.4,91.3
419.6,7.7
419.8,131.9
420.0,14.3
420.2,-69.6
420.4,-21.7
420.6,59.8
420.8,-144.2
421.0,188.9
421.2,-65.3
421.4,-99.7
421.6,-38.0
421.8,-216.0
422.0,175.4
422.2,-31.5
422.4,20.1
422.6,-64.3
422.8,42.2
423.0,10.6
423.2,21.9
423.4,-10.8
423.6,33.1
423.8,149.3
424.0,-108.5
424.2,-52.8
424.4,-9.1
424.6,-79.4
424.8,7.1
425.0,200.3
425.2,128.4
425.4,76.6
425.6,145.3
425.8,176.0
426.0,-50.0
426.2,102.4
426.4,175.5
426.6,26.8
426.8,-94.7
427.0,132.3
427.2,13.5
427.4,-98.3
427.6,78.7
427.8,37.4
428.0,-32.4
428.2,98.0
428.4,-50.4
428.6,42.8
428.8,-54.1
429.0,-109.2
429.2,-184.1
429.4,-122.2
429.6,-15.4
429.8,-233.7
430.0,143.0
430.2,-39.9
430.4,-72.6
430.6,-108.1
430.8,61.7
431.2,-0.1
431.4,-48.3
431.6,-112.4
431.8,100.1
432.0,74.7
432.2,-104.0
432.4,-104.0
432.6,-207.6
432.8,5.9
433.0,4.2
433.2,-32.5
433.4,-48.1
433.6,56.0
433.8,-115.1
434.0,-62.2
434.2,-47.9
434.4,-32.6
434.6,-17.5
434.8,72.7
435.0,-55.6
435.2,67.1
435.4,111.3
435.6,30.2
435.8,-134.3
436.0,-0.5
436.2,104.3
436.4,74.6
436.6,47.9
436.8,-87.4
437.0,1.9
437.2,212.0
437.4,84.5
437.6,-14.3
437.8,-19.3
438.0,14.5
438.2,-1.2
438.4,63.7
438.6,-78.0
438.8,-154.4
439.0,44.3
439.2,22.8
439.4,57.8
439.6,17.8
439.8,-120.4
440.0,143.3
440.2,128.7
440.4,-210.2
440.6,-3.2
440.8,8.4
441.0,-25.9
441.2,-144.8
441.4,-22.8
441.6,38.9
441.8,-10.4
442.0,-32.4
442.2,60.0
442.4,33.5
442.6,160.3
442.8,19.4
443.0,109.3
443.2,-102.3
443.4,53.9
443.6,77.4
443.8,-118.6
444.0,144.5
444.2,-9.8
444.4,-3.4
444.6,4.5
444.8,49.6
445.0,62.1
445.2,53.1
445.4,63.9
445.6,49.8
445.8,-83.7
446.0,228.4
446.2,-126.0
446.4,-89.0
446.6,-61.7
446.8,20.5
447.0,53.4
447.2,15.8
447.4,55.8
447.6,12.7
447.8,-86.5
448.0,-23.6
448.2,-79.3
448.4,-23.0
448.6,67.2
448.8,-89.8
449.0,84.8
449.2,134.4
449.4,-20.2
449.6,74.1
449.8,73.5
450.0,28.1
450.2,-40.7
450.4,91.2
450.6,62.5
450.8,-43.0
451.0,7.7
451.2,0.5
451.4,-83.9
451.6,-199.6
451.8,117.0
452.0,-39.9
452.2,-108.4
452.4,-84.8
452.6,244.9
452.8,-61.5
453.0,-47.4
453.2,-141.3
453.4,-11.7
453.6,132.0
453.8,116.2
454.0,-37.4
454.2,-28.0
454.4,-7.5
454.6,212.9
454.8,34.3
455.0,128.4
455.2,-90.1
455.4,-88.2
455.6,163.3
455.8,-49.7
456.0,-31.3
456.2,107.4
456.4,-50.7
456.6,24.6
456.8,-63.9
457.0,-22.3
457.2,-62.3
457.4,-11.2
457.6,65.3
457.8,187.2
458.0,115.3
458.2,-35.7
458.4,135.4
458.6,4.9
458.8,-19.2
459.0,-118.7
459.2,-69.4
459.4,-29.0
459.6,84.4
459.8,33.8
460.0,41.5
460.2,-41.8
460.4,85.9
460.6,195.9
460.8,112.6
461.0,-161.1
461.2,-51.4
461.4,59.8
461.6,143.8
461.8,74.6
462.0,-213.1
462.2,-50.1
462.4,-164.4
462.6,92.8
462.8,28.8
463.0,120.1
463.2,-32.3
463.4,-157.3
463.6,28.8
463.8,34.0
464.0,18.5
464.2,20.0
464.4,-123.1
464.6,-26.9
464.8,147.8
465.0,-96.4
465.2,129.2
465.4,125.8
465.6,47.7
465.8,-99.2
466.0,-50.6
466.2,63.1
466.4,23.1
466.6,62.0
466.8,-94.9
467.0,106.0
467.2,43.4
467.4,40.1
467.6,70.3
467.8,30.2
468.0,-64.5
468.2,-138.9
468.4,247.9
468.6,9.9
468.8,-47.0
469.0,103.5
469.2,-10.4
469.4,82.7
469.6,-255.3
469.8,22.6
470.0,93.9
470.2,87.7
470.4,-89.1
470.6,86.0
470.8,54.7
471.0,56.2
471.2,-8.1
471.4,45.9
471.6,178.3
471.8,22.3
472.0,66.4
472.2,75.1
472.4,-93.8
472.6,-149.6
472.8,138.1
473.0,-90.4
473.2,-5.4
473.4,70.6
473.6,-59.2
473.8,-95.2
474.0,76.4
474.2,-62.6
474.4,35.8
474.6,107.9
474.8,-134.0
475.0,10.5
475.2,32.8
475.4,-71.8
475.6,149.9
475.8,69.9
476.0,132.0
476.2,160.2
476.4,24.6
476.6,-11.8
476.8,130.3
477.0,-87.2
477.2,123.3
477.4,-37.3
477.6,57.1
477.8,95.6
478.0,-24.9
478.2,207.6
478.4,56.3
478.6,-13.3
478.8,-95.6
479.0,-89.1
479.2,-96.7
479.4,-38.0
479.6,-240.3
479.8,7.7
480.0,-123.5
480.2,-115.7
480.4,42.4
480.6,3.2
480.8,77.6
481.0,-65.7
481.2,-7.9
481.4,-3.2
481.6,28.6
481.8,-71.7
482.0,-15.3
482.2,38.9
482.4,3.9
482.6,27.5
482.8,57.5
483.0,-59.8
483.2,45.2
483.4,12.3
483.6,-18.9
483.8,-36.9
484.0,-77.4
484.2,17.0
484.4,-207.3
484.6,-164.6
484.8,47.9
485.0,-24.9
485.2,-38.4
485.4,-58.9
485.6,4.5
485.8,-119.9
486.0,85.3
486.2,-50.0
486.4,113.8
486.6,56.0
486.8,378.6
487.0,-137.4
487.2,95.7
487.4,74.9
487.6,123.2
487.8,-23.5
488.0,58.0
488.2,-71.9
488.4,-61.9
488.6,-60.6
488.8,37.4
489.0,92.3
489.2,-34.2
489.4,99.5
489.6,4.0
489.8,30.0
490.0,192.4
490.2,-35.3
490.4,81.5
490.6,83.2
490.8,122.3
491.0,-196.0
491.2,10.6
491.4,114.5
491.6,-62.7
491.8,-77.5
492.0,-9.3
492.2,-42.8
492.4,-81.3
492.6,4.0
492.8,21.1
493.0,-9.9
493.2,-99.1
493.4,-126.3
493.6,-38.3
493.8,94.7
494.0,-32.6
494.2,-74.8
494.4,-113.1
494.6,-15.6
494.8,-16.9
495.0,53.0
495.2,229.6
495.4,-76.9
495.6,-45.4
495.8,27.8
496.0,-130.3
496.2,69.8
496.4,-46.0
496.6,72.5
496.8,81.5
497.0,-25.0
497.2,-44.6
497.4,-133.2
497.6,-219.1
497.8,52.1
498.0,-34.7
498.2,54.8
498.4,175.0
498.6,-40.8
498.8,148.2
499.0,-22.6
499.2,-71.1
499.4,-33.3
499.6,159.2
499.8,-89.3
500.0,-20.3
500.2,-68.0
500.4,-76.3
500.6,-110.0
500.8,45.0
501.0,-43.6
501.2,88.1
501.4,34.4
501.6,54.2
501.8,49.9
502.0,88.3
502.2,52.8
502.4,-74.9
502.6,-106.2
502.8,127.9
503.0,108.9
503.2,-180.6
503.4,129.4
503.6,-30.7
503.8,180.3
504.0,7.2
504.2,-44.5
504.4,121.3
504.6,-54.4
504.8,14.4
505.0,-35.5
505.2,113.9
505.4,-74.2
505.6,67.3
505.8,-98.3
506.0,-33.0
506.2,71.3
506.4,-10.8
506.6,20.0
506.8,-127.9
507.0,-13.7
507.2,-77.6
507.4,22.8
507.6,37.1
507.8,14.1
508.0,-62.5
508.2,-0.5
508.4,-97.9
508.6,246.2
508.8,108.9
509.0,-89.4
509.2,-111.8
509.4,237.1
509.6,-2.8
509.8,-109.6
510.0,-57.6
510.2,-36.8
510.4,24.0
510.6,-121.6
510.8,-100.8
511.0,189.8
511.2,5.2
511.4,-3.5
511.6,28.4
511.8,112.9
512.0,-50.6
512.2,-28.4
512.4,65.7
512.6,-29.5
512.8,319.2
513.0,34.7
513.2,251.3
513.4,46.8
513.6,46.8
513.8,113.5
514.0,-22.9
514.2,251.4
514.4,-7.9
514.6,65.0
514.8,-26.7
515.0,-127.7
515.2,-35.3
515.4,-108.5
515.6,134.4
515.8,26.9
516.0,-1.9
516.2,27.6
516.4,-132.2
516.6,-125.5
516.8,16.1
517.0,111.9
517.2,28.2
517.4,21.7
517.6,-30.9
517.8,215.4
518.0,6.2
518.2,-14.8
518.4,220.6
518.6,-78.4
518.8,194.2
519.0,80.9
519.2,116.4
519.4,43.7
519.6,-110.3
519.8,4.5
520.0,28.3
520.2,-168.1
520.4,-128.8
520.6,-27.9
520.8,-40.5
521.0,59.6
521.2,-25.0
521.4,-31.0
521.6,0.3
521.8,87.0
522.0,169.9
522.2,116.3
522.4,-33.7
522.6,223.0
522.8,121.4
523.0,-6.0
523.2,8.3
523.4,-91.2
523.6,45.6
523.8,28.0
524.0,-74.6
524.2,6.4
524.4,10.8
524.6,-117.2
524.8,-181.0
525.0,-93.0
525.2,48.0
525.4,-28.2
525.6,-138.9
525.8,146.4
526.0,-158.4
526.2,-64.6
526.4,19.7
526.6,85.8
526.8,-145.0
527.0,-204.7
527.2,89.2
527.4,-171.0
527.6,1.8
527.8,-13.3
528.0,-139.7
528.2,71.5
528.4,-107.4
528.6,-53.7
528.8,-6.9
529.0,-13.5
529.2,-199.8
529.4,39.9
529.6,109.7
529.8,-89.2
530.0,-84.4
530.2,-143.7
530.4,124.9
530.6,-83.6
530.8,1.9
531.0,52.5
531.2,-18.5
531.4,-45.4
531.6,-71.5
531.8,-79.9
532.0,3.7
532.2,54.1
532.4,-180.5
532.6,-25.1
532.8,-46.9
533.0,6.9
533.2,-19.2
533.4,-56.7
533.6,155.5
533.8,69.2
534.0,-95.4
534.2,-47.1
534.4,21.3
534.6,-53.6
534.8,-4.2
535.0,66.7
535.2,17.5
535.4,17.2
535.6,-143.7
535.8,5.6
536.0,-211.2
536.2,-155.1
536.4,-72.8
536.6,-69.6
536.8,86.3
537.0,-50.8
537.2,-4.0
537.4,-155.1
537.6,95.4
537.8,-88.7
538.0,113.9
538.2,38.2
538.4,-17.5
538.6,9.1
538.8,121.1
539.0,233.6
539.2,130.9
539.4,30.2
539.6,-9.9
539.8,-114.6
540.0,-20.3
540.2,65.2
540.4,25.6
540.6,-139.5
540.8,12.2
541.0,47.3
541.2,-156.2
541.4,-28.6
541.6,87.0
541.8,-33.4
542.0,-161.4
542.2,-48.6
542.4,-139.2
542.6,-61.8
542.8,-41.9
543.0,139.2
543.2,-12.7
543.4,64.5
543.6,-25.4
543.8,107.2
544.0,-127.3
544.2,-75.4
544.4,29.0
544.6,47.8
544.8,123.0
545.0,-12.6
545.2,41.4
545.4,60.0
545.6,-156.8
545.8,28.1
546.0,14.2
546.2,-38.1
546.4,36.5
546.6,71.9
546.8,-71.0
547.0,106.6
547.2,-82.3
547.4,-171.5
547.6,-64.9
547.8,-70.7
548.0,-8.1
548.2,47.1
548.4,94.6
548.6,-32.4
548.8,-60.1
549.0,139.2
549.2,174.9
549.4,124.6
549.6,-170.4
549.8,86.6
550.0,-82.7
550.2,88.2
550.4,-165.4
550.6,18.7
550.8,114.9
551.0,-38.7
551.2,-140.6
551.4,69.9
551.6,-59.6
551.8,70.3
552.0,200.7
552.2,-124.1
552.4,37.2
552.6,-55.7
552.8,-27.7
553.0,-174.1
553.2,65.8
553.4,-19.8
553.6,129.6
553.8,53.3
554.0,-46.9
554.2,74.3
554.4,-35.8
554.6,181.5
554.8,49.5
555.0,112.5
555.2,-115.7
555.4,-44.2
555.6,17.9
555.8,53.0
556.0,-89.5
556.2,127.8
556.4,101.3
556.6,-83.4
556.8,-22.6
557.0,17.7
557.2,13.3
557.4,-83.4
557.6,28.3
557.8,-37.2
558.0,150.8
558.2,174.2
558.4,3.3
558.6,-22.2
558.8,-18.0
559.0,5.9
559.2,-8.2
559.4,72.2
559.6,177.8
559.8,-85.3
560.0,-27.0
560.2,-52.8
560.4,52.2
560.6,138.8
560.8,116.8
561.0,-37.1
561.2,-139.2
561.4,-13.1
561.6,67.4
561.8,-58.0
562.0,-4.5
562.2,-101.5
562.4,-23.6
562.6,99.0
562.8,204.5
563.0,6.3
563.2,30.3
563.4,-6.3
563.6,-140.0
563.8,221.4
564.0,-107.2
564.2,-39.4
564.4,4.4
564.6,-52.5
564.8,66.7
565.0,109.1
565.2,-136.8
565.4,97.1
565.6,-25.6
565.8,13.5
566.0,-39.5
566.2,27.3
566.4,-180.1
566.6,-10.1
566.8,141.7
567.0,97.5
567.2,133.4
567.4,-74.1
567.6,36.8
567.8,-31.5
568.0,-80.3
568.2,84.9
568.4,-119.1
568.6,-53.0
568.8,-59.9
569.0,61.7
569.2,81.2
569.4,-58.7
569.6,119.2
569.8,-15.7
570.0,53.1
570.2,-84.0
570.4,5.3
570.6,172.3
570.8,41.3
571.0,-35.4
571.2,107.9
571.4,52.5
571.6,114.2
571.8,-31.4
572.0,-110.7
572.2,178.4
572.4,39.0
572.6,-9.8
572.8,-12.5
573.0,40.3
573.2,101.5
573.4,9.7
573.6,174.9
573.8,-148.0
574.0,2.2
574.2,68.5
574.4,-124.7
574.6,120.8
574.8,199.2
575.0,28.9
575.2,11.3
575.4,-169.4
575.6,-69.7
575.8,136.8
576.0,69.8
576.2,42.9
576.4,-72.6
576.6,4.3
576.8,119.4
577.0,-10.9
577.2,25.5
577.4,-79.4
577.6,-76.1
577.8,88.0
578.0,41.8
578.2,42.7
578.4,-110.1
578.6,-19.5
578.8,-26.8
579.0,-125.3
579.2,76.1
579.4,5.4
579.6,138.9
579.8,-20.4
580.0,-51.1
580.2,-40.4
580.4,50.4
580.6,113.1
580.8,14.7
581.0,-135.7
581.2,109.7
581.4,4.1
581.6,48.5
581.8,-27.9
582.0,24.3
582.2,-32.5
582.4,-158.7
582.6,-59.6
582.8,151.4
583.0,23.0
583.2,-36.0
583.4,-31.2
583.6,-22.0
583.8,71.0
584.0,-4.3
584.2,-91.1
584.4,79.7
584.6,70.9
584.8,136.5
585.0,8.2
585.2,58.1
585.4,-120.5
585.6,-12.6
585.8,-27.7
586.0,129.2
586.2,1.7
586.4,-183.3
586.6,10.4
586.8,91.4
587.0,143.0
587.2,12.7
587.4,54.2
587.6,25.8
587.8,7.8
588.0,123.1
588.2,57.5
588.4,16.4
588.6,4.5
588.8,158.2
589.0,-43.3
589.2,-130.1
589.4,-6.8
589.6,-42.5
589.8,-52.9
590.0,-112.5
590.2,8.1
590.4,-69.4
590.6,-131.9
590.8,-32.9
591.0,2.0
591.2,-122.0
591.4,154.1
591.6,-97.0
591.8,-39.5
592.0,-150.7
592.2,-82.8
592.4,119.1
592.6,-24.9
592.8,17.3
593.0,15.3
593.2,-22.6
593.4,30.5
593.6,0.8
593.8,1.0
594.0,-6.9
594.2,23.9
594.4,-31.2
594.6,132.0
594.8,83.8
595.0,-5.5
595.2,-123.3
595.4,-132.2
595.6,-95.9
595.8,-38.0
596.0,-89.5
596.2,-114.4
596.4,-85.1
596.6,39.0
596.8,-133.6
597.0,17.0
597.2,-153.6
597.4,30.7
597.6,109.0
597.8,24.6
598.0,-110.4
598.2,8.2
598.4,-24.8
598.6,19.8
598.8,30.0
599.0,-59.9
599.2,164.5
599.4,-18.1
599.6,1.1
599.8,23.1
600.0,9.6
600.2,9.4
600.4,-75.1
600.6,85.3
600.8,21.6
601.0,82.8
601.2,-41.6
601.4,170.8
601.6,-18.3
601.8,-89.9
602.0,-26.4
602.2,19.6
602.4,123.9
602.6,25.0
602.8,23.4
603.0,-14.5
603.2,118.6
603.4,70.1
603.6,-61.6
603.8,50.8
604.0,-10.6
604.2,17.6
604.4,56.9
604.6,102.5
604.8,12.5
605.0,29.3
605.2,-136.6
605.4,-22.1
605.6,43.3
605.8,-31.6
606.0,-10.2
606.2,41.4
606.4,-130.1
606.6,-132.5
606.8,-8.7
607.0,12.3
607.2,-31.4
607.4,20.5
607.6,66.7
607.8,130.7
608.0,-180.5
608.2,-160.0
608.4,-85.1
608.6,63.1
608.8,63.6
609.0,-83.1
609.2,-67.0
609.4,-38.2
609.6,-10.9
609.8,85.3
610.0,-62.0
610.2,98.8
610.4,-23.3
610.6,83.5
610.8,178.2
611.0,2.8
611.2,-31.2
611.4,-31.0
611.6,14.2
611.8,45.2
612.0,79.7
612.2,25.8
612.4,6.5
612.6,47.3
612.8,-4.8
613.0,199.3
613.2,-138.2
613.4,209.1
613.6,26.3
613.8,-47.2
614.0,-65.9
614.2,148.5
614.4,-12.4
614.6,33.2
614.8,-9.5
615.0,-17.2
615.2,98.9
615.4,-36.0
615.6,191.5
615.8,1.3
616.0,37.9
616.2,-43.8
616.4,-44.3
616.6,25.0
616.8,25.1
617.0,-48.9
617.2,-12.3
617.4,8.7
617.6,-134.8
617.8,-91.0
618.0,13.9
618.2,-140.0
618.4,-53.6
618.6,37.6
618.8,137.9
619.0,-20.8
619.2,-69.4
619.4,-10.7
619.6,157.4
619.8,247.6
620.0,-53.1
620.2,40.7
620.4,-112.5
620.6,-157.5
620.8,169.5
621.0,-17.0
621.2,27.1
621.4,-62.4
621.6,-55.2
621.8,-92.2
622.0,-59.4
622.2,-8.0
622.4,35.6
622.6,117.4
622.8,107.0
623.0,3.6
623.2,71.8
623.4,-158.2
623.6,-21.3
623.8,50.6
624.0,28.1
624.2,81.4
624.4,-140.0
624.6,-68.0
624.8,-53.1
625.0,158.1
625.2,-28.7
625.4,152.0
625.6,-91.1
625.8,23.5
626.0,-64.1
626.2,52.6
626.4,151.3
626.6,-118.7
626.8,1.6
627.0,-78.8
627.2,28.3
627.4,8.9
627.6,137.7
627.8,-6.3
628.0,6.9
628.2,-33.1
628.4,-55.3
628.6,-56.6
628.8,-76.6
629.0,-32.6
629.2,-176.7
629.4,135.1
629.6,-49.6
629.8,64.1
630.0,48.0
630.2,34.7
630.4,10.7
630.6,-18.2
630.8,-25.0
631.0,-150.8
631.2,44.9
631.4,-91.7
631.6,200.4
631.8,-216.9
632.0,44.2
632.2,-149.5
632.4,122.0
632.6,-4.6
632.8,-36.1
633.0,-6.1
633.2,57.3
633.4,100.9
633.6,61.6
633.8,70.6
634.0,6.3
634.2,51.8
634.4,-16.7
634.6,-34.6
634.8,55.8
635.0,82.0
635.2,-3.1
635.4,-52.0
635.6,-89.7
635.8,45.9
636.0,-71.5
636.2,-16.1
636.4,-61.4
636.6,56.0
636.8,35.2
637.0,-46.5
637.2,-189.4
637.4,25.4
637.6,14.8
637.8,76.0
638.0,-18.1
638.2,12.6
638.4,-42.7
638.6,47.8
638.8,-106.8
639.0,100.9
639.2,107.0
639.4,-141.1
639.6,-110.8
639.8,8.2
640.0,148.1
640.2,86.5
640.4,213.9
640.6,128.1
640.8,101.1
641.0,-98.1
641.2,62.8
641.4,120.9
641.6,61.1
641.8,-6.8
642.0,338.5
642.2,39.3
642.4,-12.5
642.6,84.1
642.8,-76.6
643.0,-50.6
643.2,36.5
643.4,-93.4
643.6,-49.0
643.8,-38.7
644.0,65.7
644.2,-33.2
644.4,-11.1
644.6,123.8
644.8,151.1
645.0,66.5
645.2,-37.0
645.4,-31.4
645.6,23.7
645.8,39.5
646.0,125.8
646.2,30.0
646.4,36.7
646.6,-6.7
646.8,-58.9
647.0,102.8
647.2,-134.1
647.4,18.1
647.6,-113.8
647.8,280.1
648.0,1.6
648.2,75.1
648.4,7.8
648.6,131.0
648.8,-4.8
649.0,87.8
649.2,143.0
649.4,121.0
649.6,41.9
649.8,-278.0
650.0,-44.7
650.2,19.3
650.4,-149.7
650.6,-8.1
650.8,-117.7
651.0,-80.5
651.2,33.5
651.4,38.8
651.6,70.3
651.8,-16.9
652.0,-79.6
652.2,-173.6
652.4,172.0
652.6,129.1
652.8,-149.5
653.0,-32.2
653.2,-13.5
653.4,-32.3
653.6,-159.9
653.8,10.6
654.0,-119.0
654.2,17.2
654.4,-153.7
654.6,164.7
654.8,-72.2
655.0,-238.8
655.2,-78.7
655.4,-55.9
655.6,-6.9
655.8,126.3
656.0,59.0
656.2,12.3
656.4,-144.0
656.6,-39.6
656.8,-36.1
657.0,-88.7
657.2,-78.1
657.4,-269.3
657.6,60.5
657.8,76.0
658.0,74.4
658.2,-45.5
658.4,18.9
658.6,-187.2
658.8,27.7
659.0,-19.6
659.2,-31.8
659.4,85.2
659.6,76.8
659.8,-142.0
660.0,59.6
660.2,-25.0
660.4,12.8
660.6,115.1
660.8,-146.1
661.0,-6.4
661.2,146.9
661.4,85.7
661.6,-52.2
661.8,12.6
662.0,-15.6
662.2,56.6
662.4,-23.7
662.6,-90.9
662.8,90.7
663.0,-28.0
663.2,-6.3
663.4,40.0
663.6,34.8
663.8,283.3
664.0,115.5
664.2,30.1
664.4,174.9
664.6,-98.5
664.8,-92.5
665.0,37.3
665.2,95.4
665.4,51.2
665.6,-317.8
665.8,-198.1
666.0,199.7
666.2,-13.5
666.4,40.3
666.6,67.1
666.8,-72.5
667.0,-6.6
667.2,209.8
667.4,-33.0
667.6,-155.9
667.8,-4.1
668.0,-182.6
668.2,-86.6
668.4,-10.2
668.6,90.4
668.8,160.0
669.0,37.7
669.2,-25.4
669.4,44.2
669.6,-82.4
669.8,-45.0
670.0,16.3
670.2,-81.8
670.4,-163.9
670.6,-36.1
670.8,136.4
671.0,-6.3
671.2,55.6
671.4,-69.1
671.6,-128.5
671.8,-1.1
672.0,-106.6
672.2,13.8
672.4,-1.1
672.6,-4.2
672.8,-28.5
673.0,27.6
673.2,7.8
673.4,-83.1
673.6,21.3
673.8,59.8
674.0,-48.6
674.2,34.3
674.4,-102.8
674.6,-169.7
674.8,210.7
675.0,-7.0
675.2,-33.4
675.4,-150.6
675.6,42.2
675.8,-1.1
676.0,76.0
676.2,-23.4
676.4,8.0
676.6,-82.7
676.8,98.3
677.0,93.4
677.2,10.5
677.4,-9.6
677.6,-59.8
677.8,238.5
678.0,61.9
678.2,69.8
678.4,21.2
678.6,-47.6
678.8,132.7
679.0,9.4
679.2,-95.4
679.4,-21.9
679.6,14.5
679.8,-1.0
680.0,72.7
680.2,135.7
680.4,64.9
680.6,-37.7
680.8,167.4
681.0,-58.3
681.2,58.2
681.4,-16.6
681.6,-31.1
681.8,-59.0
682.0,-32.9
682.2,-6.1
682.4,-27.4
682.6,45.2
682.8,-41.9
683.0,-21.0
683.2,-79.3
683.4,47.1
683.6,-109.3
683.8,34.3
684.0,31.4
684.2,-223.4
684.4,25.7
684.6,-198.0
684.8,54.4
685.0,-200.0
685.2,-56.5
685.4,10.9
685.6,195.7
685.8,82.9
686.0,-53.1
686.2,38.0
686.4,-62.2
686.6,-55.5
686.8,-92.3
687.0,111.4
687.2,8.3
687.4,-78.5
687.6,45.5
687.8,122.9
688.0,-37.2
688.2,-58.2
688.4,171.9
688.6,-87.6
688.8,169.0
689.0,-44.8
689.2,3.3
689.4,-212.6
689.6,68.0
689.8,-54.5
690.0,57.2
690.2,-125.5
690.4,58.8
690.6,-116.6
690.8,-81.0
691.0,-134.5
691.2,1.7
691.4,111.3
691.6,68.7
691.8,-140.1
692.0,-56.0
692.2,-110.0
692.4,-28.8
692.6,-40.9
692.8,102.5
693.0,46.8
693.2,-72.3
693.4,34.2
693.6,75.4
693.8,-62.0
694.0,13.7
694.2,-130.4
694.4,-82.0
694.6,-7.9
694.8,136.9
695.0,109.5
695.2,73.3
695.4,52.7
695.6,4.9
695.8,-124.2
696.0,117.4
696.2,148.6
696.4,94.0
696.6,44.0
696.8,205.0
697.0,-125.3
697.2,-79.0
697.4,168.9
697.6,37.9
697.8,-77.9
698.0,-137.6
698.2,-5.0
698.4,101.9
698.6,111.0
698.8,-117.2
699.0,-111.3
699.2,80.9
699.4,185.6
699.6,-53.9
699.8,13.6
700.0,27.2
700.2,-34.4
700.4,-9.1
700.6,59.3
700.8,37.4
701.0,67.7
701.2,18.6
701.4,-102.8
701.6,60.0
701.8,175.0
702.0,-323.0
702.2,-37.7
702.4,-76.7
702.6,-56.3
702.8,15.8
703.0,-135.4
703.2,127.6
703.4,-52.0
703.6,120.2
703.8,-67.8
704.0,95.3
704.2,-47.2
704.4,4.1
704.6,189.3
704.8,103.0
705.0,35.8
705.2,78.2
705.4,-75.5
705.6,15.1
705.8,8.2
706.0,-165.7
706.2,-73.4
706.4,-180.0
706.6,-25.1
706.8,220.2
707.0,-45.1
707.2,93.4
707.4,-45.0
707.6,59.6
707.8,-149.0
708.0,-59.1
708.2,-423.5
708.4,-76.1
708.6,-207.9
708.8,76.6
709.0,129.5
709.2,-3.6
709.4,-9.1
709.6,65.6
709.8,88.5
710.0,-35.8
710.2,20.1
710.4,43.5
710.6,-28.6
710.8,-19.5
711.0,72.1
711.2,46.9
711.4,28.3
711.6,-55.7
711.8,-1.1
712.0,-102.6
712.2,249.1
712.4,19.2
712.6,34.4
712.8,-99.6
713.0,-266.6
713.2,13.3
713.4,54.7
713.6,3.0
713.8,-95.7
714.0,66.7
714.2,21.4
714.4,-21.7
714.6,-37.2
714.8,29.5
715.0,-3.2
715.2,-65.6
715.4,15.4
715.6,-80.6
715.8,1.4
716.0,-65.5
716.2,-102.5
716.4,157.1
716.6,142.2
716.8,-31.8
717.0,76.5
717.2,67.3
717.4,-45.9
717.6,93.0
717.8,207.8
718.0,117.4
718.2,-126.6
718.4,-230.5
718.6,68.4
718.8,-57.2
719.0,136.9
719.2,54.8
719.4,9.8
719.6,-42.0
719.8,204.0
720.0,82.6
720.2,20.2
720.4,57.1
720.6,-48.4
720.8,-96.9
721.0,82.5
721.2,-48.7
721.4,20.1
721.6,-10.0
721.8,-46.8
722.0,21.3
722.2,-32.9
722.4,-8.3
722.6,9.9
722.8,-100.2
723.0,30.1
723.2,-5.6
723.4,-108.1
723.6,88.8
723.8,2.6
724.0,-25.3
724.2,-100.6
724.4,208.3
724.6,-67.4
724.8,0.5
725.0,-49.0
725.2,35.5
725.4,-28.3
725.6,53.9
725.8,-86.1
726.0,140.0
726.2,80.1
726.4,74.8
726.6,25.2
726.8,102.7
727.0,-87.1
727.2,-191.6
727.4,59.9
727.6,45.5
727.8,1.8
728.0,67.9
728.2,-14.5
728.4,-43.1
728.6,0.8
728.8,176.5
729.0,-57.1
729.2,-136.9
729.4,-77.3
729.6,47.7
729.8,-31.8
730.0,-14.0
730.2,-107.7
730.4,-161.8
730.6,31.1
730.8,73.6
731.0,-44.5
731.2,-204.8
731.4,45.4
731.6,55.3
731.8,-9.9
732.0,-117.8
732.2,-59.6
732.4,11.2
732.6,14.9
732.8,-78.6
733.0,-11.3
733.2,6.5
733.4,-87.9
733.6,49.4
733.8,-69.2
734.0,91.9
734.2,58.1
734.4,-62.5
734.6,-141.0
734.8,-35.8
735.0,5.2
735.2,-73.6
735.4,-156.4
735.6,154.0
735.8,136.0
736.0,148.3
736.2,121.0
736.4,-185.0
736.6,121.5
736.8,-103.5
737.0,-59.5
737.2,-44.0
737.4,230.1
737.6,90.3
737.8,77.7
738.0,189.8
738.2,-230.2
738.4,-59.8
738.6,87.0
738.8,120.7
739.0,44.9
739.2,143.0
739.4,-85.5
739.6,-18.5
739.8,108.9
740.0,-94.0
740.2,44.3
740.4,162.4
740.6,23.4
740.8,-143.3
741.0,141.0
741.2,139.5
741.4,144.6
741.6,-48.1
741.8,55.1
742.0,100.8
742.2,-75.3
742.4,-96.7
742.6,52.9
742.8,-54.5
743.0,71.3
743.2,151.0
743.4,-18.3
743.6,95.0
743.8,80.7
744.0,-21.4
744.2,-14.5
744.4,-127.5
744.6,-16.5
744.8,-100.5
745.0,-114.3
745.2,56.9
745.4,2.1
745.6,-23.6
745.8,74.6
746.0,33.3
746.2,-62.9
746.4,-116.9
746.6,-28.4
746.8,50.7
747.0,106.4
747.2,68.0
747.4,24.8
747.6,54.5
747.8,42.6
748.0,-17.5
748.2,130.0
748.4,78.0
748.6,93.0
748.8,-94.8
749.0,-332.3
749.2,82.5
749.4,-29.3
749.6,0.2
749.8,113.0
750.0,34.9
750.2,-171.4
750.4,10.5
750.6,103.0
750.8,21.5
751.0,-41.6
751.2,98.1
751.4,-78.4
751.6,15.3
751.8,172.9
752.0,-113.7
752.2,-55.1
752.4,32.1
752.6,-10.0
752.8,39.0
753.0,-84.8
753.2,-107.2
753.4,-113.2
753.6,73.6
753.8,-92.3
754.0,-61.6
754.2,79.7
754.4,-135.6
754.6,75.4
754.8,-101.4
755.0,-62.0
755.2,19.2
755.4,-56.3
755.6,37.5
755.8,109.9
756.0,-77.8
756.2,-177.4
756.4,-202.6
756.6,-65.4
756.8,16.3
757.0,-151.2
757.2,21.5
757.4,10.2
757.6,83.7
757.8,56.1
758.0,-14.8
758.2,-153.2
758.4,109.9
758.6,114.0
758.8,15.7
759.0,-80.7
759.2,-96.8
759.4,116.0
759.6,91.7
759.8,18.7
760.0,-20.3
760.2,-3.2
760.4,-8.2
760.6,-123.9
760.8,-83.5
761.0,-339.1
761.2,93.0
761.4,235.7
761.6,65.2
761.8,-1.2
762.0,110.7
762.2,-14.6
762.4,-119.0
762.6,-82.0
762.8,-23.4
763.0,-111.9
763.2,-22.2
763.4,78.2
763.6,16.6
763.8,-59.4
764.0,-13.6
764.2,47.9
764.4,-96.4
764.6,-9.8
764.8,87.5
765.0,35.4
765.2,183.3
765.4,40.8
765.6,-118.9
765.8,120.6
766.0,-54.8
766.2,-125.8
766.4,-14.8
766.6,-109.8
766.8,-22.3
767.0,-122.5
767.2,119.7
767.4,-224.6
767.6,-56.8
767.8,162.0
768.0,-89.2
768.2,168.3
768.4,96.4
768.6,197.0
768.8,-17.7
769.0,-1.7
769.2,52.6
769.4,-116.4
769.6,83.8
769.8,-54.1
770.0,-56.8
770.2,176.2
770.4,12.0
770.6,-13.9
770.8,37.5
771.0,-54.8
771.2,13.4
771.4,-35.0
771.6,117.2
771.8,-30.7
772.0,50.9
772.2,82.0
772.4,67.9
772.6,-61.2
772.8,-21.5
773.0,3.1
773.2,-20.0
773.4,82.2
773.6,120.0
773.8,-132.3
774.0,38.0
774.2,82.8
774.4,-101.4
774.6,1.9
774.8,-50.1
775.0,18.9
775.2,-144.3
775.4,-19.8
775.6,-25.9
775.8,-18.6
776.0,123.2
776.2,75.6
776.4,77.3
776.6,-61.7
776.8,-80.2
777.0,198.4
777.2,-76.5
777.4,44.6
777.6,-226.8
777.8,43.2
778.0,-11.3
778.2,-66.6
778.4,-41.5
778.6,6.4
778.8,70.7
779.0,5.2
779.2,10.0
779.4,-118.4
779.6,-34.8
779.8,-27.3
780.0,133.7
780.2,151.5
780.4,-41.1
780.6,79.3
780.8,49.4
781.0,-59.7
781.2,79.4
781.4,148.6
781.6,-70.7
781.8,95.0
782.0,234.7
782.2,-59.7
782.4,43.9
782.6,182.8
782.8,58.0
783.0,-54.2
783.2,83.8
783.4,99.6
783.6,-8.7
783.8,219.1
784.0,-50.2
784.2,75.2
784.4,8.5
784.6,-79.8
784.8,96.5
785.0,-45.5
785.2,-117.5
785.4,218.3
785.6,-22.2
785.8,-8.4
786.0,-217.4
786.2,95.2
786.4,29.4
786.6,48.7
786.8,-29.5
787.0,-77.8
787.2,80.9
787.4,-100.7
787.6,-60.8
787.8,230.2
788.0,23.7
788.2,131.1
788.4,-29.5
788.6,-115.9
788.8,331.9
789.0,58.1
789.2,144.4
789.4,-57.5
789.6,-65.4
789.8,69.6
790.0,-98.5
790.2,64.6
790.4,136.8
790.6,-104.0
790.8,-96.1
791.0,57.2
791.2,-101.5
791.4,-38.6
791.6,62.3
791.8,201.4
792.0,-42.8
792.2,-89.5
792.4,82.5
792.6,59.1
792.8,-28.6
793.0,-37.9
793.2,143.9
793.4,-104.3
793.6,-117.1
793.8,-42.0
794.0,-57.7
794.2,-4.0
794.4,-69.6
794.6,67.6
794.8,141.2
795.0,-142.5
795.2,17.4
795.4,-4.9
795.6,72.8
795.8,-123.6
796.0,38.7
796.2,-99.0
796.4,-36.2
796.6,-97.7
796.8,68.6
797.0,-4.1
797.2,-21.8
797.4,11.5
797.6,-48.2
797.8,30.2
798.0,-102.2
798.2,136.9
798.4,-39.0
798.6,109.3
798.8,-27.1
799.0,-41.3
799.2,83.8
799.4,47.5
799.6,-64.4
799.8,232.5
800.0,121.0
800.2,-12.8
800.4,57.5
800.6,-50.8
800.8,255.1
801.0,-46.9
801.2,48.1
801.4,-101.4
801.6,102.8
801.8,97.0
802.0,214.3
802.2,71.4
802.4,-107.5
802.6,81.9
802.8,50.5
803.0,21.4
803.2,116.3
803.4,-20.2
803.6,-72.3
803.8,76.0
804.0,-33.5
804.2,99.3
804.4,45.4
804.6,80.7
804.8,28.3
805.0,155.8
805.2,-93.2
805.4,-97.3
805.6,-63.4
805.8,69.9
806.0,117.5
806.2,54.1
806.4,-28.5
806.6,-34.6
806.8,-44.5
807.0,-11.0
807.2,60.0
807.4,-39.6
807.6,-26.1
807.8,79.6
808.0,-183.8
808.2,321.4
808.4,-74.9
808.6,25.6
808.8,-15.6
809.0,81.9
809.2,87.4
809.4,52.3
809.6,-33.3
809.8,43.4
810.0,18.7
810.2,-66.8
810.4,-116.5
810.6,42.2
810.8,-64.0
811.0,47.8
811.2,-79.9
811.4,-52.2
811.6,30.1
811.8,132.3
812.0,-15.2
812.2,158.7
812.4,0.9
812.6,-142.0
812.8,18.7
813.0,95.4
813.2,27.8
813.4,-115.9
813.6,-2.1
813.8,-140.7
814.0,86.2
814.2,-48.2
814.4,51.0
814.6,-85.8
814.8,96.5
815.0,106.7
815.2,57.5
815.4,210.8
815.6,61.9
815.8,-25.0
816.0,33.0
816.2,-21.3
816.4,26.7
816.6,-58.8
816.8,22.5
817.0,156.7
817.2,114.9
817.4,-148.7
817.6,-55.5
817.8,98.5
818.0,-126.5
818.2,118.6
818.4,-33.3
818.6,-28.7
818.8,16.1
819.0,-85.5
819.2,-67.8
819.4,38.7
819.6,-0.2
819.8,14.1
820.0,-65.9
820.2,63.6
820.4,23.4
820.6,162.9
820.8,-145.2
821.0,-56.0
821.2,-30.6
821.4,-102.2
821.6,100.9
821.8,-35.9
822.0,52.7
822.2,-93.7
822.4,-70.4
822.6,24.8
822.8,16.4
823.0,-67.2
823.2,19.3
823.4,253.0
823.6,84.7
823.8,44.2
824.0,-6.5
824.2,81.7
824.4,119.8
824.6,83.5
824.8,-173.5
825.0,127.1
825.2,168.4
825.4,70.4
825.6,54.6
825.8,-279.7
826.0,117.8
826.2,67.2
826.4,-99.8
826.6,52.7
826.8,-43.0
827.0,-40.4
827.2,118.4
827.4,-19.2
827.6,140.3
827.8,-43.3
828.0,-174.9
828.2,-8.6
828.4,-61.3
828.6,74.2
828.8,-100.2
829.0,233.0
829.2,-82.3
829.4,-200.9
829.6,-0.7
829.8,-88.1
830.0,-23.4
830.2,6.9
830.4,-86.8
830.6,-97.2
830.8,277.7
831.0,122.8
831.2,53.8
831.4,40.3
831.6,-54.6
831.8,-67.0
832.0,-29.2
832.2,-14.1
832.4,137.6
832.6,105.3
832.8,-205.2
833.0,-68.8
833.2,-81.7
833.4,29.6
833.6,108.2
833.8,-63.8
834.0,-71.3
834.2,91.1
834.4,-104.8
834.6,-70.1
834.8,-19.3
835.0,-51.9
835.2,-120.7
835.4,38.2
835.6,10.4
835.8,-0.6
836.0,-46.3
836.2,-51.6
836.4,157.4
836.6,195.7
836.8,23.8
837.0,-32.7
837.2,59.9
837.4,-109.1
837.6,-32.0
837.8,-9.2
838.0,-9.4
838.2,91.2
838.4,141.5
838.6,60.2
838.8,-35.4
839.0,-81.3
839.2,133.1
839.4,-83.7
839.6,57.6
839.8,-64.3
840.0,-92.7
840.2,144.5
840.4,-84.7
840.6,13.4
840.8,-155.6
841.0,-105.4
841.2,191.2
841.4,58.5
841.6,-71.8
841.8,-80.3
842.0,13.1
842.2,56.9
842.4,30.9
842.6,-53.5
842.8,68.2
843.0,25.2
843.2,-38.0
843.4,117.8
843.6,70.0
843.8,-49.7
844.0,166.1
844.2,-59.9
844.4,59.2
844.6,49.1
844.8,-157.0
845.0,120.0
845.2,187.6
845.4,-54.5
845.6,-51.2
845.8,48.3
846.0,-137.3
846.2,-46.6
846.4,43.9
846.6,-36.8
846.8,185.1
847.0,-189.1
847.2,-114.7
847.4,43.6
847.6,-51.2
847.8,-140.6
848.0,-115.8
848.2,-39.9
848.4,107.4
848.6,50.1
848.8,-77.4
849.0,88.8
849.2,38.1
849.4,-94.7
849.6,-3.7
849.8,23.2
850.0,-179.2
850.2,11.2
850.4,-39.2
850.6,20.5
850.8,-76.3
851.0,42.9
851.2,-101.7
851.4,24.6
851.6,24.6
851.8,-42.6
852.0,-32.1
852.2,4.0
852.4,-158.8
852.6,-120.5
852.8,19.2
853.0,131.1
853.2,-92.8
853.4,-29.4
853.6,-44.0
853.8,-107.0
854.0,31.4
854.2,18.4
854.4,0.4
854.6,-87.5
854.8,-29.4
855.0,44.7
855.2,-163.2
855.4,125.4
855.6,-12.9
855.8,38.5
856.0,203.7
856.2,-114.2
856.4,46.9
856.6,-40.6
856.8,-6.9
857.0,64.2
857.2,-33.0
857.4,101.4
857.6,-65.4
857.8,-8.6
858.0,-34.9
858.2,-75.1
858.4,-0.1
858.6,26.0
858.8,144.6
859.0,24.8
859.2,-187.2
859.4,141.6
859.6,-125.5
859.8,116.0
860.0,-90.4
860.2,115.1
860.4,24.0
860.6,-129.2
860.8,-109.0
861.0,-71.2
861.2,0.6
861.4,-64.3
861.6,-148.6
861.8,95.2
862.0,48.4
862.2,30.6
862.4,190.1
862.6,129.6
862.8,-317.5
863.0,-80.7
863.2,54.8
863.4,-39.1
863.6,13.0
863.8,-98.1
864.0,-103.8
864.2,51.7
864.4,43.0
864.6,142.7
864.8,-33.8
865.0,-111.8
865.2,-21.4
865.4,127.0
865.6,-197.7
865.8,50.0
866.0,45.3
866.2,-80.9
866.4,147.1
866.6,-12.1
866.8,3.1
867.0,-47.4
867.2,-23.4
867.4,-90.2
867.6,15.9
867.8,65.8
868.0,-9.3
868.2,41.9
868.4,-17.2
868.6,-1.7
868.8,-9.4
869.0,203.3
869.2,-123.2
869.4,180.6
869.6,-137.1
869.8,153.1
870.0,80.8
870.2,7.8
870.4,-108.9
870.6,148.2
870.8,-67.0
871.0,-100.7
871.2,-46.1
871.4,138.0
871.6,-35.7
871.8,-95.1
872.0,72.6
872.2,132.3
872.4,-77.4
872.6,-30.6
872.8,17.4
873.0,14.9
873.2,-35.2
873.4,-168.4
873.6,11.7
873.8,38.8
874.0,-40.0
874.2,-46.7
874.4,59.7
874.6,-108.7
874.8,118.5
875.0,89.2
875.2,11.8
875.4,-1.4
875.6,-56.4
875.8,54.0
876.0,95.8
876.2,12.0
876.4,40.1
876.6,85.3
876.8,96.1
877.0,-46.3
877.2,16.8
877.4,-13.0
877.6,-52.4
877.8,90.0
878.0,43.4
878.2,-44.3
878.4,56.5
878.6,-48.5
878.8,-11.5
879.0,-31.7
879.2,83.4
879.4,-10.8
879.6,119.9
879.8,20.1
880.0,165.5
880.2,47.7
880.4,41.4
880.6,21.1
880.8,-65.4
881.0,-55.8
881.2,-124.7
881.4,115.9
881.6,-187.7
881.8,20.4
882.0,45.0
882.2,-46.8
882.4,-27.4
882.6,-118.4
882.8,-6.4
883.0,-14.1
883.2,134.1
883.4,36.5
883.6,24.2
883.8,83.8
884.0,-111.8
884.2,-130.9
884.4,26.7
884.6,-6.2
884.8,-27.7
885.0,-18.6
885.2,109.1
885.4,-55.9
885.6,144.1
885.8,-64.4
886.0,-98.6
886.2,-16.4
886.4,125.6
886.6,85.0
886.8,-116.9
887.0,-31.2
887.2,4.8
887.4,-69.4
887.6,76.2
887.8,10.9
888.0,-12.0
888.2,-68.8
888.4,-129.7
888.6,-80.0
888.8,-97.9
889.0,-74.8
889.2,40.5
889.4,-43.6
889.6,0.6
889.8,46.4
890.0,240.3
890.2,-23.3
890.4,-15.6
890.6,-268.1
890.8,-185.3
891.0,-139.8
891.2,96.1
891.4,62.3
891.6,4.6
891.8,-64.0
892.0,130.2
892.2,-127.3
892.4,152.1
892.6,-152.0
892.8,-74.4
893.0,-114.6
893.2,117.4
893.4,63.0
893.6,-127.7
893.8,124.5
894.0,20.1
894.2,-65.3
894.4,-23.1
894.6,52.0
894.8,-3.7
895.0,120.7
895.2,-89.7
895.4,118.7
895.6,1.5
895.8,-35.3
896.0,-75.6
896.2,14.1
896.4,49.4
896.6,33.0
896.8,-50.5
897.0,38.4
897.2,9.6
897.4,36.7
897.6,71.8
897.8,4.8
898.0,-66.7
898.2,144.7
898.4,73.8
898.6,68.3
898.8,191.8
899.0,102.8
899.2,140.8
899.4,139.3
899.6,-52.0
899.8,108.5
900.0,22.4
900.2,34.1
900.4,-29.8
900.6,-220.2
900.8,-148.6
901.0,-104.4
901.2,-0.8
901.4,58.5
901.6,-117.2
901.8,104.7
902.0,-63.9
902.2,27.1
902.4,-168.9
902.6,47.3
902.8,-179.1
903.0,-55.6
903.2,124.7
903.4,33.3
903.6,54.8
903.8,-52.1
904.0,-40.2
904.2,191.2
904.4,79.2
904.6,156.9
904.8,-37.0
905.0,-97.2
905.2,151.0
905.4,-63.7
905.6,83.1
905.8,-43.7
906.0,58.8
906.2,-197.0
906.4,-60.6
906.6,57.9
906.8,-23.4
907.0,-51.2
907.2,104.5
907.4,-30.9
907.6,-32.8
907.8,43.5
908.0,79.8
908.2,-78.9
908.4,-46.2
908.6,-53.4
908.8,-92.9
909.0,101.6
909.2,-109.9
909.4,50.1
909.6,85.0
909.8,43.2
910.0,134.1
910.2,158.1
910.4,-40.1
910.6,22.4
910.8,-105.2
911.0,-41.3
911.2,-33.3
911.4,-42.7
911.6,-64.4
911.8,-1.3
912.0,37.3
912.2,-14.0
912.4,92.0
912.6,-145.7
912.8,-25.1
913.0,-27.4
913.2,119.7
913.4,-17.6
913.6,-1.3
913.8,0.6
914.0,99.9
914.2,6.1
914.4,-3.0
914.6,6.6
914.8,-16.3
915.0,-31.6
915.2,-73.0
915.4,134.7
915.6,90.9
915.8,123.1
916.0,12.2
916.2,133.6
916.4,-52.1
916.6,-120.3
916.8,30.6
917.0,72.0
917.2,-40.6
917.4,-25.0
917.6,6.2
917.8,80.8
918.0,-61.4
918.2,-70.1
918.4,-96.4
918.6,56.3
918.8,-131.4
919.0,62.0
919.2,79.6
919.4,-153.2
919.6,37.2
919.8,-174.1
920.0,-63.0
920.2,-23.0
920.4,-137.9
920.6,-22.2
920.8,116.3
921.0,-15.4
921.2,-46.4
921.4,-177.6
921.6,-29.5
921.8,164.0
922.0,-0.1
922.2,43.3
922.4,-31.6
922.6,43.9
922.8,-19.2
923.0,-7.7
923.2,-39.8
923.4,76.5
923.6,13.8
923.8,118.7
924.0,-93.9
924.2,-73.5
924.4,-28.1
924.6,102.6
924.8,-111.0
925.0,-69.4
925.2,-28.3
925.4,85.7
925.6,131.9
925.8,-107.4
926.0,2.8
926.2,-47.8
926.4,15.7
926.6,6.1
926.8,-68.7
927.0,154.1
927.2,98.5
927.4,59.4
927.6,-118.0
927.8,-89.5
928.0,-16.9
928.2,135.3
928.4,-1.3
928.6,35.2
928.8,175.0
929.0,20.6
929.2,136.4
929.4,-173.3
929.6,-16.4
929.8,90.4
930.0,75.6
930.2,-129.7
930.4,-158.6
930.6,47.0
930.8,137.6
931.0,175.6
931.2,-111.6
931.4,-83.6
931.6,-179.3
931.8,-58.0
932.0,53.4
932.2,-129.4
932.4,-64.4
932.6,-41.8
932.8,-119.0
933.0,165.5
933.2,-39.7
933.4,112.2
933.6,-50.9
933.8,-103.7
934.0,-85.4
934.2,-291.0
934.4,64.2
934.6,-152.7
934.8,47.6
935.0,32.7
935.2,-81.4
935.4,34.6
935.6,106.2
935.8,12.4
936.0,17.1
936.2,108.9
936.4,-156.9
936.6,-58.1
936.8,34.8
937.0,-93.3
937.2,-10.1
937.4,118.4
937.6,-65.1
937.8,-26.8
938.0,-78.1
938.2,-29.7
938.4,114.0
938.6,51.0
938.8,-59.8
939.0,26.1
939.2,-0.6
939.4,-14.4
939.6,26.4
939.8,-206.3
940.0,-57.6
940.2,234.6
940.4,-21.3
940.6,-166.2
940.8,-59.9
941.0,-12.3
941.2,-23.6
941.4,-3.4
941.6,-2.9
941.8,-88.2
942.0,40.0
942.2,120.0
942.4,-72.2
942.6,135.6
942.8,24.7
943.0,-118.9
943.2,34.0
943.4,-68.9
943.6,159.5
943.8,21.8
944.0,-103.0
944.2,32.4
944.4,9.6
944.6,35.3
944.8,57.9
945.0,8.8
945.2,151.1
945.4,73.4
945.6,158.1
945.8,-31.7
946.0,46.7
946.2,93.4
946.4,122.8
946.6,5.8
946.8,9.1
947.0,-76.4
947.2,120.5
947.4,32.7
947.6,72.5
947.8,-106.2
948.0,23.0
948.2,-41.1
948.4,-12.3
948.6,-15.7
948.8,1.8
949.0,-82.9
949.2,110.3
949.4,135.0
949.6,-212.0
949.8,84.6
950.0,12.9
950.2,-7.5
950.4,-1.6
950.6,-34.4
950.8,109.6
951.0,-35.4
951.2,172.8
951.4,-13.5
951.6,-125.9
951.8,10.4
952.0,-115.1
952.2,29.9
952.4,-47.5
952.6,-50.5
952.8,44.8
953.0,-166.1
953.2,-38.9
953.4,17.3
953.6,-18.5
953.8,-92.2
954.0,131.7
954.2,62.4
954.4,31.7
954.6,-19.8
954.8,-80.7
955.0,57.4
955.2,-6.9
955.4,46.6
955.6,57.1
955.8,-35.7
956.0,-23.3
956.2,25.3
956.4,4.3
956.6,101.7
956.8,156.4
957.0,84.2
957.2,54.0
957.4,-172.7
957.6,1.0
957.8,265.9
958.0,98.7
958.2,-37.9
958.4,-69.5
958.6,-68.9
958.8,-34.5
959.0,62.6
959.2,27.0
959.4,-57.9
959.6,36.1
959.8,-140.0
960.0,113.9
960.2,-167.8
960.4,-41.5
960.6,-3.6
960.8,40.2
961.0,-1.4
961.2,45.5
961.4,71.2
961.6,-0.7
961.8,160.3
962.0,160.2
962.2,-48.0
962.4,-77.4
962.6,-26.4
962.8,71.2
963.0,48.5
963.2,83.0
963.4,-275.5
963.6,38.4
963.8,20.7
964.0,15.8
964.2,-7.9
964.4,-56.8
964.6,34.1
964.8,-55.8
965.0,26.3
965.2,-16.0
965.4,107.6
965.6,35.4
965.8,-106.0
966.0,-19.6
966.2,-148.0
966.4,47.0
966.6,35.0
966.8,-56.0
967.0,42.6
967.2,140.8
967.4,-73.8
967.6,-73.9
967.8,2.5
968.0,179.5
968.2,-118.5
968.4,-32.0
968.6,-57.6
968.8,67.4
969.0,141.9
969.2,7.0
969.4,103.6
969.6,43.1
969.8,-29.4
970.0,-82.7
970.2,5.9
970.4,45.3
970.6,-54.0
970.8,154.4
971.0,-63.1
971.2,40.3
971.4,124.6
971.6,42.6
971.8,13.3
972.0,-107.7
972.2,16.4
972.4,-49.4
972.6,-28.5
972.8,145.4
973.0,-79.1
973.2,-167.6
973.4,-0.5
973.6,-21.2
973.8,88.9
974.0,-73.4
974.2,-106.9
974.4,239.2
974.6,37.7
974.8,59.0
975.0,-0.8
975.2,-182.3
975.4,-67.1
975.6,296.2
975.8,-110.3
976.0,-101.6
976.2,204.3
976.4,69.9
976.6,43.2
976.8,-32.1
977.0,-114.0
977.2,176.0
977.4,12.9
977.6,-95.0
977.8,-43.3
978.0,-29.9
978.2,114.8
978.4,87.3
978.6,-19.5
978.8,61.5
979.0,-196.0
979.2,15.5
979.4,5.5
979.6,-126.4
979.8,-53.5
980.0,139.2
980.2,-161.0
980.4,-84.9
980.6,140.1
980.8,-132.6
981.0,82.7
981.2,-48.6
981.4,5.9
981.6,-32.4
981.8,-22.4
982.0,-57.0
982.2,-151.5
982.4,-145.4
982.6,53.9
982.8,-148.9
983.0,26.2
983.2,132.6
983.4,64.6
983.6,-61.9
983.8,-181.1
984.0,161.6
984.2,123.4
984.4,-6.0
984.6,-17.7
984.8,-41.5
985.0,-102.0
985.2,66.7
985.4,46.5
985.6,13.2
985.8,65.2
986.0,-16.9
986.2,76.1
986.4,-157.3
986.6,-116.6
986.8,77.4
987.0,-66.0
987.2,-98.4
987.4,129.6
987.6,191.8
987.8,144.8
988.0,-3.6
988.2,4.0
988.4,18.4
988.6,-77.4
988.8,135.1
989.0,-110.0
989.2,49.1
989.4,187.9
989.6,-59.8
989.8,123.7
990.0,-60.5
990.2,244.0
990.4,23.3
990.6,140.1
990.8,-3.3
991.0,12.8
991.2,116.3
991.4,73.9
991.6,-82.0
991.8,75.4
992.0,144.3
992.2,26.5
992.4,-87.0
992.6,-184.7
992.8,-70.0
993.0,94.1
993.2,82.2
993.4,107.2
993.6,-2.4
993.8,-158.6
994.0,-104.3
994.2,80.4
994.4,45.1
994.6,82.0
994.8,103.5
995.0,-40.1
995.2,-58.1
995.4,-227.9
995.6,-45.8
995.8,56.4
996.0,-62.4
996.2,30.9
996.4,-158.5
996.6,-12.8
996.8,-52.3
997.0,149.7
997.2,-59.5
997.4,-5.9
997.6,-134.3
997.8,-28.8
998.0,153.3
998.2,15.3
998.4,-2.5
998.6,13.4
998.8,88.3
999.0,-91.9
999.2,-80.6
999.4,-39.9
999.6,199.2
999.8,47.3
1000.0,146.6
1000.2,-117.4
1000.4,15.0
1000.6,2.8
1000.8,201.3
1001.0,20.2
1001.2,-102.9
1001.4,114.4
1001.6,-59.8
1001.8,104.0
1002.0,-17.0
1002.2,-19.4
1002.4,81.4
1002.6,-144.1
1002.8,219.5
1003.0,25.3
1003.2,26.8
1003.4,137.6
1003.6,156.0
1003.8,263.2
1004.0,96.9
1004.2,108.8
1004.4,145.8
1004.6,-97.6
1004.8,-48.8
1005.0,139.4
1005.2,86.9
1005.4,-91.6
1005.6,-8.8
1005.8,251.4
1006.0,-120.2
1006.2,79.6
1006.4,-29.4
1006.6,-21.7
1006.8,-29.4
1007.0,7.7
1007.2,-47.7
1007.4,29.1
1007.6,-38.9
1007.8,-4.2
1008.0,85.3
1008.2,-206.8
1008.4,71.8
1008.6,16.5
1008.8,-102.5
1009.0,114.0
1009.2,-141.5
1009.4,-36.1
1009.6,-95.6
1009.8,-23.4
1010.0,110.4
1010.2,-75.6
1010.4,-39.6
1010.6,30.1
1010.8,-65.7
1011.0,-81.8
1011.2,37.9
1011.4,19.9
1011.6,-45.5
1011.8,-146.2
1012.0,14.6
1012.2,-173.0
1012.4,280.0
1012.6,-165.2
1012.8,105.8
1013.0,22.0
1013.2,18.2
1013.4,-11.0
1013.6,103.1
1013.8,-132.4
1014.0,-26.9
1014.2,65.8
1014.4,95.4
1014.6,-184.4
1014.8,-68.8
1015.0,-6.0
1015.2,-2.1
1015.4,42.0
1015.6,155.7
1015.8,75.0
1016.0,8.9
1016.2,141.1
1016.4,51.6
1016.6,-21.2
1016.8,26.3
1017.0,-34.8
1017.2,93.0
1017.4,190.3
1017.6,32.2
1017.8,-85.9
1018.0,-66.2
1018.2,26.4
1018.4,-65.0
1018.6,-138.4
1018.8,11.9
1019.0,-101.4
1019.2,73.4
1019.4,9.7
1019.6,23.6
1019.8,-12.3
1020.0,-75.9
1020.2,42.4
1020.4,20.6
1020.6,65.6
1020.8,-47.4
1021.0,-81.0
1021.2,18.5
1021.4,-50.2
1021.6,172.7
1021.8,72.3
1022.0,-110.6
1022.2,148.6
1022.4,-196.2
1022.6,-3.6
1022.8,27.5
1023.0,98.8
1023.2,157.4
1023.4,-139.3
1023.6,104.5
1023.8,-188.2
1024.0,-24.2
1024.2,1.9
1024.4,-0.9
1024.6,-9.3
1024.8,14.6
1025.0,-48.4
1025.2,27.1
1025.4,3.7
1025.6,-115.6
1025.8,-133.6
1026.0,97.0
1026.2,-138.7
1026.4,-22.0
1026.6,-299.3
1026.8,-110.1
1027.0,-78.8
1027.2,-174.8
1027.4,-2.1
1027.6,-157.7
1027.8,44.8
1028.0,66.7
1028.2,73.6
1028.4,195.5
1028.6,-78.0
1028.8,-27.1
1029.0,46.0
1029.2,-13.8
1029.4,-10.0
1029.6,71.8
1029.8,104.5
1030.0,35.9
1030.2,83.2
1030.4,-40.5
1030.6,62.9
1030.8,-120.7
1031.0,-11.6
1031.2,-161.4
1031.4,53.0
1031.6,1.8
1031.8,81.1
1032.0,69.2
1032.2,109.7
1032.4,107.5
1032.6,90.4
1032.8,71.1
1033.0,113.5
1033.2,-89.4
1033.4,73.8
1033.6,79.3
1033.8,-140.8
1034.0,-14.9
1034.2,-17.4
1034.4,140.8
1034.6,-10.2
1034.8,-8.1
1035.0,-90.0
1035.2,-194.0
1035.4,-19.0
1035.6,-93.9
1035.8,6.6
1036.0,-70.9
1036.2,-273.2
1036.4,-3.2
1036.6,64.9
1036.8,60.4
1037.0,60.6
1037.2,-20.2
1037.4,154.3
1037.6,18.0
1037.8,61.7
1038.0,109.6
1038.2,-70.5
1038.4,35.4
1038.6,60.0
1038.8,61.3
1039.0,77.3
1039.2,-104.9
1039.4,-24.2
1039.6,-126.7
1039.8,104.1
1040.0,149.5
1040.2,-80.0
1040.4,64.5
1040.6,171.1
1040.8,-95.7
1041.0,3.9
1041.2,-15.7
1041.4,93.6
1041.6,43.0
1041.8,-229.4
1042.0,1.5
1042.2,-70.6
1042.4,149.2
1042.6,-26.1
1042.8,92.7
1043.0,59.5
1043.2,3.3
1043.4,-144.4
1043.6,-68.4
1043.8,44.3
1044.0,92.6
1044.2,-143.3
1044.4,104.3
1044.6,-39.2
1044.8,-17.2
1045.0,-30.5
1045.2,87.7
1045.4,52.3
1045.6,23.4
1045.8,-84.2
1046.0,-148.7
1046.2,117.8
1046.4,78.9
1046.6,60.3
1046.8,-86.2
1047.0,144.2
1047.2,-45.9
1047.4,23.2
1047.6,-8.0
1047.8,1.2
1048.0,95.2
1048.2,23.6
1048.4,49.9
1048.6,49.7
1048.8,160.0
1049.0,-24.7
1049.2,56.5
1049.4,105.7
1049.6,-153.1
1049.8,-18.6
1050.0,-39.4
1050.2,-131.5
1050.4,76.1
1050.6,-78.4
1050.8,-73.0
1051.0,7.9
1051.2,-40.5
1051.4,-71.4
1051.6,48.3
1051.8,-82.7
1052.0,98.8
1052.2,-168.4
1052.4,36.4
1052.6,-5.9
1052.8,193.1
1053.0,-61.8
1053.2,-85.7
1053.4,19.8
1053.6,-87.4
1053.8,125.7
1054.0,6.1
1054.2,-74.6
1054.4,122.3
1054.6,63.0
1054.8,-27.6
1055.0,29.5
1055.2,-57.5
1055.4,-195.4
1055.6,-160.1
1055.8,-8.5
1056.0,61.3
1056.2,291.3
1056.4,-26.0
1056.6,-64.0
1056.8,-29.5
1057.0,-75.2
1057.2,-34.4
1057.4,-51.9
1057.6,-8.2
1057.8,47.1
1058.0,39.2
1058.2,3.4
1058.4,13.9
1058.6,-31.3
1058.8,134.1
1059.0,-91.7
1059.2,70.7
1059.4,-43.2
1059.6,-151.2
1059.8,156.4
1060.0,62.3
1060.2,-41.7
1060.4,-55.4
1060.6,-87.2
1060.8,44.7
1061.0,178.6
1061.2,26.2
1061.4,53.2
1061.6,-1.3
1061.8,-51.9
1062.0,70.7
1062.2,120.1
1062.4,126.2
1062.6,-27.3
1062.8,-165.3
1063.0,-111.3
1063.2,-164.0
1063.4,-81.6
1063.6,87.8
1063.8,-22.7
1064.0,19.2
1064.2,51.8
1064.4,43.7
1064.6,-78.0
1064.8,-163.4
1065.0,-113.9
1065.2,128.4
1065.4,82.8
1065.6,-6.1
1065.8,-25.4
1066.0,-61.2
1066.2,-123.1
1066.4,37.1
1066.6,-35.6
1066.8,52.0
1067.0,-79.3
1067.2,120.6
1067.4,-151.2
1067.6,-4.4
1067.8,125.7
1068.0,70.9
1068.2,102.7
1068.4,90.3
1068.6,-6.9
1068.8,-36.1
1069.0,-6.5
1069.2,-10.0
1069.4,-56.1
1069.6,-1.2
1069.8,229.5
1070.0,68.8
1070.2,-56.2
1070.4,-109.8
1070.6,257.4
1070.8,-28.9
1071.0,24.8
1071.2,-8.5
1071.4,51.5
1071.6,-104.6
1071.8,84.4
1072.0,77.6
1072.2,-3.4
1072.4,-158.8
1072.6,35.2
1072.8,-12.2
1073.0,96.4
1073.2,-100.3
1073.4,-6.8
1073.6,85.3
1073.8,-96.1
1074.0,131.1
1074.2,52.0
1074.4,-9.0
1074.6,45.0
1074.8,-230.3
1075.0,114.0
1075.2,62.5
1075.4,108.4
1075.6,-187.2
1075.8,83.9
1076.0,120.5
1076.2,-52.2
1076.4,-38.4
1076.6,-47.4
1076.8,-41.3
1077.0,-71.9
1077.2,-202.0
1077.4,-139.1
1077.6,110.1
1077.8,-191.2
1078.0,-5.5
1078.2,-26.2
1078.4,-73.2
1078.6,40.9
1078.8,-76.4
1079.0,-94.4
1079.2,96.6
1079.4,97.3
1079.6,-100.8
1079.8,-20.1
1080.0,-149.1
1080.2,74.0
1080.4,-12.0
1080.6,53.3
1080.8,38.2
1081.0,-58.2
1081.2,109.5
1081.4,21.0
1081.6,25.9
1081.8,103.6
1082.0,-4.6
1082.2,-31.1
1082.4,-31.6
1082.6,-68.7
1082.8,-38.6
1083.0,133.3
1083.2,-39.9
1083.4,-6.4
1083.6,-2.2
1083.8,-97.2
1084.0,89.3
1084.2,60.2
1084.4,43.0
1084.6,-8.5
1084.8,21.1
1085.0,-61.0
1085.2,-220.3
1085.4,130.3
1085.6,17.9
1085.8,97.0
1086.0,-72.5
1086.2,157.7
1086.4,28.8
1086.6,-101.1
1086.8,55.9
1087.0,50.1
1087.2,56.0
1087.4,75.9
1087.6,-143.0
1087.8,-192.7
1088.0,-125.2
1088.2,-8.8
1088.4,-126.4
1088.6,-89.3
1088.8,-50.8
1089.0,-13.3
1089.2,76.1
1089.4,-208.8
1089.6,57.9
1089.8,-167.6
1090.0,100.9
1090.2,23.3
1090.4,-225.5
1090.6,-69.7
1090.8,-67.6
1091.0,-31.7
1091.2,-5.0
1091.4,52.7
1091.6,-109.6
1091.8,-11.2
1092.0,56.8
1092.2,-49.2
1092.4,20.8
1092.6,-43.2
1092.8,-122.4
1093.0,29.4
1093.2,-123.0
1093.4,36.3
1093.6,89.7
1093.8,-148.3
1094.0,46.0
1094.2,-190.0
1094.4,-66.2
1094.6,-146.8
1094.8,157.5
1095.0,171.7
1095.2,-41.2
1095.4,-14.9
1095.6,100.5
1095.8,163.9
1096.0,-41.4
1096.2,136.0
1096.4,2.5
1096.6,37.8
1096.8,147.5
1097.0,-233.0
1097.2,-100.6
1097.4,93.6
1097.6,-218.9
1097.8,-32.2
1098.0,20.8
1098.2,18.4
1098.4,-73.8
1098.6,100.2
1098.8,-38.9
1099.0,-225.5
1099.2,-4.8
1099.4,-127.1
1099.6,38.1
1099.8,-145.2
1100.0,-109.0
1100.2,83.6
1100.4,-73.2
1100.6,-41.5
1100.8,-34.2
1101.0,-49.2
1101.2,-24.5
1101.4,-87.3
1101.6,-42.8
1101.8,122.7
1102.0,-20.2
1102.2,19.5
1102.4,155.9
1102.6,-31.3
1102.8,-138.7
1103.0,58.1
1103.2,-98.3
1103.4,64.2
1103.6,-62.9
1103.8,-47.3
1104.0,78.1
1104.2,-50.8
1104.4,-116.8
1104.6,76.2
1104.8,-39.4
1105.0,-130.7
1105.2,-63.8
1105.4,-33.5
1105.6,-11.2
1105.8,-102.9
1106.0,13.3
1106.2,-121.6
1106.4,-213.7
1106.6,-7.4
1106.8,-118.4
1107.0,124.0
1107.2,-16.3
1107.4,-62.9
1107.6,19.6
1107.8,84.1
1108.0,140.1
1108.2,-36.4
1108.4,28.0
1108.6,82.2
1108.8,-94.3
1109.0,-85.7
1109.2,-105.6
1109.4,31.4
1109.6,19.9
1109.8,-106.0
1110.0,2.3
1110.2,108.3
1110.4,-4.9
1110.6,-189.5
1110.8,175.5
1111.0,39.4
1111.2,-24.3
1111.4,-124.3
1111.6,160.7
1111.8,-3.6
1112.0,13.2
1112.2,39.6
1112.4,-80.1
1112.6,-283.8
1112.8,179.7
1113.0,39.5
1113.2,31.0
1113.4,108.0
1113.6,45.6
1113.8,-22.9
1114.0,116.4
1114.2,-68.6
1114.4,-36.1
1114.6,-64.4
1114.8,60.6
1115.0,57.0
1115.2,17.8
1115.4,90.5
1115.6,18.2
1115.8,112.7
1116.0,-94.6
1116.2,-0.4
1116.4,-2.8
1116.6,137.1
1116.8,130.3
1117.0,69.0
1117.2,-153.1
1117.4,7.3
1117.6,-24.0
1117.8,158.6
1118.0,-200.0
1118.2,13.6
1118.4,60.9
1118.6,194.1
1118.8,31.0
1119.0,18.5
1119.2,-18.6
1119.4,262.8
1119.6,35.6
1119.8,-124.4
1120.0,62.0
1120.2,-27.7
1120.4,-65.3
1120.6,-48.9
1120.8,-71.5
1121.0,120.2
1121.2,138.8
1121.4,-4.7
1121.6,-71.5
1121.8,-41.6
1122.0,-119.5
1122.2,70.3
1122.4,-102.3
1122.6,99.7
1122.8,-101.8
1123.0,-30.8
1123.2,-128.7
1123.4,35.1
1123.6,-92.1
1123.8,180.6
1124.0,-15.6
1124.2,114.3
1124.4,326.3
1124.6,-107.4
1124.8,-24.7
1125.0,30.7
1125.2,-83.0
1125.4,-112.9
1125.6,2.0
1125.8,-24.2
1126.0,89.2
1126.2,-2.8
1126.4,145.0
1126.6,-68.7
1126.8,-40.2
1127.0,-51.1
1127.2,-0.0
1127.4,64.2
1127.6,195.8
1127.8,-191.4
1128.0,-47.7
1128.2,-112.4
1128.4,48.6
1128.6,-186.6
1128.8,-10.5
1129.0,-117.2
1129.2,29.3
1129.4,-16.9
1129.6,54.6
1129.8,-70.7
1130.0,-43.9
1130.2,13.6
1130.4,76.6
1130.6,71.1
1130.8,-93.0
1131.0,-9.5
1131.2,2.8
1131.4,-80.4
1131.6,-61.0
1131.8,-276.3
1132.0,0.1
1132.2,-110.7
1132.4,-7.9
1132.6,6.7
1132.8,-7.2
1133.0,51.7
1133.2,66.2
1133.4,-68.3
1133.6,18.8
1133.8,36.0
1134.0,-136.8
1134.2,-42.9
1134.4,-140.3
1134.6,169.4
1134.8,-67.0
1135.0,5.4
1135.2,108.5
1135.4,-27.0
1135.6,60.8
1135.8,-62.8
1136.0,46.0
1136.2,-131.0
1136.4,90.3
1136.6,182.6
1136.8,2.3
1137.0,-18.4
1137.2,-8.6
1137.4,2.3
1137.6,-27.1
1137.8,116.6
1138.0,-196.4
1138.2,-25.6
1138.4,-80.5
1138.6,184.6
1138.8,-37.8
1139.0,-59.7
1139.2,75.3
1139.4,104.0
1139.6,-72.0
1139.8,61.4
1140.0,-88.4
1140.2,133.8
1140.4,14.1
1140.6,-18.7
1140.8,13.8
1141.0,20.8
1141.2,59.2
1141.4,54.6
1141.6,152.1
1141.8,-37.6
1142.0,116.9
1142.2,-65.8
1142.4,-61.9
1142.6,71.4
1142.8,62.4
1143.0,106.3
1143.2,-4.1
1143.4,122.6
1143.6,-26.0
1143.8,-77.2
1144.0,-39.9
1144.2,79.2
1144.4,95.5
1144.6,89.7
1144.8,-93.1
1145.0,5.5
1145.2,-100.7
1145.4,-40.5
1145.6,-219.2
1145.8,186.4
1146.0,108.6
1146.2,-28.3
1146.4,171.0
1146.6,-93.9
1146.8,68.9
1147.0,35.8
1147.2,-1.7
1147.4,-77.2
1147.6,-2.5
1147.8,51.9
1148.0,-68.2
1148.2,37.6
1148.4,0.7
1148.6,5.9
1148.8,124.1
1149.0,31.5
1149.2,-131.3
1149.4,67.1
1149.6,85.1
1149.8,-104.4
1150.0,-0.1
1150.2,-12.9
1150.4,-98.8
1150.6,-112.2
1150.8,-67.1
1151.0,65.4
1151.2,-9.8
1151.4,-89.2
1151.6,41.4
1151.8,-67.3
1152.0,52.4
1152.2,39.5
1152.4,137.7
1152.6,28.7
1152.8,72.5
1153.0,60.9
1153.2,233.2
1153.4,-157.5
1153.6,145.0
1153.8,-64.3
1154.0,22.1
1154.2,-72.6
1154.4,16.6
1154.6,-228.2
1154.8,-6.7
1155.0,168.6
1155.2,111.2
1155.4,92.2
1155.6,-70.8
1155.8,-198.9
1156.0,-92.5
1156.2,37.7
1156.4,36.3
1156.6,-74.5
1156.8,0.3
1157.0,-121.4
1157.2,-41.5
1157.4,-34.2
1157.6,-91.9
1157.8,-120.2
1158.0,-13.2
1158.2,-105.2
1158.4,-35.2
1158.6,-159.2
1158.8,-58.5
1159.0,9.0
1159.2,65.2
1159.4,-25.6
1159.6,212.1
1159.8,-88.9
1160.0,70.0
1160.2,-128.8
1160.4,-96.1
1160.6,-58.4
1160.8,36.2
1161.0,-50.7
1161.2,-96.5
1161.4,1.6
1161.6,-15.3
1161.8,-82.2
1162.0,-159.5
1162.2,25.3
1162.4,8.8
1162.6,-54.0
1162.8,24.2
1163.0,127.3
1163.2,-5.4
1163.4,-93.8
1163.6,-22.8
1163.8,-42.2
1164.0,46.9
1164.2,-115.1
1164.4,-41.3
1164.6,-58.7
1164.8,91.4
1165.0,-62.4
1165.2,86.0
1165.4,112.6
1165.6,-25.5
1165.8,-71.5
1166.0,-2.2
1166.2,178.3
1166.4,140.7
1166.6,36.1
1166.8,96.5
1167.0,113.2
1167.2,18.2
1167.4,-80.9
1167.6,-181.8
1167.8,-1.7
1168.0,10.6
1168.2,66.4
1168.4,-126.0
1168.6,-27.9
1168.8,-112.2
1169.0,-35.5
1169.2,-119.3
1169.4,-59.7
1169.6,-39.6
1169.8,-34.6
1170.0,-162.5
1170.2,-124.1
1170.4,40.6
1170.6,-69.2
1170.8,-27.2
1171.0,64.7
1171.2,47.0
1171.4,-80.3
1171.6,16.4
1171.8,-102.7
1172.0,23.5
1172.2,129.7
1172.4,60.6
1172.6,-9.4
1172.8,88.8
1173.0,-65.8
1173.2,143.0
1173.4,61.5
1173.6,-78.5
1173.8,-27.2
1174.0,125.8
1174.2,-62.8
1174.4,-15.4
1174.6,-152.1
1174.8,37.3
1175.0,-143.7
1175.2,-93.4
1175.4,-2.2
1175.6,16.5
1175.8,119.7
1176.0,44.2
1176.2,130.5
1176.4,-100.1
1176.6,34.7
1176.8,14.0
1177.0,82.0
1177.2,85.3
1177.4,39.5
1177.6,56.9
1177.8,95.0
1178.0,96.3
1178.2,-3.6
1178.4,35.4
1178.6,156.0
1178.8,119.6
1179.0,-72.5
1179.2,-17.7
1179.4,76.1
1179.6,-76.9
1179.8,-57.7
1180.0,-85.6
1180.2,-82.2
1180.4,137.0
1180.6,-242.9
1180.8,-58.4
1181.0,51.0
1181.2,123.6
1181.4,0.2
1181.6,82.9
1181.8,148.8
1182.0,-111.8
1182.2,-230.9
1182.4,-14.0
1182.6,161.3
1182.8,-43.0
1183.0,76.3
1183.2,-34.1
1183.4,-8.0
1183.6,19.6
1183.8,244.5
1184.0,103.8
1184.2,-95.3
1184.4,2.0
1184.6,-96.6
1184.8,123.5
1185.0,-0.6
1185.2,-82.2
1185.4,78.8
1185.6,13.8
1185.8,-103.4
1186.0,14.4
1186.2,73.4
1186.4,30.9
1186.6,128.8
1186.8,74.1
1187.0,33.5
1187.2,-51.2
1187.4,98.2
1187.6,80.9
1187.8,114.4
1188.0,-148.6
