Time (ps),ETOT
20.2,-582980.6582
20.4,-583201.0989
20.6,-583599.3189
20.8,-583902.4483
21.0,-584119.0896
21.2,-584611.6251
21.4,-584853.4307
21.6,-584931.0528
21.8,-585733.9223
22.0,-585785.0049
22.2,-586112.5575
22.4,-586337.1663
22.6,-586868.513
22.8,-586803.1504
23.0,-586745.929
23.2,-587252.0559
23.4,-587532.9378
23.6,-587646.7289
23.8,-587626.9779
24.0,-587921.0992
24.2,-588415.2613
24.4,-588645.576
24.6,-588861.4817
24.8,-589139.5906
25.0,-589340.6475
25.2,-589535.0619
25.4,-589498.9035
25.6,-589686.4213
25.8,-590123.1286
26.0,-590072.3719
26.2,-590418.8005
26.4,-590411.4467
26.6,-590709.4054
26.8,-590699.6093
27.0,-591021.8947
27.2,-591563.05
27.4,-591377.9116
27.6,-591923.5142
27.8,-591526.8222
28.0,-591491.2115
28.2,-591697.5776
28.4,-591692.6549
28.6,-591694.9003
28.8,-592274.9603
29.0,-592090.5231
29.2,-592460.612
29.4,-592701.1967
29.6,-592834.1937
29.8,-592971.4767
30.0,-592953.3706
30.2,-593534.5601
30.4,-593881.8958
30.6,-593625.7267
30.8,-593922.8283
31.0,-593897.743
31.2,-594016.3865
31.4,-594445.1196
31.6,-594917.7611
31.8,-594777.4087
32.0,-594605.932
32.2,-594855.5542
32.4,-594730.5993
32.6,-595127.8914
32.8,-595390.8584
33.0,-595408.1776
33.2,-595659.0746
33.4,-596034.2628
33.6,-596095.734
33.8,-596355.6539
34.0,-596062.5544
34.2,-596162.5605
34.4,-595982.764
34.6,-596177.891
34.8,-596311.5552
35.0,-595971.7348
35.2,-596175.4031
35.4,-596192.8565
35.6,-596288.9791
35.8,-596320.31
36.0,-596264.9905
36.2,-596217.2901
36.4,-596312.3295
36.6,-596291.7178
36.8,-596723.3186
37.0,-597109.4879
37.2,-597478.8936
37.4,-597591.5527
37.6,-597262.3441
37.8,-597520.2103
38.0,-597587.8214
38.2,-597492.5312
38.4,-597675.8947
38.6,-597144.2266
38.8,-598225.0926
39.0,-598752.1416
39.2,-598804.422
39.4,-598767.3004
39.6,-598769.3682
39.8,-598554.2505
40.0,-598422.1615
40.2,-598385.8098
40.4,-598480.9496
40.6,-598799.912
40.8,-598752.6618
41.0,-598825.6865
41.2,-598744.5042
41.4,-598744.1234
41.6,-599036.4074
41.8,-599038.2018
42.0,-598982.6127
42.2,-599000.958
42.4,-599193.2916
42.6,-599060.9936
42.8,-598935.7589
43.0,-598980.6575
43.2,-598940.5829
43.4,-599164.9025
43.6,-599287.4
43.8,-599270.7797
44.0,-599439.2554
44.2,-599545.184
44.4,-599894.1028
44.6,-600219.7487
44.8,-600435.7768
45.0,-600845.3006
45.2,-600624.2568
45.4,-600734.7623
45.6,-600554.182
45.8,-600851.2592
46.0,-600548.4897
46.2,-600873.2811
46.4,-600802.2504
46.6,-600334.9033
46.8,-600581.3446
47.0,-600347.7369
47.2,-600416.1334
47.4,-600559.9989
47.6,-600697.8402
47.8,-600184.3728
48.0,-601085.1664
48.2,-601007.8575
48.4,-600890.821
48.6,-601109.9907
48.8,-601196.013
49.0,-601377.818
49.2,-601655.5838
49.4,-601689.6715
49.6,-601713.0263
49.8,-601827.4722
50.0,-602165.4326
50.2,-601644.6786
50.4,-601933.8086
50.6,-602081.7267
50.8,-602454.0583
51.0,-602684.4346
51.2,-602254.5261
51.4,-601937.1184
51.6,-601791.1693
51.8,-601977.8823
52.0,-602042.9849
52.2,-602445.7753
52.4,-602248.7021
52.6,-602249.8848
52.8,-602583.9664
53.0,-602762.996
53.2,-603089.4932
53.4,-602678.2891
53.6,-602630.2884
53.8,-602677.0133
54.0,-602568.351
54.2,-602804.2848
54.4,-602612.0781
54.6,-602694.6616
54.8,-602855.1925
55.0,-602629.607
55.2,-603090.877
55.4,-602964.6346
55.6,-602980.9069
55.8,-602995.822
56.0,-603102.9021
56.2,-602875.1747
56.4,-603198.362
56.6,-603133.4013
56.8,-603329.9477
57.0,-603289.097
57.2,-603337.6132
57.4,-603386.8189
57.6,-603870.2345
57.8,-604146.544
58.0,-604277.9916
58.2,-604077.9278
58.4,-604181.0716
58.6,-604305.5844
58.8,-604443.219
59.0,-604054.252
59.2,-604372.5304
59.4,-604224.7482
59.6,-604219.391
59.8,-604393.9801
60.0,-604230.9412
60.2,-604370.8364
60.4,-604225.3708
60.6,-604360.1649
60.8,-604525.9723
61.0,-604660.5837
61.2,-604718.8282
61.4,-604647.7259
61.6,-604871.0624
61.8,-605526.3179
62.0,-605511.4978
62.2,-605411.6083
62.4,-605691.2243
62.6,-605896.7583
62.8,-605506.6848
63.0,-605756.624
63.2,-605761.1879
63.4,-605893.8838
63.6,-606335.8477
63.8,-606114.5601
64.0,-606619.1741
64.2,-606766.0585
64.4,-606890.8486
64.6,-606975.9017
64.8,-607301.8032
65.0,-607165.5033
65.2,-607595.3557
65.4,-608124.5864
65.6,-608539.0419
65.8,-608499.3741
66.0,-608212.0631
66.2,-608251.477
66.4,-608117.4617
66.6,-607883.2757
66.8,-608128.6393
67.0,-608311.8861
67.2,-608852.6651
67.4,-609146.0781
67.6,-608964.7605
67.8,-609193.3044
68.0,-609772.6851
68.2,-609855.8609
68.4,-609874.0401
68.6,-610124.186
68.8,-610696.1352
69.0,-610721.9843
69.2,-610765.4757
69.4,-611160.6217
69.6,-611194.089
69.8,-611428.141
70.0,-611448.6272
70.2,-611376.5294
70.4,-611359.1564
70.6,-612166.9536
70.8,-612394.7803
71.0,-612831.5971
71.2,-613223.3576
71.4,-613161.9185
71.6,-612948.251
71.8,-613210.6207
72.0,-613175.7657
72.2,-613310.0948
72.4,-613460.6719
72.6,-613231.4091
72.8,-613499.6356
73.0,-614045.3407
73.2,-614126.4635
73.4,-614460.7852
73.6,-614621.1686
73.8,-614801.0808
74.0,-614706.9564
74.2,-614691.5517
74.4,-614683.8709
74.6,-614754.8306
74.8,-614796.6523
75.0,-615120.8376
75.2,-615171.0883
75.4,-615037.7545
75.6,-615072.0403
75.8,-615873.8504
76.0,-615846.5351
76.2,-615605.971
76.4,-616089.9929
76.6,-616192.4561
76.8,-615937.0075
77.0,-615933.4063
77.2,-616108.5117
77.4,-616247.3664
77.6,-616421.0048
77.8,-616598.6147
78.0,-616915.8244
78.2,-617222.4556
78.4,-617494.8667
78.6,-617193.7961
78.8,-616911.0001
79.0,-617178.6308
79.2,-617208.6696
79.4,-617458.0224
79.6,-617298.8811
79.8,-617184.1425
80.0,-617085.4995
80.2,-617257.9597
80.4,-617682.6818
80.6,-617536.3373
80.8,-617587.6637
81.0,-618099.0084
81.2,-618172.7518
81.4,-617766.4898
81.6,-618095.3458
81.8,-618426.4897
82.0,-618464.54
82.2,-619028.4555
82.4,-618997.6141
82.6,-619210.6259
82.8,-619233.6507
83.0,-619185.065
83.2,-618930.3607
83.4,-619228.3776
83.6,-619044.7966
83.8,-618820.2876
84.0,-618874.081
84.2,-618871.7351
84.4,-619244.7161
84.6,-619766.7413
84.8,-619855.2417
85.0,-620017.0749
85.2,-619519.1365
85.4,-619348.0819
85.6,-619400.9278
85.8,-619583.096
86.0,-619952.9215
86.2,-619691.4877
86.4,-619822.674
86.6,-619789.7041
86.8,-620164.3116
87.0,-620428.3837
87.2,-620377.6115
87.4,-619989.2097
87.6,-619896.6791
87.8,-619706.9528
88.0,-619653.7908
88.2,-620034.6766
88.4,-620654.0995
88.6,-620745.8936
88.8,-620469.718
89.0,-620569.8692
89.2,-620403.2364
89.4,-620562.3802
89.6,-620677.847
89.8,-621023.4354
90.0,-620674.0385
90.2,-620713.8462
90.4,-620800.5987
90.6,-620821.3356
90.8,-621052.8465
91.0,-621220.5483
91.2,-620917.2271
91.4,-621342.2957
91.6,-621214.7469
91.8,-621035.6759
92.0,-621552.7354
92.2,-621832.3318
92.4,-621641.5436
92.6,-621309.524
92.8,-621070.8397
93.0,-621248.7941
93.2,-621442.6478
93.4,-621818.7962
93.6,-621639.4751
93.8,-621748.6916
94.0,-621558.1717
94.2,-621891.1714
94.4,-621877.2618
94.6,-622244.1264
94.8,-621860.1725
95.0,-621521.19
95.2,-621605.5443
95.4,-621531.9789
95.6,-621685.2306
95.8,-621594.0953
96.0,-621618.1732
96.2,-621978.699
96.4,-621956.4847
96.6,-622155.3613
96.8,-622124.0668
97.0,-622607.2348
97.2,-622543.5157
97.4,-622515.2541
97.6,-622603.8645
97.8,-622993.137
98.0,-622323.1856
98.2,-622577.8343
98.4,-622257.7824
98.6,-622743.9281
98.8,-623257.3054
99.0,-623454.413
99.2,-623755.6975
99.4,-623599.6019
99.6,-623318.3377
99.8,-623091.1009
100.0,-623145.4363
100.2,-622930.6698
100.4,-622893.6326
100.6,-623231.0836
100.8,-622755.6058
101.0,-622805.3934
101.2,-622840.704
101.4,-623016.6715
101.6,-623043.6119
101.8,-623228.5664
102.0,-623622.6519
102.2,-623029.6705
102.4,-623262.6917
102.6,-623385.0006
102.8,-623173.7491
103.0,-623053.4387
103.2,-622822.821
103.4,-622935.9172
103.6,-622856.6018
103.8,-623199.0396
104.0,-623200.1507
104.2,-623477.6134
104.4,-623410.6914
104.6,-623489.816
104.8,-623481.6474
105.0,-623500.9777
105.2,-623393.557
105.4,-623602.2819
105.6,-623940.2378
105.8,-623973.1422
106.0,-623609.2659
106.2,-623399.9223
106.4,-623600.2546
106.6,-623444.0971
106.8,-623767.9338
107.0,-623971.9292
107.2,-624322.9119
107.4,-624011.6129
107.6,-624198.5738
107.8,-624178.5598
108.0,-624059.5641
108.2,-623797.4517
108.4,-623869.6836
108.6,-623834.3997
108.8,-623751.0307
109.0,-623961.9552
109.2,-624535.0561
109.4,-624764.8973
109.6,-624617.9822
109.8,-624870.5841
110.0,-624544.5911
110.2,-624263.3655
110.4,-624303.88
110.6,-624546.8593
110.8,-624492.5287
111.0,-625088.0862
111.2,-624951.6589
111.4,-624534.2155
111.6,-624883.3468
111.8,-624662.5007
112.0,-623996.5135
112.2,-624255.6864
112.4,-624184.0489
112.6,-624722.3734
112.8,-624897.6748
113.0,-624693.5257
113.2,-624575.5082
113.4,-624895.9209
113.6,-624435.5609
113.8,-624704.9729
114.0,-624540.2909
114.2,-624244.0815
114.4,-624361.2161
114.6,-624317.995
114.8,-624668.3048
115.0,-624612.0753
115.2,-624822.2047
115.4,-625389.8969
115.6,-624852.2714
115.8,-624856.9882
116.0,-624993.6297
116.2,-625440.1963
116.4,-625492.9669
116.6,-625623.266
116.8,-625242.4792
117.0,-625316.0545
117.2,-625369.1094
117.4,-625400.1694
117.6,-625461.5348
117.8,-625340.6024
118.0,-625328.1917
118.2,-625242.3397
118.4,-624896.3994
118.6,-624931.2941
118.8,-625324.8569
119.0,-625417.1538
119.2,-625458.9155
119.4,-625306.6366
119.6,-625110.7471
119.8,-625196.6386
120.0,-625125.2767
120.2,-625355.9891
120.4,-625197.7792
120.6,-625179.7667
120.8,-625001.9984
121.0,-624817.5491
121.2,-624802.6324
121.4,-624896.152
121.6,-624998.3408
121.8,-624873.8593
122.0,-625525.4785
122.2,-625752.9854
122.4,-625730.7774
122.6,-626035.6187
122.8,-625839.2272
123.0,-625874.4414
123.2,-626097.9401
123.4,-625957.179
123.6,-626037.7547
123.8,-626298.3131
124.0,-626178.2282
124.2,-625822.5046
124.4,-625781.8128
124.6,-625795.4288
124.8,-626006.5409
125.0,-625778.9864
125.2,-625417.1509
125.4,-625356.7259
125.6,-625624.302
125.8,-625619.8984
126.0,-625908.586
126.2,-625564.758
126.4,-625062.0233
126.6,-625126.4543
126.8,-625318.0321
127.0,-625506.22
127.2,-625368.9324
127.4,-625622.9124
127.6,-625786.04
127.8,-625663.3421
128.0,-626081.2626
128.2,-626458.1598
128.4,-626344.3141
128.6,-626345.5502
128.8,-626475.4653
129.0,-626527.9868
129.2,-626316.6583
129.4,-626579.8196
129.6,-625948.529
129.8,-626217.8518
130.0,-626342.1642
130.2,-626285.3616
130.4,-626354.6019
130.6,-626576.2751
130.8,-626688.4207
131.0,-626658.4028
131.2,-627006.1824
131.4,-626501.3447
131.6,-626615.628
131.8,-626024.2803
132.0,-626316.2526
132.2,-626324.8704
132.4,-626656.2153
132.6,-626534.4999
132.8,-626125.3622
133.0,-626051.8369
133.2,-625811.5666
133.4,-625725.2042
133.6,-626291.3869
133.8,-626494.8066
134.0,-626575.2984
134.2,-626991.2213
134.4,-627039.2525
134.6,-626737.2787
134.8,-626555.6265
135.0,-626345.2626
135.2,-626583.9402
135.4,-626978.0967
135.6,-627375.0372
135.8,-627281.0545
136.0,-627242.9952
136.2,-627268.0075
136.4,-627026.255
136.6,-627252.7573
136.8,-626872.9546
137.0,-626964.5227
137.2,-627421.8445
137.4,-627443.5213
137.6,-627324.4028
137.8,-627192.0497
138.0,-627394.3211
138.2,-627502.5596
138.4,-627080.4305
138.6,-626903.5188
138.8,-626671.7605
139.0,-626924.8145
139.2,-627403.6844
139.4,-627356.6527
139.6,-627365.5238
139.8,-627224.2213
140.0,-627296.2802
140.2,-627550.7663
140.4,-627474.0715
140.6,-627296.2738
140.8,-626999.2236
141.0,-627246.8049
141.2,-627054.8481
141.4,-627092.1409
141.6,-627228.9024
141.8,-627202.7731
142.0,-627642.4312
142.2,-627598.574
142.4,-627547.7482
142.6,-627698.5643
142.8,-627309.9052
143.0,-627514.872
143.2,-627415.6325
143.4,-627484.7557
143.6,-627424.0126
143.8,-627376.2159
144.0,-627445.5789
144.2,-627592.8352
144.4,-626855.1624
144.6,-626854.0001
144.8,-627128.8945
145.0,-627341.2807
145.2,-626742.4212
145.4,-627408.6296
145.6,-627438.9628
145.8,-627506.1639
146.0,-627315.2918
146.2,-627200.5841
146.4,-627055.987
146.6,-627319.3553
146.8,-627570.7319
147.0,-627296.9017
147.2,-627407.9203
147.4,-627358.3898
147.6,-627628.3166
147.8,-627539.5729
148.0,-627438.4227
148.2,-627633.8281
148.4,-627606.0769
148.6,-627695.4246
148.8,-627927.0607
149.0,-628056.1009
149.2,-627582.3564
149.4,-627675.8308
149.6,-627737.7283
149.8,-627727.1872
150.0,-628050.0706
150.2,-627784.4142
150.4,-628183.3061
150.6,-628286.7944
150.8,-627962.6889
151.0,-628608.1165
151.2,-628178.1812
151.4,-627858.1264
151.6,-627916.6384
151.8,-627959.6058
152.0,-628026.4956
152.2,-628221.34
152.4,-628130.4256
152.6,-628117.4748
152.8,-628387.6664
153.0,-628229.793
153.2,-628482.7205
153.4,-628571.9492
153.6,-628255.6005
153.8,-628342.5555
154.0,-628419.9823
154.2,-628331.492
154.4,-628286.9187
154.6,-628216.1065
154.8,-628105.1362
155.0,-628258.2061
155.2,-627972.1014
155.4,-627824.8199
155.6,-628637.1016
155.8,-628523.983
156.0,-628452.1062
156.2,-628727.4958
156.4,-628755.4407
156.6,-628448.7577
156.8,-628340.6702
157.0,-628752.6898
157.2,-628612.5313
157.4,-628949.7629
157.6,-628569.7935
157.8,-628511.5026
158.0,-628396.6813
158.2,-628355.8164
158.4,-628062.4394
158.6,-628384.7522
158.8,-628493.0369
159.0,-628467.7723
159.2,-628278.9918
159.4,-628491.5702
159.6,-628207.3603
159.8,-628413.014
160.0,-628630.4206
160.2,-628705.2603
160.4,-628440.0102
160.6,-628607.3973
160.8,-628790.3116
161.0,-628478.6038
161.2,-628479.9099
161.4,-628427.3275
161.6,-628594.9128
161.8,-628783.704
162.0,-628542.733
162.2,-628890.9728
162.4,-628797.0323
162.6,-628946.2528
162.8,-629807.7871
163.0,-628862.2831
163.2,-628880.1978
163.4,-628753.7811
163.6,-628729.2869
163.8,-628839.8341
164.0,-628858.9595
164.2,-629250.4994
164.4,-629281.3207
164.6,-629463.5703
164.8,-629479.1552
165.0,-629412.9674
165.2,-628970.2878
165.4,-629229.979
165.6,-629570.2003
165.8,-629143.2512
166.0,-629098.7381
166.2,-628691.4083
166.4,-628718.8643
166.6,-628650.6158
166.8,-629062.1677
167.0,-629045.2182
167.2,-629202.1035
167.4,-628511.5065
167.6,-628830.5532
167.8,-629053.2391
168.0,-629081.4613
168.2,-629137.9518
168.4,-629309.7258
168.6,-629242.8958
168.8,-629451.4303
169.0,-629426.0156
169.2,-629562.5729
169.4,-629605.0153
169.6,-629522.6676
169.8,-629726.1141
170.0,-629533.9191
170.2,-629657.9678
170.4,-629732.2716
170.6,-629314.8646
170.8,-629718.6305
171.0,-629699.2321
171.2,-629600.9592
171.4,-629734.3318
171.6,-630107.4419
171.8,-630020.4552
172.0,-629978.2675
172.2,-630278.5501
172.4,-630177.5008
172.6,-629499.9993
172.8,-629266.4832
173.0,-629255.163
173.2,-629326.651
173.4,-629208.5635
173.6,-629408.7615
173.8,-629327.9733
174.0,-629405.5198
174.2,-629694.5124
174.4,-629546.463
174.6,-629562.5138
174.8,-629299.4192
175.0,-629186.5308
175.2,-629091.4899
175.4,-629243.2717
175.6,-629512.6452
175.8,-629154.6698
176.0,-629021.9119
176.2,-629317.5439
176.4,-629197.346
176.6,-629493.3085
176.8,-629594.1731
177.0,-629690.1894
177.2,-629926.6399
177.4,-629451.9823
177.6,-629826.2919
177.8,-629724.5158
178.0,-630168.5099
178.2,-629935.4763
178.4,-629691.981
178.6,-630001.2227
178.8,-629968.4512
179.0,-629998.2018
179.2,-630204.2766
179.4,-630189.8273
179.6,-630294.3579
179.8,-630270.9188
180.0,-630123.2848
180.2,-629840.8693
180.4,-630078.538
180.6,-630336.8715
180.8,-630434.2095
181.0,-630130.6838
181.2,-630172.9485
181.4,-630035.2611
181.6,-630039.916
181.8,-630261.6618
182.0,-630028.7532
182.2,-630045.2415
182.4,-629963.0553
182.6,-629713.9383
182.8,-629931.0137
183.0,-629696.2439
183.2,-629858.5794
183.4,-629620.4571
183.6,-629691.316
183.8,-629453.6249
184.0,-629903.1853
184.2,-630040.5503
184.4,-629849.2788
184.6,-630096.5997
184.8,-630136.1425
185.0,-629983.673
185.2,-630346.959
185.4,-629765.8666
185.6,-629895.755
185.8,-629510.5915
186.0,-629714.7348
186.2,-629604.2352
186.4,-629712.0789
186.6,-630290.2141
186.8,-629846.9461
187.0,-629634.182
187.2,-630093.4609
187.4,-629923.9912
187.6,-630346.4646
187.8,-630622.8411
188.0,-630854.7758
188.2,-630659.2918
188.4,-630705.4025
188.6,-630825.9081
188.8,-630423.0746
189.0,-630572.4647
189.2,-630444.2156
189.4,-630498.7524
189.6,-630081.503
189.8,-629755.3753
190.0,-630114.6246
190.2,-630131.3546
190.4,-630219.3742
190.6,-630502.8066
190.8,-630626.7964
191.0,-630305.7188
191.2,-630348.8508
191.4,-630676.5411
191.6,-630965.667
191.8,-631126.9547
192.0,-630612.9373
192.2,-630332.081
192.4,-630260.9821
192.6,-630047.9814
192.8,-630007.9918
193.0,-630107.2755
193.2,-630187.7056
193.4,-630045.8599
193.6,-630446.0035
193.8,-630225.1058
194.0,-630275.9991
194.2,-630505.5463
194.4,-630261.533
194.6,-630416.978
194.8,-630584.75
195.0,-630628.1782
195.2,-630644.9392
195.4,-630694.6268
195.6,-629953.5845
195.8,-630007.8974
196.0,-630561.5349
196.2,-630617.4905
196.4,-630809.9165
196.6,-630830.5258
196.8,-631632.1324
197.0,-630805.0551
197.2,-631158.5479
197.4,-631105.7555
197.6,-630828.5327
197.8,-630959.2415
198.0,-631045.9927
198.2,-630909.7296
198.4,-631003.3569
198.6,-630970.8392
198.8,-631004.5967
199.0,-630621.7064
199.2,-630294.4631
199.4,-630554.2235
199.6,-630890.8851
199.8,-631012.3527
200.0,-631059.5141
200.2,-630706.7643
200.4,-630874.9713
200.6,-630847.4766
200.8,-631294.7821
201.0,-631004.2305
201.2,-630972.3901
201.4,-630905.3547
201.6,-630937.4206
201.8,-631478.4658
202.0,-631358.2911
202.2,-630978.2136
202.4,-631139.2842
202.6,-631313.7721
202.8,-631158.6509
203.0,-630925.4531
203.2,-631075.2824
203.4,-630925.7741
203.6,-630938.363
203.8,-630292.5618
204.0,-630326.8643
204.2,-631096.8956
204.4,-631333.1974
204.6,-631217.7309
204.8,-630969.5545
205.0,-630852.7931
205.2,-631185.8664
205.4,-630775.5721
205.6,-631359.4776
205.8,-631208.3998
206.0,-631409.3035
206.2,-630920.6437
206.4,-631163.6499
206.6,-631104.0678
206.8,-631081.3081
207.0,-631365.8535
207.2,-631056.6118
207.4,-631143.5695
207.6,-631269.2601
207.8,-631443.8222
208.0,-631102.8566
208.2,-631497.509
208.4,-631224.6008
208.6,-630988.0375
208.8,-630645.7728
209.0,-631079.5862
209.2,-631822.4668
209.4,-631403.9286
209.6,-630855.9944
209.8,-630860.8309
210.0,-631224.0303
210.2,-631195.4362
210.4,-630782.7515
210.6,-630597.2597
210.8,-631119.2172
211.0,-630987.3553
211.2,-631489.2321
211.4,-631406.8555
211.6,-631190.8948
211.8,-630908.2845
212.0,-631051.0869
212.2,-631201.5868
212.4,-631552.2952
212.6,-631797.0194
212.8,-631357.4351
213.0,-630914.3955
213.2,-631135.4555
213.4,-630638.2271
213.6,-630382.3673
213.8,-630584.001
214.0,-630898.0174
214.2,-630685.3212
214.4,-630801.3708
214.6,-631224.9522
214.8,-631466.8006
215.0,-631438.4248
215.2,-631331.6152
215.4,-631652.9445
215.6,-631350.3674
215.8,-631699.9113
216.0,-631727.8318
216.2,-631611.0997
216.4,-631912.6584
216.6,-631761.7752
216.8,-631608.0072
217.0,-631463.784
217.2,-631448.4042
217.4,-631539.6077
217.6,-631995.7102
217.8,-631365.3159
218.0,-631145.9553
218.2,-631026.2202
218.4,-630735.7039
218.6,-631626.8688
218.8,-631834.3664
219.0,-631847.0609
219.2,-631955.6482
219.4,-631835.6908
219.6,-631956.9456
219.8,-632193.5351
220.0,-632084.1722
220.2,-632116.8964
220.4,-631493.5427
220.6,-631344.0682
220.8,-631252.1671
221.0,-631396.1602
221.2,-631210.0831
221.4,-631574.7951
221.6,-631657.8011
221.8,-631966.934
222.0,-631929.9859
222.2,-631743.5892
222.4,-631614.1694
222.6,-631888.5778
222.8,-631779.3362
223.0,-632185.6153
223.2,-631860.0526
223.4,-631816.4821
223.6,-631816.7796
223.8,-631679.2914
224.0,-631608.6719
224.2,-631636.412
224.4,-630978.2534
224.6,-631163.3342
224.8,-631531.7474
225.0,-631509.3899
225.2,-631916.5907
225.4,-631966.3266
225.6,-632406.9895
225.8,-631812.6048
226.0,-632017.564
226.2,-632186.8275
226.4,-632292.4168
226.6,-631957.1617
226.8,-632043.0217
227.0,-632158.9904
227.2,-632360.8333
227.4,-632042.0854
227.6,-632120.6208
227.8,-631692.2758
228.0,-631616.3104
228.2,-631551.919
228.4,-631975.7804
228.6,-632144.2037
228.8,-632555.6752
229.0,-632036.8334
229.2,-632006.9456
229.4,-631386.3603
229.6,-631477.5255
229.8,-631101.2134
230.0,-630976.2207
230.2,-631349.1059
230.4,-631090.4152
230.6,-631391.4581
230.8,-631508.584
231.0,-631746.499
231.2,-631654.4134
231.4,-631925.1071
231.6,-632040.5507
231.8,-631897.2188
232.0,-631968.4738
232.2,-631836.3093
232.4,-631688.4047
232.6,-631390.2639
232.8,-631895.4719
233.0,-631745.7579
233.2,-632214.0693
233.4,-632293.9139
233.6,-632331.7698
233.8,-632361.3273
234.0,-632507.933
234.2,-632196.0505
234.4,-631984.1647
234.6,-632214.7609
234.8,-631962.8112
235.0,-632097.8521
235.2,-631813.5919
235.4,-631586.8947
235.6,-631394.2766
235.8,-631551.593
236.0,-631537.8538
236.2,-631880.8605
236.4,-631931.5028
236.6,-632703.7267
236.8,-632877.871
237.0,-632626.6743
237.2,-632723.2585
237.4,-632210.527
237.6,-632424.4688
237.8,-632497.0725
238.0,-632268.8999
238.2,-631840.1236
238.4,-631959.1458
238.6,-632128.0592
238.8,-632097.3317
239.0,-631993.8462
239.2,-631765.8464
239.4,-631512.9004
239.6,-631511.1804
239.8,-631493.3801
240.0,-631407.3262
240.2,-631821.2272
240.4,-632003.8506
240.6,-632042.6134
240.8,-631758.2349
241.0,-631912.9285
241.2,-632178.6463
241.4,-632521.2103
241.6,-632430.9113
241.8,-632325.2181
242.0,-631999.3621
242.2,-632343.0583
242.4,-631816.688
242.6,-632057.0071
242.8,-632306.1797
243.0,-631868.3641
243.2,-632227.4083
243.4,-632516.9638
243.6,-632217.1558
243.8,-632047.6581
244.0,-632256.4548
244.2,-632635.1659
244.4,-632694.6904
244.6,-632484.4038
244.8,-632279.0453
245.0,-632698.6865
245.2,-632854.9961
245.4,-632173.1133
245.6,-632185.3302
245.8,-632628.0946
246.0,-632352.3347
246.2,-632497.1031
246.4,-632148.4613
246.6,-631730.0802
246.8,-632109.4571
247.0,-632198.4446
247.2,-632418.8295
247.4,-632020.3109
247.6,-632258.6376
247.8,-632234.5237
248.0,-632631.4654
248.2,-632452.043
248.4,-632559.3845
248.6,-632782.7225
248.8,-632332.9514
249.0,-631966.3062
249.2,-632157.5566
249.4,-632243.5433
249.6,-632126.5922
249.8,-631952.1917
250.0,-632182.525
250.2,-632070.302
250.4,-632396.1089
250.6,-632151.4889
250.8,-632290.4557
251.0,-632194.3753
251.2,-631652.3013
251.4,-631766.4139
251.6,-631870.4147
251.8,-631984.9193
252.0,-631898.162
252.2,-632422.5759
252.4,-632713.4349
252.6,-632740.9218
252.8,-632895.1078
253.0,-632848.0209
253.2,-632837.8985
253.4,-633005.0729
253.6,-632652.9973
253.8,-632673.1174
254.0,-632430.8964
254.2,-632306.0034
254.4,-632143.1896
254.6,-632155.1109
254.8,-632053.0796
255.0,-632157.0185
255.2,-632460.1598
255.4,-632414.9987
255.6,-632336.2343
255.8,-632369.6592
256.0,-632435.784
256.2,-632589.8158
256.4,-632571.8647
256.6,-632088.1386
256.8,-632589.1791
257.0,-632703.2035
257.2,-632436.1306
257.4,-632561.3287
257.6,-633033.429
257.8,-632856.6564
258.0,-632867.9874
258.2,-633330.0884
258.4,-632897.3714
258.6,-633212.421
258.8,-633428.5221
259.0,-633140.7633
259.2,-632896.255
259.4,-632779.5238
259.6,-632864.0636
259.8,-632522.8576
260.0,-632281.2628
260.2,-631818.5873
260.4,-632105.8957
260.6,-631833.7646
260.8,-631742.5981
261.0,-632380.9487
261.2,-632161.2316
261.4,-632211.7833
261.6,-632171.7137
261.8,-632414.2621
262.0,-632891.3806
262.2,-632799.3522
262.4,-632644.0314
262.6,-632638.5456
262.8,-632776.0059
263.0,-632805.7015
263.2,-632567.1777
263.4,-632625.4979
263.6,-632553.1626
263.8,-632838.4063
264.0,-632759.7324
264.2,-632713.4251
264.4,-632469.3995
264.6,-632353.0392
264.8,-632404.9952
265.0,-632582.4881
265.2,-632586.2753
265.4,-632250.4839
265.6,-632643.4603
265.8,-632519.4371
266.0,-632601.9107
266.2,-632534.3051
266.4,-632957.5531
266.6,-632904.3463
266.8,-632941.1192
267.0,-633125.2613
267.2,-632533.2303
267.4,-632862.7966
267.6,-632974.8415
267.8,-633057.4033
268.0,-633017.2481
268.2,-632937.4209
268.4,-632671.924
268.6,-632943.2127
268.8,-632392.4489
269.0,-633171.8226
269.2,-633109.3115
269.4,-632985.5373
269.6,-633197.7842
269.8,-633617.4815
270.0,-633263.8072
270.2,-633364.0634
270.4,-633080.8518
270.6,-632824.516
270.8,-632872.5173
271.0,-633478.6166
271.2,-633336.9383
271.4,-633012.3713
271.6,-632708.2646
271.8,-633144.9841
272.0,-632911.9905
272.2,-632857.6704
272.4,-633134.0414
272.6,-633122.1812
272.8,-633107.1675
273.0,-632863.5068
273.2,-633187.0734
273.4,-633215.3897
273.6,-633127.5294
273.8,-632783.1129
274.0,-632970.4937
274.2,-633227.1548
274.4,-633511.1213
274.6,-633389.6374
274.8,-633085.2789
275.0,-632903.6989
275.2,-632998.8883
275.4,-633168.6961
275.6,-633299.6268
275.8,-633468.6155
276.0,-632976.8378
276.2,-633294.1825
276.4,-633636.3943
276.6,-633439.0844
276.8,-633301.8576
277.0,-633239.4214
277.2,-633239.6679
277.4,-633579.836
277.6,-632994.1724
277.8,-633018.2174
278.0,-633063.839
278.2,-633209.0569
278.4,-632801.3426
278.6,-633031.0181
278.8,-632796.6861
279.0,-632361.4337
279.2,-632774.223
279.4,-632754.2848
279.6,-632917.6281
279.8,-633237.5013
280.0,-633047.9353
280.2,-632537.5714
280.4,-632460.8208
280.6,-632821.8414
280.8,-632630.8264
281.0,-632705.1722
281.2,-632707.7135
281.4,-632914.8318
281.6,-633543.3586
281.8,-633562.4061
282.0,-633310.1047
282.2,-633397.5772
282.4,-633473.4212
282.6,-633997.3593
282.8,-634046.2413
283.0,-633859.2317
283.2,-633638.0947
283.4,-633628.5012
283.6,-633504.0271
283.8,-633388.8073
284.0,-633486.4321
284.2,-633461.6677
284.4,-633451.8921
284.6,-633521.4868
284.8,-633656.419
285.0,-633857.2967
285.2,-634204.1975
285.4,-633729.7034
285.6,-633350.8989
285.8,-633361.1782
286.0,-633469.2532
286.2,-633350.3502
286.4,-633056.2193
286.6,-633208.2163
286.8,-633234.3731
287.0,-633380.7087
287.2,-633381.294
287.4,-633350.9231
287.6,-633863.4132
287.8,-633677.7151
288.0,-633330.4059
288.2,-633393.867
288.4,-633134.5405
288.6,-633175.6318
288.8,-633184.7012
289.0,-633309.9072
289.2,-633297.9854
289.4,-633511.703
289.6,-633494.1629
289.8,-633435.5178
290.0,-633363.2391
290.2,-633923.8997
290.4,-633511.9673
290.6,-633274.4274
290.8,-633657.5983
291.0,-633668.5296
291.2,-633655.0674
291.4,-633585.1001
291.6,-633562.2466
291.8,-633775.5829
292.0,-633557.7992
292.2,-633471.3187
292.4,-633918.9317
292.6,-633633.4059
292.8,-633748.6163
293.0,-633357.2732
293.2,-633230.3998
293.4,-633562.7214
293.6,-633378.0348
293.8,-633620.5591
294.0,-633886.4956
294.2,-633929.1544
294.4,-634070.0723
294.6,-634146.64
294.8,-634169.6863
295.0,-633619.5308
295.2,-633742.872
295.4,-634052.4935
295.6,-633766.3925
295.8,-633949.7803
296.0,-633660.6937
296.2,-633682.4389
296.4,-633560.685
296.6,-633618.7401
296.8,-633788.4175
297.0,-633277.382
297.2,-633860.1778
297.4,-633673.5822
297.6,-633338.9976
297.8,-633739.8077
298.0,-633867.9865
298.2,-633790.5839
298.4,-633841.1587
298.6,-633742.6992
298.8,-633648.2039
299.0,-633599.987
299.2,-633594.9971
299.4,-633254.1458
299.6,-633711.9867
299.8,-634113.4564
300.0,-633697.7621
300.2,-633712.0693
300.4,-633547.9189
300.6,-633592.9022
300.8,-633840.7271
301.0,-634064.3872
301.2,-633604.8916
301.4,-633930.7205
301.6,-633567.6987
301.8,-633873.8535
302.0,-634102.9343
302.2,-634144.0113
302.4,-633974.9973
302.6,-633957.8004
302.8,-634429.1808
303.0,-634634.7464
303.2,-634149.5314
303.4,-634366.4148
303.6,-633792.4436
303.8,-633400.6517
304.0,-633730.7577
304.2,-633993.0873
304.4,-633885.6322
304.6,-634357.7761
304.8,-634201.6011
305.0,-633687.5176
305.2,-633335.4989
305.4,-633168.4925
305.6,-633495.336
305.8,-633509.3061
306.0,-633487.903
306.2,-633223.4022
306.4,-633600.523
306.6,-633647.5303
306.8,-633605.4194
307.0,-633898.2857
307.2,-633661.8432
307.4,-633618.0402
307.6,-633856.1048
307.8,-633815.2268
308.0,-634212.4011
308.2,-633969.423
308.4,-633810.5205
308.6,-633950.3261
308.8,-634166.9882
309.0,-634467.2013
309.2,-634112.1798
309.4,-633950.5101
309.6,-633548.0539
309.8,-633619.5026
310.0,-633828.9114
310.2,-633103.438
310.4,-633111.9826
310.6,-632855.1123
310.8,-633292.1032
311.0,-633754.9139
311.2,-633597.2003
311.4,-633407.3787
311.6,-633721.7124
311.8,-633649.9262
312.0,-633818.5238
312.2,-633733.1441
312.4,-634150.0509
312.6,-634463.5416
312.8,-634357.4343
313.0,-634468.6063
313.2,-634592.1229
313.4,-634754.4389
313.6,-634894.4887
313.8,-634963.1792
314.0,-634846.807
314.2,-634421.7698
314.4,-634413.778
314.6,-634372.5643
314.8,-634268.5354
315.0,-634751.5042
315.2,-634682.0126
315.4,-634706.7224
315.6,-634519.0946
315.8,-634600.9607
316.0,-634386.8595
316.2,-634389.4165
316.4,-634398.369
316.6,-634156.8615
316.8,-634384.4055
317.0,-634163.6302
317.2,-634368.7003
317.4,-634141.9865
317.6,-634698.2419
317.8,-634586.9325
318.0,-634446.3625
318.2,-634298.9383
318.4,-634725.0123
318.6,-634732.3918
318.8,-634588.2296
319.0,-634580.4744
319.2,-634502.317
319.4,-634368.3973
319.6,-634151.6057
319.8,-634304.2129
320.0,-634438.1559
320.2,-634323.0129
320.4,-634395.6089
320.6,-634682.7279
320.8,-634361.488
321.0,-634471.3305
321.2,-634593.879
321.4,-634499.2641
321.6,-634486.7896
321.8,-634159.7302
322.0,-634284.9876
322.2,-634278.5189
322.4,-634245.6017
322.6,-634231.6352
322.8,-634036.382
323.0,-633916.8163
323.2,-634034.1405
323.4,-633904.4612
323.6,-634133.1274
323.8,-634542.8692
324.0,-634232.4845
324.2,-634171.2431
324.4,-634182.9824
324.6,-634288.0358
324.8,-634046.3138
325.0,-634082.9481
325.2,-634437.4299
325.4,-634416.4487
325.6,-634433.5157
325.8,-634510.8702
326.0,-634269.6481
326.2,-634163.4197
326.4,-634158.4211
326.6,-634421.322
326.8,-634574.1898
327.0,-634054.5938
327.2,-633901.6774
327.4,-633674.0651
327.6,-634232.6716
327.8,-633988.5571
328.0,-634014.8716
328.2,-634172.7693
328.4,-634159.5583
328.6,-633986.5449
328.8,-634473.7283
329.0,-634372.8204
329.2,-634961.2275
329.4,-634883.4031
329.6,-634766.2485
329.8,-634430.6511
330.0,-634252.5911
330.2,-633893.2192
330.4,-633547.3874
330.6,-634352.4517
330.8,-634281.3043
331.0,-634654.9647
331.2,-634586.0899
331.4,-634188.1394
331.6,-633945.6753
331.8,-634293.0782
332.0,-634246.1008
332.2,-634389.9141
332.4,-634421.8615
332.6,-634784.6151
332.8,-634776.9623
333.0,-634822.511
333.2,-634504.4375
333.4,-634679.9981
333.6,-634567.6684
333.8,-634607.9902
334.0,-634671.8486
334.2,-634261.7965
334.4,-633839.5241
334.6,-633843.4353
334.8,-634225.0049
335.0,-634192.1905
335.2,-633988.9138
335.4,-634315.3714
335.6,-634339.0651
335.8,-634636.6044
336.0,-634721.7955
336.2,-634262.2901
336.4,-634217.7922
336.6,-634451.9482
336.8,-634740.9097
337.0,-634554.3199
337.2,-634705.2526
337.4,-634858.6893
337.6,-635338.5914
337.8,-635192.6671
338.0,-634989.9394
338.2,-635353.0496
338.4,-635077.0342
338.6,-634771.0156
338.8,-634622.9691
339.0,-634810.3371
339.2,-634813.3238
339.4,-635179.6454
339.6,-634537.0507
339.8,-634571.8859
340.0,-634680.2509
340.2,-634679.8061
340.4,-635103.2954
340.6,-635128.5008
340.8,-635099.4661
341.0,-635172.0926
341.2,-635210.6612
341.4,-634598.1785
341.6,-634427.3821
341.8,-634474.7484
342.0,-634441.9759
342.2,-634626.6627
342.4,-634586.9788
342.6,-634436.0343
342.8,-634120.7818
343.0,-634081.6337
343.2,-634141.7341
343.4,-634204.4929
343.6,-634686.8608
343.8,-634542.2086
344.0,-634666.0745
344.2,-634539.4249
344.4,-634869.2275
344.6,-634693.4917
344.8,-634313.7371
345.0,-634751.489
345.2,-634745.4798
345.4,-635182.8778
345.6,-635408.4628
345.8,-635465.6566
346.0,-635061.5692
346.2,-635040.2155
346.4,-634764.7114
346.6,-635230.9472
346.8,-635052.6164
347.0,-635075.3387
347.2,-634874.2646
347.4,-634769.9621
347.6,-635315.7176
347.8,-635513.4263
348.0,-635514.6901
348.2,-635015.5528
348.4,-635127.3384
348.6,-634905.6838
348.8,-634993.4342
349.0,-634629.3655
349.2,-634355.0829
349.4,-634668.5758
349.6,-634748.3513
349.8,-634665.9743
350.0,-634547.4136
350.2,-634995.814
350.4,-635050.6908
350.6,-635243.3601
350.8,-634840.0973
351.0,-634652.7857
351.2,-634850.2403
351.4,-635054.8151
351.6,-634905.6812
351.8,-634883.9463
352.0,-635134.991
352.2,-635007.8585
352.4,-635411.4898
352.6,-635232.4738
352.8,-635044.9979
353.0,-634877.1128
353.2,-635031.9987
353.4,-635262.9729
353.6,-634819.5851
353.8,-634711.8099
354.0,-634778.3003
354.2,-635491.746
354.4,-635531.2872
354.6,-635754.1692
354.8,-635533.8319
355.0,-635788.752
355.2,-635903.48
355.4,-635779.8121
355.6,-635813.9246
355.8,-635891.8967
356.0,-635889.8377
356.2,-635520.5437
356.4,-635422.4464
356.6,-635489.5726
356.8,-635266.8539
357.0,-635291.2853
357.2,-635164.6149
357.4,-635171.5791
357.6,-634741.4225
357.8,-634960.3987
358.0,-635182.1184
358.2,-635391.9882
358.4,-635403.1459
358.6,-634888.2458
358.8,-635007.5076
359.0,-635047.5912
359.2,-635102.4501
359.4,-634705.3267
359.6,-634991.1714
359.8,-634611.7956
360.0,-635076.3176
360.2,-635009.4705
360.4,-634910.1562
360.6,-635247.571
360.8,-635075.8261
361.0,-634912.9177
361.2,-635060.3743
361.4,-635134.2087
361.6,-635619.899
361.8,-635465.5575
362.0,-635646.1379
362.2,-635114.2137
362.4,-634658.2563
362.6,-634603.7448
362.8,-634229.9359
363.0,-634276.3169
363.2,-634519.9429
363.4,-634891.7894
363.6,-634195.0555
363.8,-634520.5344
364.0,-634462.7969
364.2,-634512.2542
364.4,-634905.1565
364.6,-634994.2406
364.8,-635212.9301
365.0,-635213.6205
365.2,-635332.3632
365.4,-635097.5606
365.6,-635119.9779
365.8,-634545.6835
366.0,-634363.4308
366.2,-634319.2278
366.4,-634464.3096
366.6,-634640.8045
366.8,-634709.4648
367.0,-634677.0994
367.2,-634693.2457
367.4,-635109.2065
367.6,-635093.1828
367.8,-634734.4787
368.0,-635005.7708
368.2,-635232.1615
368.4,-634719.9278
368.6,-634739.5032
368.8,-634996.8247
369.0,-634864.3492
369.2,-635038.7626
369.4,-635117.1751
369.6,-635257.9754
369.8,-634955.8993
370.0,-634922.3794
370.2,-634665.3592
370.4,-634897.329
370.6,-634561.3511
370.8,-635130.6303
371.0,-635397.2883
371.2,-635402.8082
371.4,-635239.9686
371.6,-634965.7059
371.8,-634928.6968
372.0,-634982.3204
372.2,-634996.0641
372.4,-635222.7681
372.6,-634817.6185
372.8,-634784.7963
373.0,-634718.2935
373.2,-635053.5805
373.4,-635400.5196
373.6,-635629.0875
373.8,-635923.2075
374.0,-636014.3868
374.2,-635035.3428
374.4,-634731.3632
374.6,-634955.9754
374.8,-634688.6942
375.0,-634693.2777
375.2,-634777.6201
375.4,-634733.0128
375.6,-635241.0708
375.8,-635180.205
376.0,-635211.4915
376.2,-634364.6592
376.4,-634229.729
376.6,-634171.9125
376.8,-634402.6594
377.0,-634543.2421
377.2,-634645.7927
377.4,-634700.5701
377.6,-634777.574
377.8,-634935.7765
378.0,-634833.6658
378.2,-634447.6512
378.4,-634792.4707
378.6,-634414.2607
378.8,-634267.2595
379.0,-634765.5971
379.2,-635165.758
379.4,-635633.0298
379.6,-635669.4357
379.8,-635304.796
380.0,-635333.0774
380.2,-635557.6167
380.4,-635668.5646
380.6,-635115.2577
380.8,-635547.7428
381.0,-635321.0111
381.2,-635375.3288
381.4,-635356.93
381.6,-635453.6039
381.8,-635651.3404
382.0,-635691.3703
382.2,-635559.855
382.4,-635606.6685
382.6,-635552.9369
382.8,-635659.5086
383.0,-635008.8087
383.2,-634896.6968
383.4,-634740.7882
383.6,-634751.549
383.8,-634921.8775
384.0,-635074.9646
384.2,-635079.5734
384.4,-635403.61
384.6,-635185.1124
384.8,-635402.3211
385.0,-635860.6894
385.2,-635810.0816
385.4,-636076.16
385.6,-635711.3067
385.8,-635908.4601
386.0,-635522.3407
386.2,-635580.3112
386.4,-635551.1913
386.6,-635385.0437
386.8,-635219.2214
387.0,-635093.772
387.2,-635116.9606
387.4,-635286.1702
387.6,-635431.5666
387.8,-635123.3103
388.0,-635006.2621
388.2,-635188.9268
388.4,-634596.1292
388.6,-634605.3397
388.8,-635161.1182
389.0,-635503.3261
389.2,-635470.9346
389.4,-635194.8187
389.6,-635199.6512
389.8,-635638.4171
390.0,-635859.9008
390.2,-635630.5941
390.4,-635467.7191
390.6,-635443.4226
390.8,-635303.0529
391.0,-635425.2811
391.2,-635026.0083
391.4,-635232.5158
391.6,-635130.992
391.8,-635461.6376
392.0,-635941.7688
392.2,-635777.8166
392.4,-635948.2218
392.6,-635926.6707
392.8,-635794.3467
393.0,-635986.7594
393.2,-635612.5299
393.4,-635501.3576
393.6,-635325.4809
393.8,-635423.3423
394.0,-635711.7059
394.2,-635743.5812
394.4,-635536.0298
394.6,-635248.6793
394.8,-635221.7077
395.0,-635189.0116
395.2,-635447.0888
395.4,-635519.8337
395.6,-635466.9115
395.8,-635565.8776
396.0,-635595.5441
396.2,-635584.2214
396.4,-635960.1489
396.6,-635288.5359
396.8,-635334.3382
397.0,-635421.4962
397.2,-635620.8369
397.4,-635453.1375
397.6,-635442.8368
397.8,-635449.3099
398.0,-635251.8428
398.2,-635440.0954
398.4,-635329.1403
398.6,-635008.4104
398.8,-635171.4615
399.0,-635340.7612
399.2,-635325.5386
399.4,-635732.6541
399.6,-635470.5159
399.8,-635921.9468
400.0,-635339.0082
400.2,-635595.6533
400.4,-635585.9115
400.6,-635123.7207
400.8,-634920.687
401.0,-635479.1134
401.2,-635150.1323
401.4,-635169.6047
401.6,-635258.4982
401.8,-635673.7956
402.0,-635954.0047
402.2,-635871.4587
402.4,-635728.3674
402.6,-635377.0283
402.8,-635460.4263
403.0,-635380.2357
403.2,-635753.3948
403.4,-635594.7584
403.6,-635829.0022
403.8,-636193.8751
404.0,-636051.7765
404.2,-635502.1709
404.4,-635731.975
404.6,-635883.0501
404.8,-636204.8847
405.0,-635882.429
405.2,-635706.931
405.4,-635467.2452
405.6,-635591.3345
405.8,-635968.0775
406.0,-636023.3436
406.2,-635632.0
406.4,-635746.6277
406.6,-635881.2599
406.8,-635564.9107
407.0,-635550.4633
407.2,-635166.3942
407.4,-634934.5604
407.6,-634928.2832
407.8,-635517.3696
408.0,-635357.9249
408.2,-635218.045
408.4,-635738.8233
408.6,-635467.194
408.8,-635533.7526
409.0,-635782.3492
409.2,-635499.0269
409.4,-635254.5503
409.6,-635602.4966
409.8,-635539.9218
410.0,-635115.3959
410.2,-635391.0764
410.4,-635567.2319
410.6,-635644.457
410.8,-636184.6769
411.0,-635935.1201
411.2,-635862.7291
411.4,-635406.0233
411.6,-635605.7992
411.8,-635704.957
412.0,-635720.3878
412.2,-635712.6233
412.4,-635557.1055
412.6,-635431.9565
412.8,-635314.0716
413.0,-635473.4454
413.2,-635819.9535
413.4,-635814.1648
413.6,-635737.8451
413.8,-636608.1901
414.0,-636039.0779
414.2,-636290.6957
414.4,-636017.8497
414.6,-635668.6529
414.8,-635813.8926
415.0,-635539.1057
415.2,-635742.9823
415.4,-635714.6846
415.6,-635884.9689
415.8,-636099.8416
416.0,-635665.8723
416.2,-635870.4788
416.4,-635692.8764
416.6,-635682.9098
416.8,-635839.5068
417.0,-636109.2348
417.2,-635539.843
417.4,-635699.1374
417.6,-635787.5921
417.8,-635606.202
418.0,-635543.0405
418.2,-635242.7343
418.4,-635722.2296
418.6,-635648.4852
418.8,-635741.0441
419.0,-635634.8248
419.2,-635623.8702
419.4,-635777.589
419.6,-635480.1313
419.8,-635285.4324
420.0,-635341.8028
420.2,-635577.0338
420.4,-635133.7524
420.6,-635840.9434
420.8,-635522.4022
421.0,-635415.0208
421.2,-635488.6506
421.4,-635639.6532
421.6,-635827.0844
421.8,-635641.0161
422.0,-635877.4774
422.2,-635505.4348
422.4,-636067.5152
422.6,-635862.9725
422.8,-635830.7202
423.0,-636001.9366
423.2,-635899.8456
423.4,-636126.6421
423.6,-636314.4911
423.8,-636280.303
424.0,-636125.4725
424.2,-636455.3834
424.4,-636808.8661
424.6,-636454.3081
424.8,-636470.0623
425.0,-636519.0704
425.2,-636429.3488
425.4,-635927.9869
425.6,-635693.3444
425.8,-635473.2218
426.0,-635504.9351
426.2,-635570.413
426.4,-635692.7848
426.6,-635582.2555
426.8,-635960.8579
427.0,-635970.8921
427.2,-635984.8107
427.4,-635942.3826
427.6,-636128.88
427.8,-636143.5629
428.0,-636053.2822
428.2,-635952.5681
428.4,-635647.0882
428.6,-635431.2869
428.8,-635506.1984
429.0,-635930.1573
429.2,-636458.6226
429.4,-635993.6832
429.6,-635718.6021
429.8,-635662.8369
430.0,-635900.1836
430.2,-635874.2178
430.4,-636156.8487
430.6,-635843.0026
430.8,-635723.054
431.0,-635672.0534
431.2,-635980.6693
431.4,-635743.4732
431.6,-635802.2447
431.8,-635595.1377
432.0,-635736.5161
432.2,-636218.7775
432.4,-636444.2672
432.6,-636611.369
432.8,-636195.5075
433.0,-636113.5856
433.2,-636349.1308
433.4,-636106.9949
433.6,-635690.3845
433.8,-635383.2374
434.0,-635288.9214
434.2,-635356.3656
434.4,-635488.857
434.6,-635452.6043
434.8,-635682.7805
435.0,-635612.3953
435.2,-635757.6541
435.4,-636420.9394
435.6,-636155.7432
435.8,-635956.0803
436.0,-635940.1013
436.2,-635950.7144
436.4,-635588.4961
436.6,-635504.5619
436.8,-635808.8667
437.0,-635997.1931
437.2,-636278.3963
437.4,-636547.2944
437.6,-636190.9798
437.8,-636276.9723
438.0,-636630.3173
438.2,-636730.2915
438.4,-636749.9741
438.6,-635937.0456
438.8,-635907.6675
439.0,-635776.0271
439.2,-635720.7999
439.4,-635931.0189
439.6,-636078.0541
439.8,-636213.2302
440.0,-635622.5717
440.2,-635629.7479
440.4,-635770.3322
440.6,-635870.5747
440.8,-636101.4863
441.0,-635949.7909
441.2,-635984.3514
441.4,-636010.7474
441.6,-635676.8941
441.8,-636154.0163
442.0,-636230.782
442.2,-635821.9814
442.4,-636167.0481
442.6,-636383.6134
442.8,-636423.2713
443.0,-636406.3706
443.2,-636387.9243
443.4,-636309.8643
443.6,-636107.5734
443.8,-636292.4205
444.0,-636602.2865
444.2,-636561.0615
444.4,-636228.2055
444.6,-636305.6092
444.8,-636265.863
445.0,-636289.093
445.2,-636423.1691
445.4,-636531.4716
445.6,-636499.7136
445.8,-636411.0679
446.0,-635932.2584
446.2,-635919.9102
446.4,-636478.5325
446.6,-636440.6437
446.8,-636458.9633
447.0,-636628.5094
447.2,-636314.6958
447.4,-635723.144
447.6,-635620.8643
447.8,-635622.1274
448.0,-635921.7591
448.2,-635844.8416
448.4,-636166.9876
448.6,-636135.4265
448.8,-636110.0141
449.0,-636162.7023
449.2,-636614.7406
449.4,-636159.1591
449.6,-636554.6432
449.8,-636273.4894
450.0,-636248.462
450.2,-636132.3991
450.4,-636307.4551
450.6,-636800.0091
450.8,-637091.1382
451.0,-637018.3885
451.2,-636983.5586
451.4,-636625.7962
451.6,-636574.1684
451.8,-636583.0951
452.0,-636688.1323
452.2,-636489.7143
452.4,-636305.6624
452.6,-636127.1348
452.8,-636538.5812
453.0,-636707.7235
453.2,-636452.7137
453.4,-636249.4797
453.6,-636387.872
453.8,-636321.5756
454.0,-636301.2594
454.2,-636632.8398
454.4,-636712.9382
454.6,-636583.4501
454.8,-636217.0218
455.0,-636570.746
455.2,-636437.1126
455.4,-635875.0477
455.6,-635392.6244
455.8,-635625.2661
456.0,-635859.1137
456.2,-636108.8561
456.4,-636158.6075
456.6,-636393.9378
456.8,-636567.0653
457.0,-636210.4546
457.2,-636094.8888
457.4,-636111.5131
457.6,-636304.8523
457.8,-636556.3952
458.0,-636351.4278
458.2,-635682.1694
458.4,-635137.0816
458.6,-636011.21
458.8,-636363.2904
459.0,-636168.1982
459.2,-636402.677
459.4,-636296.5234
459.6,-636014.3268
459.8,-636357.6222
460.0,-636051.1655
460.2,-636237.3579
460.4,-636577.7327
460.6,-636278.5014
460.8,-636343.5022
461.0,-636146.0838
461.2,-636396.7519
461.4,-636428.6163
461.6,-636181.6288
461.8,-636248.2482
462.0,-636284.5352
462.2,-636238.6105
462.4,-636024.927
462.6,-636185.1336
462.8,-635773.9596
463.0,-636144.6959
463.2,-636235.242
463.4,-636546.3823
463.6,-636478.5085
463.8,-636547.3548
464.0,-636646.511
464.2,-636443.51
464.4,-636328.0453
464.6,-636186.8947
464.8,-636017.1381
465.0,-636113.2577
465.2,-636047.1655
465.4,-636331.9682
465.6,-636431.7761
465.8,-636405.8923
466.0,-636182.2237
466.2,-636579.4144
466.4,-636438.4292
466.6,-636324.5229
466.8,-636304.8337
467.0,-636760.3183
467.2,-636996.1918
467.4,-636712.2395
467.6,-636819.5209
467.8,-636662.2374
468.0,-636333.9854
468.2,-636126.4873
468.4,-635646.8662
468.6,-635719.547
468.8,-635708.1255
469.0,-635979.8488
469.2,-636440.4745
469.4,-636533.499
469.6,-636578.1079
469.8,-636944.3891
470.0,-637075.7397
470.2,-637230.9544
470.4,-637074.4267
470.6,-636827.8271
470.8,-636949.7352
471.0,-636366.232
471.2,-636457.2953
471.4,-636131.4345
471.6,-635785.798
471.8,-635712.6471
472.0,-636425.7539
472.2,-636061.0982
472.4,-636193.7163
472.6,-636518.5567
472.8,-636418.8935
473.0,-636210.8452
473.2,-636369.5456
473.4,-636194.3439
473.6,-636449.9545
473.8,-636588.0478
474.0,-636805.5952
474.2,-636414.4913
474.4,-636176.4127
474.6,-636057.3948
474.8,-636016.5289
475.0,-635747.0577
475.2,-635638.78
475.4,-635988.3054
475.6,-636176.1587
475.8,-636324.3219
476.0,-636711.8497
476.2,-636486.7918
476.4,-636519.1507
476.6,-636524.4973
476.8,-635909.3649
477.0,-635968.8436
477.2,-636034.8724
477.4,-635555.8827
477.6,-635463.3691
477.8,-635507.6797
478.0,-635780.1443
478.2,-635967.0642
478.4,-636292.9243
478.6,-636163.0286
478.8,-636260.1995
479.0,-635983.1692
479.2,-636055.2995
479.4,-636131.6147
479.6,-636564.8954
479.8,-636801.3612
480.0,-636492.1106
480.2,-636773.1409
480.4,-636505.8062
480.6,-636621.2593
480.8,-636382.2974
481.0,-636480.7802
481.2,-636337.2879
481.4,-636795.8225
481.6,-636314.0148
481.8,-636544.5206
482.0,-636657.7666
482.2,-636564.7876
482.4,-636850.3975
482.6,-636599.1061
482.8,-636579.1877
483.0,-636925.8307
483.2,-637030.7546
483.4,-636948.5181
483.6,-636429.9888
483.8,-636570.8431
484.0,-636721.7823
484.2,-636610.7286
484.4,-636387.9171
484.6,-636678.3412
484.8,-637025.3433
485.0,-637142.9635
485.2,-637120.2238
485.4,-636718.9188
485.6,-636238.8053
485.8,-636267.2939
486.0,-636552.1505
486.2,-636671.4095
486.4,-636657.4646
486.6,-636767.8947
486.8,-636826.0948
487.0,-637004.6491
487.2,-636647.3048
487.4,-636567.3672
487.6,-636294.3126
487.8,-636815.7872
488.0,-636588.1876
488.2,-637045.8227
488.4,-636932.2943
488.6,-636592.5341
488.8,-636358.1034
489.0,-636626.0966
489.2,-636710.7528
489.4,-636771.813
489.6,-636879.174
489.8,-636861.9653
490.0,-636077.9061
490.2,-635797.9363
490.4,-636326.4829
490.6,-636757.1697
490.8,-636285.0934
491.0,-636328.0593
491.2,-636567.0875
491.4,-636408.0331
491.6,-636734.6498
491.8,-636984.734
492.0,-636806.1118
492.2,-636815.212
492.4,-636136.9116
492.6,-636229.2218
492.8,-636139.9746
493.0,-636010.2066
493.2,-635938.4701
493.4,-636313.0601
493.6,-636305.0214
493.8,-636501.4279
494.0,-636903.8634
494.2,-636554.9339
494.4,-636426.0985
494.6,-636422.2531
494.8,-636727.3905
495.0,-636751.6452
495.2,-636660.5692
495.4,-636791.5538
495.6,-637291.1772
495.8,-637077.4658
496.0,-636799.7033
496.2,-636803.3463
496.4,-637243.4583
496.6,-637309.8923
496.8,-637414.3529
497.0,-637704.319
497.2,-637371.6542
497.4,-637353.4034
497.6,-637411.0942
497.8,-637234.493
498.0,-637373.609
498.2,-637089.0415
498.4,-636701.9745
498.6,-637044.7867
498.8,-636858.3382
499.0,-636333.4729
499.2,-636725.7889
499.4,-637135.9851
499.6,-637165.2431
499.8,-637105.5765
500.0,-637111.2773
500.2,-637204.6975
500.4,-637156.5718
500.6,-637114.8742
500.8,-636891.3576
501.0,-637037.0212
501.2,-637135.2421
501.4,-637318.9879
501.6,-636868.4492
501.8,-637099.8221
502.0,-637586.8734
502.2,-637203.8819
502.4,-637056.8883
502.6,-637335.8192
502.8,-637139.4618
503.0,-637052.3134
503.2,-637237.7394
503.4,-636799.6744
503.6,-636923.8679
503.8,-636864.9214
504.0,-637101.6559
504.2,-637305.5784
504.4,-637367.5804
504.6,-637141.5501
504.8,-637145.9432
505.0,-636823.753
505.2,-636712.937
505.4,-636633.9457
505.6,-636140.23
505.8,-636089.4837
506.0,-636361.0883
506.2,-636654.5026
506.4,-636615.8281
506.6,-636181.5092
506.8,-636364.1234
507.0,-636501.0149
507.2,-636897.8997
507.4,-636801.2931
507.6,-636986.7919
507.8,-636811.2652
508.0,-636354.2712
508.2,-636273.0564
508.4,-636593.6288
508.6,-636630.8281
508.8,-636749.3652
509.0,-636803.9614
509.2,-636377.9547
509.4,-636634.1621
509.6,-636560.0382
509.8,-636975.6696
510.0,-637016.3563
510.2,-637212.2138
510.4,-637090.7042
510.6,-637064.2965
510.8,-637127.6891
511.0,-637344.6936
511.2,-637292.2383
511.4,-637399.7
511.6,-636942.9056
511.8,-637178.1171
512.0,-637157.6361
512.2,-637120.2017
512.4,-637314.3919
512.6,-637247.1271
512.8,-637364.9622
513.0,-637419.4178
513.2,-637337.3264
513.4,-637357.0157
513.6,-637461.9334
513.8,-637495.6624
514.0,-637496.7842
514.2,-637134.1292
514.4,-636914.1201
514.6,-637623.0827
514.8,-637359.1147
515.0,-637501.8772
515.2,-637128.087
515.4,-636920.804
515.6,-637026.3433
515.8,-636845.4976
516.0,-636591.447
516.2,-636721.9023
516.4,-636644.6022
516.6,-636503.6962
516.8,-636514.7945
517.0,-636360.9408
517.2,-636309.4703
517.4,-636409.8184
517.6,-636253.1158
517.8,-636237.63
518.0,-636328.1252
518.2,-636280.2481
518.4,-636181.5763
518.6,-636762.4661
518.8,-636725.9054
519.0,-636770.9278
519.2,-637125.852
519.4,-637141.4001
519.6,-636976.6281
519.8,-637092.6461
520.0,-637009.7756
520.2,-636709.0392
520.4,-636841.448
520.6,-636999.6579
520.8,-637478.4148
521.0,-637093.9548
521.2,-636794.9696
521.4,-637078.8812
521.6,-637302.8139
521.8,-637529.3586
522.0,-637208.8477
522.2,-636942.1806
522.4,-637035.8555
522.6,-637765.3508
522.8,-637698.9329
523.0,-637633.5829
523.2,-637672.769
523.4,-637235.7691
523.6,-637422.0488
523.8,-636864.9818
524.0,-636981.194
524.2,-636836.9998
524.4,-636959.8654
524.6,-636987.5172
524.8,-637185.7329
525.0,-636590.3345
525.2,-636987.5947
525.4,-637011.2476
525.6,-636543.2213
525.8,-636411.3995
526.0,-636609.3518
526.2,-637103.8372
526.4,-637080.972
526.6,-637170.3661
526.8,-637051.3506
527.0,-637244.1911
527.2,-637195.4288
527.4,-637047.2086
527.6,-637561.1407
527.8,-637482.2424
528.0,-636913.4116
528.2,-636873.258
528.4,-636798.976
528.6,-637192.0206
528.8,-637047.6136
529.0,-637519.4351
529.2,-637659.7952
529.4,-637501.3166
529.6,-637497.8751
529.8,-637572.8213
530.0,-637516.3964
530.2,-637224.8117
530.4,-637185.71
530.6,-637197.739
530.8,-637394.3094
531.0,-637656.4136
531.2,-637270.4235
531.4,-637254.9179
531.6,-637346.5111
531.8,-636986.5034
532.0,-636548.0514
532.2,-636374.7978
532.4,-636610.5107
532.6,-637352.8576
532.8,-637274.4325
533.0,-637681.0283
533.2,-637317.1641
533.4,-636735.6662
533.6,-636879.9774
533.8,-636907.6415
534.0,-637170.5567
534.2,-637417.169
534.4,-637625.7807
534.6,-637417.5932
534.8,-637512.6859
535.0,-637465.0832
535.2,-637445.7975
535.4,-637678.7332
535.6,-637918.1229
535.8,-637735.6282
536.0,-637696.2992
536.2,-637678.9019
536.4,-637399.0723
536.6,-637248.0196
536.8,-637167.7821
537.0,-636801.9189
537.2,-636651.5786
537.4,-636708.3448
537.6,-636455.8162
537.8,-636775.1204
538.0,-637082.1159
538.2,-637409.0587
538.4,-637365.751
538.6,-637312.5434
538.8,-637287.1255
539.0,-637346.0902
539.2,-637456.0473
539.4,-637384.417
539.6,-637328.7843
539.8,-637521.7852
540.0,-637657.4119
540.2,-637823.4154
540.4,-637624.2911
540.6,-637774.5335
540.8,-637961.0756
541.0,-637531.2493
541.2,-637923.4564
541.4,-637578.0993
541.6,-637615.3593
541.8,-636895.6872
542.0,-636789.8673
542.2,-636605.2514
542.4,-636260.2375
542.6,-636614.6053
542.8,-636504.4806
543.0,-636974.6962
543.2,-636915.6329
543.4,-637126.0625
543.6,-637581.89
543.8,-637315.5467
544.0,-637607.8985
544.2,-637466.5109
544.4,-637456.7003
544.6,-637433.2768
544.8,-637242.9722
545.0,-637550.1219
545.2,-637394.6442
545.4,-637357.3421
545.6,-637396.4024
545.8,-637523.4231
546.0,-637735.8626
546.2,-637547.8216
546.4,-637445.7316
546.6,-637563.0044
546.8,-637307.5431
547.0,-636917.283
547.2,-637143.0585
547.4,-637138.3846
547.6,-636973.663
547.8,-637120.6299
548.0,-637102.0906
548.2,-636928.0204
548.4,-636788.4922
548.6,-636739.9841
548.8,-637285.0717
549.0,-637305.2543
549.2,-637366.5701
549.4,-637137.225
549.6,-637041.7825
549.8,-637274.7075
550.0,-637300.1315
550.2,-637475.1283
550.4,-637525.2093
550.6,-637609.2866
550.8,-637516.0059
551.0,-637638.7402
551.2,-637860.7101
551.4,-637896.9851
551.6,-637398.1171
551.8,-637679.677
552.0,-637448.8712
552.2,-637160.7955
552.4,-637460.1456
552.6,-637090.388
552.8,-637116.4542
553.0,-637291.6365
553.2,-637339.535
553.4,-637746.8126
553.6,-637672.8268
553.8,-637679.499
554.0,-637760.7832
554.2,-637816.5983
554.4,-637763.0095
554.6,-637769.5684
554.8,-638010.211
555.0,-637811.2331
555.2,-638091.2131
555.4,-637859.2524
555.6,-637529.1525
555.8,-637684.7392
556.0,-637474.4882
556.2,-636961.8
556.4,-637275.1753
556.6,-637175.6123
556.8,-637916.308
557.0,-637663.7223
557.2,-637545.4749
557.4,-637635.8248
557.6,-637763.4598
557.8,-637931.2706
558.0,-638031.4417
558.2,-638154.7355
558.4,-638245.657
558.6,-637849.4649
558.8,-637541.9085
559.0,-637952.0596
559.2,-638189.3385
559.4,-637641.1355
559.6,-637375.4522
559.8,-637413.5204
560.0,-637726.8756
560.2,-637118.9714
560.4,-636919.9622
560.6,-637215.9132
560.8,-637375.1079
561.0,-637400.0762
561.2,-636689.3519
561.4,-637331.6868
561.6,-636905.6009
561.8,-636907.2142
562.0,-637100.5214
562.2,-637704.2169
562.4,-637861.4429
562.6,-637938.5653
562.8,-637847.3767
563.0,-638160.05
563.2,-637811.5727
563.4,-638099.8278
563.6,-637816.3569
563.8,-637679.3738
564.0,-637662.4707
564.2,-637914.7762
564.4,-637895.1095
564.6,-637669.565
564.8,-637849.948
565.0,-638228.936
565.2,-637693.7158
565.4,-637941.6992
565.6,-638259.855
565.8,-638118.2918
566.0,-637904.2376
566.2,-638104.8101
566.4,-637927.3544
566.6,-637555.3298
566.8,-637537.4354
567.0,-637752.9582
567.2,-637729.5316
567.4,-637872.4698
567.6,-637801.5294
567.8,-637695.7289
568.0,-637655.3537
568.2,-637708.612
568.4,-637442.0442
568.6,-637078.4453
568.8,-637111.2762
569.0,-637377.3467
569.2,-637623.8506
569.4,-637752.0504
569.6,-637876.6154
569.8,-637514.3499
570.0,-637801.5505
570.2,-637917.9076
570.4,-638043.4034
570.6,-638023.6748
570.8,-638375.0731
571.0,-637886.4454
571.2,-638216.4956
571.4,-638267.1342
571.6,-638228.053
571.8,-637950.7103
572.0,-637916.6737
572.2,-638184.5921
572.4,-638044.8488
572.6,-637883.4231
572.8,-637323.2127
573.0,-637251.8401
573.2,-637205.5502
573.4,-637489.7179
573.6,-637390.8143
573.8,-637730.3909
574.0,-637713.2344
574.2,-637581.474
574.4,-637874.4718
574.6,-638093.4733
574.8,-637868.9526
575.0,-638154.6416
575.2,-638364.7256
575.4,-638068.0465
575.6,-638245.2744
575.8,-638120.1625
576.0,-637999.5161
576.2,-637520.5112
576.4,-637752.4204
576.6,-637739.0501
576.8,-637458.9568
577.0,-637224.8985
577.2,-638008.0572
577.4,-638091.983
577.6,-638088.351
577.8,-638123.2734
578.0,-637900.5426
578.2,-638157.7028
578.4,-637443.1506
578.6,-637594.1965
578.8,-637518.5785
579.0,-637319.2847
579.2,-637888.2632
579.4,-637624.1752
579.6,-637985.9796
579.8,-637593.5543
580.0,-637454.9046
580.2,-637994.2261
580.4,-637859.1194
580.6,-637904.1077
580.8,-637406.4513
581.0,-637546.1634
581.2,-637752.6361
581.4,-638140.4018
581.6,-637648.4727
581.8,-637953.0678
582.0,-638604.409
582.2,-638263.0767
582.4,-638081.9816
582.6,-638000.0098
582.8,-638236.5969
583.0,-637760.62
583.2,-637979.9364
583.4,-637827.2459
583.6,-637827.1536
583.8,-637534.5161
584.0,-637726.3058
584.2,-637587.4944
584.4,-637465.4457
584.6,-637616.5475
584.8,-637496.9846
585.0,-636748.1725
585.2,-636414.0809
585.4,-636848.8013
585.6,-637467.254
585.8,-637272.8417
586.0,-637367.0557
586.2,-637256.0373
586.4,-637652.5852
586.6,-637440.8113
586.8,-637682.1898
587.0,-637741.9303
587.2,-638076.2807
587.4,-637763.5034
587.6,-638299.4436
587.8,-637748.9012
588.0,-637893.3658
588.2,-637813.2414
588.4,-637607.0938
588.6,-638011.2905
588.8,-638281.4151
589.0,-638304.703
589.2,-638076.2451
589.4,-637977.035
589.6,-637999.1381
589.8,-638317.6917
590.0,-638315.8949
590.2,-638436.8698
590.4,-637849.7047
590.6,-638089.6005
590.8,-637662.0219
591.0,-638188.3911
591.2,-638019.554
591.4,-637871.997
591.6,-637830.0138
591.8,-637479.4892
592.0,-637505.7699
592.2,-637983.0806
592.4,-638077.9565
592.6,-637892.0637
592.8,-637818.0148
593.0,-637871.3723
593.2,-638139.342
593.4,-637932.8576
593.6,-637619.901
593.8,-637780.3926
594.0,-637813.1573
594.2,-637905.8231
594.4,-638148.4743
594.6,-637942.9498
594.8,-637783.1728
595.0,-637738.0616
595.2,-637971.3259
595.4,-638388.9843
595.6,-638282.411
595.8,-638009.0056
596.0,-637844.5472
596.2,-637790.4155
596.4,-637771.5022
596.6,-637910.9
596.8,-638169.1233
597.0,-637796.3184
597.2,-637985.7146
597.4,-637899.837
597.6,-637840.4995
597.8,-637611.5469
598.0,-638000.6364
598.2,-638078.4274
598.4,-638038.8919
598.6,-637925.9294
598.8,-637975.599
599.0,-638137.0887
599.2,-637901.1289
599.4,-637968.964
599.6,-637768.5614
599.8,-638095.3275
600.0,-637773.2172
600.2,-638118.5772
600.4,-638242.8872
600.6,-638021.6989
600.8,-638409.2888
601.0,-638135.7401
601.2,-637742.8584
601.4,-637883.2175
601.6,-637556.3565
601.8,-637844.1115
602.0,-637704.1641
602.2,-637894.0449
602.4,-637845.36
602.6,-638221.7813
602.8,-638364.967
603.0,-638334.9806
603.2,-638429.4214
603.4,-637882.174
603.6,-637920.437
603.8,-638052.1241
604.0,-637878.0502
604.2,-638048.735
604.4,-638346.5423
604.6,-638421.2976
604.8,-638051.4567
605.0,-638419.9561
605.2,-638589.1975
605.4,-638327.3886
605.6,-638121.2525
605.8,-637881.5074
606.0,-637964.8221
606.2,-637965.8729
606.4,-637850.7464
606.6,-638135.8737
606.8,-637572.717
607.0,-637647.0158
607.2,-637549.7983
607.4,-637779.1851
607.6,-637098.8829
607.8,-637401.5119
608.0,-637334.2618
608.2,-637525.4875
608.4,-637841.2365
608.6,-637692.0092
608.8,-637891.6176
609.0,-638046.478
609.2,-638314.7792
609.4,-638803.8405
609.6,-638393.2301
609.8,-638236.8673
610.0,-638381.5161
610.2,-638231.4239
610.4,-637768.8528
610.6,-637971.131
610.8,-637997.1021
611.0,-638253.7103
611.2,-638134.3641
611.4,-638399.6684
611.6,-638131.2766
611.8,-638095.2445
612.0,-638349.5699
612.2,-638063.2923
612.4,-638734.0444
612.6,-638540.1179
612.8,-638292.1094
613.0,-638408.3423
613.2,-638546.2254
613.4,-638613.9161
613.6,-638892.6159
613.8,-638521.125
614.0,-638326.0007
614.2,-638083.2523
614.4,-638274.8513
614.6,-638371.0273
614.8,-638283.5304
615.0,-638000.1894
615.2,-638471.9099
615.4,-638513.9529
615.6,-638034.8432
615.8,-638084.2532
616.0,-637825.0659
616.2,-637926.6808
616.4,-637814.2311
616.6,-637484.7576
616.8,-637686.1582
617.0,-637861.0636
617.2,-637706.396
617.4,-637778.1748
617.6,-638219.9321
617.8,-638184.984
618.0,-637550.6581
618.2,-637565.175
618.4,-637360.7691
618.6,-637311.6345
618.8,-637227.8454
619.0,-637584.0254
619.2,-637589.6493
619.4,-637678.658
619.6,-637765.8068
619.8,-637925.6086
620.0,-637946.6723
620.2,-637795.1214
620.4,-638211.4051
620.6,-638163.6279
620.8,-637810.1499
621.0,-638010.6702
621.2,-637909.975
621.4,-638182.1202
621.6,-638195.5416
621.8,-637994.3556
622.0,-638133.684
622.2,-638034.8443
622.4,-637605.9447
622.6,-637509.2093
622.8,-638190.8901
623.0,-638345.2283
623.2,-638276.8177
623.4,-638055.279
623.6,-638032.6011
623.8,-638100.1759
624.0,-637593.8596
624.2,-637650.899
624.4,-637406.4949
624.6,-637693.2149
624.8,-637750.6555
625.0,-637621.9164
625.2,-637693.2494
625.4,-637759.14
625.6,-638002.3592
625.8,-637628.3656
626.0,-637720.8299
626.2,-637331.18
626.4,-637256.5852
626.6,-637400.0328
626.8,-637783.6963
627.0,-637949.9042
627.2,-637709.1755
627.4,-637720.3187
627.6,-637549.5127
627.8,-637670.3629
628.0,-637487.4813
628.2,-638019.3413
628.4,-638325.5444
628.6,-638384.3026
628.8,-638508.9054
629.0,-638705.6274
629.2,-638410.3222
629.4,-638789.1149
629.6,-638402.8763
629.8,-638506.6776
630.0,-638386.4754
630.2,-638290.9237
630.4,-638520.357
630.6,-638491.2204
630.8,-638027.8955
631.0,-638076.7572
631.2,-637358.1622
631.4,-637227.773
631.6,-637421.4958
631.8,-637522.4806
632.0,-637988.0018
632.2,-638199.1351
632.4,-638345.9528
632.6,-638044.0568
632.8,-637633.6604
633.0,-637784.1748
633.2,-637909.8856
633.4,-638145.2011
633.6,-638411.3381
633.8,-638609.9748
634.0,-638070.341
634.2,-637946.8997
634.4,-638259.8696
634.6,-638217.9485
634.8,-638129.7983
635.0,-638382.2795
635.2,-638170.2067
635.4,-638353.8468
635.6,-638529.3029
635.8,-638628.9893
636.0,-638378.6818
636.2,-638080.6167
636.4,-637675.2583
636.6,-637551.9585
636.8,-637640.8146
637.0,-637970.6865
637.2,-638384.0623
637.4,-638560.3888
637.6,-638557.2108
637.8,-638395.9658
638.0,-637757.4567
